index,low_x,low_y,low_z,high_x,high_y,high_z,left,right,count,leaf_count,depth
0,-5,0,-5,5,0.23999999463558197,5,1,336,770,0,1
1,-3.0999999046325684,0,-1.1499999761581421,-1.1000000238418579,0.23999999463558197,1.1499999761581421,2,169,672,0,2
2,-3.0999999046325684,0,-1.1499999761581421,-1.1000000238418579,0.23999999463558197,-0.05000000074505806,3,98,336,0,3
3,-3.0999999046325684,0,-1.1499999761581421,-2,0.23999999463558197,-0.05000000074505806,4,51,192,0,4
4,-3.0999999046325684,0,-1.1499999761581421,-2,0.23999999463558197,-0.64999997615814209,5,28,96,0,5
5,-3.0999999046325684,0,-1.1499999761581421,-2.5999999046325684,0.23999999463558197,-0.64999997615814209,6,17,48,0,6
6,-3.0999999046325684,0,-1.1499999761581421,-2.9000000953674316,0.23999999463558197,-0.64999997615814209,7,12,24,0,7
7,-3.0999999046325684,0,-1.1499999761581421,-2.9000000953674316,0.23999999463558197,-0.94999998807907104,8,9,12,0,8
8,-3.0999999046325684,0,-1.1499999761581421,-2.9000000953674316,0,-0.94999998807907104,-1,-1,2,2,9
9,-3.0999999046325684,0,-1.1499999761581421,-2.9000000953674316,0.23999999463558197,-0.94999998807907104,10,11,10,0,9
10,-3.0999999046325684,0,-1.1499999761581421,-2.9000000953674316,0.23999999463558197,-0.94999998807907104,-1,-1,8,8,10
11,-3.0999999046325684,0.23999999463558197,-1.1499999761581421,-2.9000000953674316,0.23999999463558197,-0.94999998807907104,-1,-1,2,2,10
12,-3.0999999046325684,0,-0.85000002384185791,-2.9000000953674316,0.23999999463558197,-0.64999997615814209,13,14,12,0,8
13,-3.0999999046325684,0,-0.85000002384185791,-2.9000000953674316,0,-0.64999997615814209,-1,-1,2,2,9
14,-3.0999999046325684,0,-0.85000002384185791,-2.9000000953674316,0.23999999463558197,-0.64999997615814209,15,16,10,0,9
15,-3.0999999046325684,0,-0.85000002384185791,-2.9000000953674316,0.23999999463558197,-0.64999997615814209,-1,-1,8,8,10
16,-3.0999999046325684,0.23999999463558197,-0.85000002384185791,-2.9000000953674316,0.23999999463558197,-0.64999997615814209,-1,-1,2,2,10
17,-2.7999999523162842,0,-1.1499999761581421,-2.5999999046325684,0.23999999463558197,-0.64999997615814209,18,23,24,0,7
18,-2.7999999523162842,0,-1.1499999761581421,-2.5999999046325684,0.23999999463558197,-0.94999998807907104,19,20,12,0,8
19,-2.7999999523162842,0,-1.1499999761581421,-2.5999999046325684,0,-0.94999998807907104,-1,-1,2,2,9
20,-2.7999999523162842,0,-1.1499999761581421,-2.5999999046325684,0.23999999463558197,-0.94999998807907104,21,22,10,0,9
21,-2.7999999523162842,0,-1.1499999761581421,-2.5999999046325684,0.23999999463558197,-0.94999998807907104,-1,-1,8,8,10
22,-2.7999999523162842,0.23999999463558197,-1.1499999761581421,-2.5999999046325684,0.23999999463558197,-0.94999998807907104,-1,-1,2,2,10
23,-2.7999999523162842,0,-0.85000002384185791,-2.5999999046325684,0.23999999463558197,-0.64999997615814209,24,25,12,0,8
24,-2.7999999523162842,0,-0.85000002384185791,-2.5999999046325684,0,-0.64999997615814209,-1,-1,2,2,9
25,-2.7999999523162842,0,-0.85000002384185791,-2.5999999046325684,0.23999999463558197,-0.64999997615814209,26,27,10,0,9
26,-2.7999999523162842,0,-0.85000002384185791,-2.5999999046325684,0.23999999463558197,-0.64999997615814209,-1,-1,8,8,10
27,-2.7999999523162842,0.23999999463558197,-0.85000002384185791,-2.5999999046325684,0.23999999463558197,-0.64999997615814209,-1,-1,2,2,10
28,-2.5,0,-1.1499999761581421,-2,0.23999999463558197,-0.64999997615814209,29,40,48,0,6
29,-2.5,0,-1.1499999761581421,-2.2999999523162842,0.23999999463558197,-0.64999997615814209,30,35,24,0,7
30,-2.5,0,-1.1499999761581421,-2.2999999523162842,0.23999999463558197,-0.94999998807907104,31,32,12,0,8
31,-2.5,0,-1.1499999761581421,-2.2999999523162842,0,-0.94999998807907104,-1,-1,2,2,9
32,-2.5,0,-1.1499999761581421,-2.2999999523162842,0.23999999463558197,-0.94999998807907104,33,34,10,0,9
33,-2.5,0,-1.1499999761581421,-2.2999999523162842,0.23999999463558197,-0.94999998807907104,-1,-1,8,8,10
34,-2.5,0.23999999463558197,-1.1499999761581421,-2.2999999523162842,0.23999999463558197,-0.94999998807907104,-1,-1,2,2,10
35,-2.5,0,-0.85000002384185791,-2.2999999523162842,0.23999999463558197,-0.64999997615814209,36,37,12,0,8
36,-2.5,0,-0.85000002384185791,-2.2999999523162842,0,-0.64999997615814209,-1,-1,2,2,9
37,-2.5,0,-0.85000002384185791,-2.2999999523162842,0.23999999463558197,-0.64999997615814209,38,39,10,0,9
38,-2.5,0,-0.85000002384185791,-2.2999999523162842,0.23999999463558197,-0.64999997615814209,-1,-1,8,8,10
39,-2.5,0.23999999463558197,-0.85000002384185791,-2.2999999523162842,0.23999999463558197,-0.64999997615814209,-1,-1,2,2,10
40,-2.2000000476837158,0,-1.1499999761581421,-2,0.23999999463558197,-0.64999997615814209,41,46,24,0,7
41,-2.2000000476837158,0,-1.1499999761581421,-2,0.23999999463558197,-0.94999998807907104,42,43,12,0,8
42,-2.2000000476837158,0,-1.1499999761581421,-2,0,-0.94999998807907104,-1,-1,2,2,9
43,-2.2000000476837158,0,-1.1499999761581421,-2,0.23999999463558197,-0.94999998807907104,44,45,10,0,9
44,-2.2000000476837158,0,-1.1499999761581421,-2,0.23999999463558197,-0.94999998807907104,-1,-1,8,8,10
45,-2.2000000476837158,0.23999999463558197,-1.1499999761581421,-2,0.23999999463558197,-0.94999998807907104,-1,-1,2,2,10
46,-2.2000000476837158,0,-0.85000002384185791,-2,0.23999999463558197,-0.64999997615814209,47,48,12,0,8
47,-2.2000000476837158,0,-0.85000002384185791,-2,0,-0.64999997615814209,-1,-1,2,2,9
48,-2.2000000476837158,0,-0.85000002384185791,-2,0.23999999463558197,-0.64999997615814209,49,50,10,0,9
49,-2.2000000476837158,0,-0.85000002384185791,-2,0.23999999463558197,-0.64999997615814209,-1,-1,8,8,10
50,-2.2000000476837158,0.23999999463558197,-0.85000002384185791,-2,0.23999999463558197,-0.64999997615814209,-1,-1,2,2,10
51,-3.0999999046325684,0,-0.55000001192092896,-2,0.23999999463558197,-0.05000000074505806,52,75,96,0,5
52,-3.0999999046325684,0,-0.55000001192092896,-2.5999999046325684,0.23999999463558197,-0.05000000074505806,53,64,48,0,6
53,-3.0999999046325684,0,-0.55000001192092896,-2.5999999046325684,0.23999999463558197,-0.34999999403953552,54,59,24,0,7
54,-3.0999999046325684,0,-0.55000001192092896,-2.9000000953674316,0.23999999463558197,-0.34999999403953552,55,56,12,0,8
55,-3.0999999046325684,0,-0.55000001192092896,-2.9000000953674316,0,-0.34999999403953552,-1,-1,2,2,9
56,-3.0999999046325684,0,-0.55000001192092896,-2.9000000953674316,0.23999999463558197,-0.34999999403953552,57,58,10,0,9
57,-3.0999999046325684,0,-0.55000001192092896,-2.9000000953674316,0.23999999463558197,-0.34999999403953552,-1,-1,8,8,10
58,-3.0999999046325684,0.23999999463558197,-0.55000001192092896,-2.9000000953674316,0.23999999463558197,-0.34999999403953552,-1,-1,2,2,10
59,-2.7999999523162842,0,-0.55000001192092896,-2.5999999046325684,0.23999999463558197,-0.34999999403953552,60,61,12,0,8
60,-2.7999999523162842,0,-0.55000001192092896,-2.5999999046325684,0,-0.34999999403953552,-1,-1,2,2,9
61,-2.7999999523162842,0,-0.55000001192092896,-2.5999999046325684,0.23999999463558197,-0.34999999403953552,62,63,10,0,9
62,-2.7999999523162842,0,-0.55000001192092896,-2.5999999046325684,0.23999999463558197,-0.34999999403953552,-1,-1,8,8,10
63,-2.7999999523162842,0.23999999463558197,-0.55000001192092896,-2.5999999046325684,0.23999999463558197,-0.34999999403953552,-1,-1,2,2,10
64,-3.0999999046325684,0,-0.25,-2.5999999046325684,0.23999999463558197,-0.05000000074505806,65,70,24,0,7
65,-3.0999999046325684,0,-0.25,-2.9000000953674316,0.23999999463558197,-0.05000000074505806,66,67,12,0,8
66,-3.0999999046325684,0,-0.25,-2.9000000953674316,0,-0.05000000074505806,-1,-1,2,2,9
67,-3.0999999046325684,0,-0.25,-2.9000000953674316,0.23999999463558197,-0.05000000074505806,68,69,10,0,9
68,-3.0999999046325684,0,-0.25,-2.9000000953674316,0.23999999463558197,-0.05000000074505806,-1,-1,8,8,10
69,-3.0999999046325684,0.23999999463558197,-0.25,-2.9000000953674316,0.23999999463558197,-0.05000000074505806,-1,-1,2,2,10
70,-2.7999999523162842,0,-0.25,-2.5999999046325684,0.23999999463558197,-0.05000000074505806,71,72,12,0,8
71,-2.7999999523162842,0,-0.25,-2.5999999046325684,0,-0.05000000074505806,-1,-1,2,2,9
72,-2.7999999523162842,0,-0.25,-2.5999999046325684,0.23999999463558197,-0.05000000074505806,73,74,10,0,9
73,-2.7999999523162842,0,-0.25,-2.5999999046325684,0.23999999463558197,-0.05000000074505806,-1,-1,8,8,10
74,-2.7999999523162842,0.23999999463558197,-0.25,-2.5999999046325684,0.23999999463558197,-0.05000000074505806,-1,-1,2,2,10
75,-2.5,0,-0.55000001192092896,-2,0.23999999463558197,-0.05000000074505806,76,87,48,0,6
76,-2.5,0,-0.55000001192092896,-2,0.23999999463558197,-0.34999999403953552,77,82,24,0,7
77,-2.5,0,-0.55000001192092896,-2.2999999523162842,0.23999999463558197,-0.34999999403953552,78,79,12,0,8
78,-2.5,0,-0.55000001192092896,-2.2999999523162842,0,-0.34999999403953552,-1,-1,2,2,9
79,-2.5,0,-0.55000001192092896,-2.2999999523162842,0.23999999463558197,-0.34999999403953552,80,81,10,0,9
80,-2.5,0,-0.55000001192092896,-2.2999999523162842,0.23999999463558197,-0.34999999403953552,-1,-1,8,8,10
81,-2.5,0.23999999463558197,-0.55000001192092896,-2.2999999523162842,0.23999999463558197,-0.34999999403953552,-1,-1,2,2,10
82,-2.2000000476837158,0,-0.55000001192092896,-2,0.23999999463558197,-0.34999999403953552,83,84,12,0,8
83,-2.2000000476837158,0,-0.55000001192092896,-2,0,-0.34999999403953552,-1,-1,2,2,9
84,-2.2000000476837158,0,-0.55000001192092896,-2,0.23999999463558197,-0.34999999403953552,85,86,10,0,9
85,-2.2000000476837158,0,-0.55000001192092896,-2,0.23999999463558197,-0.34999999403953552,-1,-1,8,8,10
86,-2.2000000476837158,0.23999999463558197,-0.55000001192092896,-2,0.23999999463558197,-0.34999999403953552,-1,-1,2,2,10
87,-2.5,0,-0.25,-2,0.23999999463558197,-0.05000000074505806,88,93,24,0,7
88,-2.5,0,-0.25,-2.2999999523162842,0.23999999463558197,-0.05000000074505806,89,90,12,0,8
89,-2.5,0,-0.25,-2.2999999523162842,0,-0.05000000074505806,-1,-1,2,2,9
90,-2.5,0,-0.25,-2.2999999523162842,0.23999999463558197,-0.05000000074505806,91,92,10,0,9
91,-2.5,0,-0.25,-2.2999999523162842,0.23999999463558197,-0.05000000074505806,-1,-1,8,8,10
92,-2.5,0.23999999463558197,-0.25,-2.2999999523162842,0.23999999463558197,-0.05000000074505806,-1,-1,2,2,10
93,-2.2000000476837158,0,-0.25,-2,0.23999999463558197,-0.05000000074505806,94,95,12,0,8
94,-2.2000000476837158,0,-0.25,-2,0,-0.05000000074505806,-1,-1,2,2,9
95,-2.2000000476837158,0,-0.25,-2,0.23999999463558197,-0.05000000074505806,96,97,10,0,9
96,-2.2000000476837158,0,-0.25,-2,0.23999999463558197,-0.05000000074505806,-1,-1,8,8,10
97,-2.2000000476837158,0.23999999463558197,-0.25,-2,0.23999999463558197,-0.05000000074505806,-1,-1,2,2,10
98,-1.8999999761581421,0,-1.1499999761581421,-1.1000000238418579,0.23999999463558197,-0.05000000074505806,99,134,144,0,4
99,-1.8999999761581421,0,-1.1499999761581421,-1.1000000238418579,0.23999999463558197,-0.64999997615814209,100,111,72,0,5
100,-1.8999999761581421,0,-1.1499999761581421,-1.7000000476837158,0.23999999463558197,-0.64999997615814209,101,106,24,0,6
101,-1.8999999761581421,0,-1.1499999761581421,-1.7000000476837158,0.23999999463558197,-0.94999998807907104,102,103,12,0,7
102,-1.8999999761581421,0,-1.1499999761581421,-1.7000000476837158,0,-0.94999998807907104,-1,-1,2,2,8
103,-1.8999999761581421,0,-1.1499999761581421,-1.7000000476837158,0.23999999463558197,-0.94999998807907104,104,105,10,0,8
104,-1.8999999761581421,0,-1.1499999761581421,-1.7000000476837158,0.23999999463558197,-0.94999998807907104,-1,-1,8,8,9
105,-1.8999999761581421,0.23999999463558197,-1.1499999761581421,-1.7000000476837158,0.23999999463558197,-0.94999998807907104,-1,-1,2,2,9
106,-1.8999999761581421,0,-0.85000002384185791,-1.7000000476837158,0.23999999463558197,-0.64999997615814209,107,108,12,0,7
107,-1.8999999761581421,0,-0.85000002384185791,-1.7000000476837158,0,-0.64999997615814209,-1,-1,2,2,8
108,-1.8999999761581421,0,-0.85000002384185791,-1.7000000476837158,0.23999999463558197,-0.64999997615814209,109,110,10,0,8
109,-1.8999999761581421,0,-0.85000002384185791,-1.7000000476837158,0.23999999463558197,-0.64999997615814209,-1,-1,8,8,9
110,-1.8999999761581421,0.23999999463558197,-0.85000002384185791,-1.7000000476837158,0.23999999463558197,-0.64999997615814209,-1,-1,2,2,9
111,-1.6000000238418579,0,-1.1499999761581421,-1.1000000238418579,0.23999999463558197,-0.64999997615814209,112,123,48,0,6
112,-1.6000000238418579,0,-1.1499999761581421,-1.3999999761581421,0.23999999463558197,-0.64999997615814209,113,118,24,0,7
113,-1.6000000238418579,0,-1.1499999761581421,-1.3999999761581421,0.23999999463558197,-0.94999998807907104,114,115,12,0,8
114,-1.6000000238418579,0,-1.1499999761581421,-1.3999999761581421,0,-0.94999998807907104,-1,-1,2,2,9
115,-1.6000000238418579,0,-1.1499999761581421,-1.3999999761581421,0.23999999463558197,-0.94999998807907104,116,117,10,0,9
116,-1.6000000238418579,0,-1.1499999761581421,-1.3999999761581421,0.23999999463558197,-0.94999998807907104,-1,-1,8,8,10
117,-1.6000000238418579,0.23999999463558197,-1.1499999761581421,-1.3999999761581421,0.23999999463558197,-0.94999998807907104,-1,-1,2,2,10
118,-1.6000000238418579,0,-0.85000002384185791,-1.3999999761581421,0.23999999463558197,-0.64999997615814209,119,120,12,0,8
119,-1.6000000238418579,0,-0.85000002384185791,-1.3999999761581421,0,-0.64999997615814209,-1,-1,2,2,9
120,-1.6000000238418579,0,-0.85000002384185791,-1.3999999761581421,0.23999999463558197,-0.64999997615814209,121,122,10,0,9
121,-1.6000000238418579,0,-0.85000002384185791,-1.3999999761581421,0.23999999463558197,-0.64999997615814209,-1,-1,8,8,10
122,-1.6000000238418579,0.23999999463558197,-0.85000002384185791,-1.3999999761581421,0.23999999463558197,-0.64999997615814209,-1,-1,2,2,10
123,-1.2999999523162842,0,-1.1499999761581421,-1.1000000238418579,0.23999999463558197,-0.64999997615814209,124,129,24,0,7
124,-1.2999999523162842,0,-1.1499999761581421,-1.1000000238418579,0.23999999463558197,-0.94999998807907104,125,126,12,0,8
125,-1.2999999523162842,0,-1.1499999761581421,-1.1000000238418579,0,-0.94999998807907104,-1,-1,2,2,9
126,-1.2999999523162842,0,-1.1499999761581421,-1.1000000238418579,0.23999999463558197,-0.94999998807907104,127,128,10,0,9
127,-1.2999999523162842,0,-1.1499999761581421,-1.1000000238418579,0.23999999463558197,-0.94999998807907104,-1,-1,8,8,10
128,-1.2999999523162842,0.23999999463558197,-1.1499999761581421,-1.1000000238418579,0.23999999463558197,-0.94999998807907104,-1,-1,2,2,10
129,-1.2999999523162842,0,-0.85000002384185791,-1.1000000238418579,0.23999999463558197,-0.64999997615814209,130,131,12,0,8
130,-1.2999999523162842,0,-0.85000002384185791,-1.1000000238418579,0,-0.64999997615814209,-1,-1,2,2,9
131,-1.2999999523162842,0,-0.85000002384185791,-1.1000000238418579,0.23999999463558197,-0.64999997615814209,132,133,10,0,9
132,-1.2999999523162842,0,-0.85000002384185791,-1.1000000238418579,0.23999999463558197,-0.64999997615814209,-1,-1,8,8,10
133,-1.2999999523162842,0.23999999463558197,-0.85000002384185791,-1.1000000238418579,0.23999999463558197,-0.64999997615814209,-1,-1,2,2,10
134,-1.8999999761581421,0,-0.55000001192092896,-1.1000000238418579,0.23999999463558197,-0.05000000074505806,135,146,72,0,5
135,-1.8999999761581421,0,-0.55000001192092896,-1.7000000476837158,0.23999999463558197,-0.05000000074505806,136,141,24,0,6
136,-1.8999999761581421,0,-0.55000001192092896,-1.7000000476837158,0.23999999463558197,-0.34999999403953552,137,138,12,0,7
137,-1.8999999761581421,0,-0.55000001192092896,-1.7000000476837158,0,-0.34999999403953552,-1,-1,2,2,8
138,-1.8999999761581421,0,-0.55000001192092896,-1.7000000476837158,0.23999999463558197,-0.34999999403953552,139,140,10,0,8
139,-1.8999999761581421,0,-0.55000001192092896,-1.7000000476837158,0.23999999463558197,-0.34999999403953552,-1,-1,8,8,9
140,-1.8999999761581421,0.23999999463558197,-0.55000001192092896,-1.7000000476837158,0.23999999463558197,-0.34999999403953552,-1,-1,2,2,9
141,-1.8999999761581421,0,-0.25,-1.7000000476837158,0.23999999463558197,-0.05000000074505806,142,143,12,0,7
142,-1.8999999761581421,0,-0.25,-1.7000000476837158,0,-0.05000000074505806,-1,-1,2,2,8
143,-1.8999999761581421,0,-0.25,-1.7000000476837158,0.23999999463558197,-0.05000000074505806,144,145,10,0,8
144,-1.8999999761581421,0,-0.25,-1.7000000476837158,0.23999999463558197,-0.05000000074505806,-1,-1,8,8,9
145,-1.8999999761581421,0.23999999463558197,-0.25,-1.7000000476837158,0.23999999463558197,-0.05000000074505806,-1,-1,2,2,9
146,-1.6000000238418579,0,-0.55000001192092896,-1.1000000238418579,0.23999999463558197,-0.05000000074505806,147,158,48,0,6
147,-1.6000000238418579,0,-0.55000001192092896,-1.1000000238418579,0.23999999463558197,-0.34999999403953552,148,153,24,0,7
148,-1.6000000238418579,0,-0.55000001192092896,-1.3999999761581421,0.23999999463558197,-0.34999999403953552,149,150,12,0,8
149,-1.6000000238418579,0,-0.55000001192092896,-1.3999999761581421,0,-0.34999999403953552,-1,-1,2,2,9
150,-1.6000000238418579,0,-0.55000001192092896,-1.3999999761581421,0.23999999463558197,-0.34999999403953552,151,152,10,0,9
151,-1.6000000238418579,0,-0.55000001192092896,-1.3999999761581421,0.23999999463558197,-0.34999999403953552,-1,-1,8,8,10
152,-1.6000000238418579,0.23999999463558197,-0.55000001192092896,-1.3999999761581421,0.23999999463558197,-0.34999999403953552,-1,-1,2,2,10
153,-1.2999999523162842,0,-0.55000001192092896,-1.1000000238418579,0.23999999463558197,-0.34999999403953552,154,155,12,0,8
154,-1.2999999523162842,0,-0.55000001192092896,-1.1000000238418579,0,-0.34999999403953552,-1,-1,2,2,9
155,-1.2999999523162842,0,-0.55000001192092896,-1.1000000238418579,0.23999999463558197,-0.34999999403953552,156,157,10,0,9
156,-1.2999999523162842,0,-0.55000001192092896,-1.1000000238418579,0.23999999463558197,-0.34999999403953552,-1,-1,8,8,10
157,-1.2999999523162842,0.23999999463558197,-0.55000001192092896,-1.1000000238418579,0.23999999463558197,-0.34999999403953552,-1,-1,2,2,10
158,-1.6000000238418579,0,-0.25,-1.1000000238418579,0.23999999463558197,-0.05000000074505806,159,164,24,0,7
159,-1.6000000238418579,0,-0.25,-1.3999999761581421,0.23999999463558197,-0.05000000074505806,160,161,12,0,8
160,-1.6000000238418579,0,-0.25,-1.3999999761581421,0,-0.05000000074505806,-1,-1,2,2,9
161,-1.6000000238418579,0,-0.25,-1.3999999761581421,0.23999999463558197,-0.05000000074505806,162,163,10,0,9
162,-1.6000000238418579,0,-0.25,-1.3999999761581421,0.23999999463558197,-0.05000000074505806,-1,-1,8,8,10
163,-1.6000000238418579,0.23999999463558197,-0.25,-1.3999999761581421,0.23999999463558197,-0.05000000074505806,-1,-1,2,2,10
164,-1.2999999523162842,0,-0.25,-1.1000000238418579,0.23999999463558197,-0.05000000074505806,165,166,12,0,8
165,-1.2999999523162842,0,-0.25,-1.1000000238418579,0,-0.05000000074505806,-1,-1,2,2,9
166,-1.2999999523162842,0,-0.25,-1.1000000238418579,0.23999999463558197,-0.05000000074505806,167,168,10,0,9
167,-1.2999999523162842,0,-0.25,-1.1000000238418579,0.23999999463558197,-0.05000000074505806,-1,-1,8,8,10
168,-1.2999999523162842,0.23999999463558197,-0.25,-1.1000000238418579,0.23999999463558197,-0.05000000074505806,-1,-1,2,2,10
169,-3.0999999046325684,0,0.05000000074505806,-1.1000000238418579,0.23999999463558197,1.1499999761581421,170,265,336,0,3
170,-3.0999999046325684,0,0.05000000074505806,-2,0.23999999463558197,1.1499999761581421,171,218,192,0,4
171,-3.0999999046325684,0,0.05000000074505806,-2,0.23999999463558197,0.55000001192092896,172,195,96,0,5
172,-3.0999999046325684,0,0.05000000074505806,-2.5999999046325684,0.23999999463558197,0.55000001192092896,173,184,48,0,6
173,-3.0999999046325684,0,0.05000000074505806,-2.5999999046325684,0.23999999463558197,0.25,174,179,24,0,7
174,-3.0999999046325684,0,0.05000000074505806,-2.9000000953674316,0.23999999463558197,0.25,175,176,12,0,8
175,-3.0999999046325684,0,0.05000000074505806,-2.9000000953674316,0,0.25,-1,-1,2,2,9
176,-3.0999999046325684,0,0.05000000074505806,-2.9000000953674316,0.23999999463558197,0.25,177,178,10,0,9
177,-3.0999999046325684,0,0.05000000074505806,-2.9000000953674316,0.23999999463558197,0.25,-1,-1,8,8,10
178,-3.0999999046325684,0.23999999463558197,0.05000000074505806,-2.9000000953674316,0.23999999463558197,0.25,-1,-1,2,2,10
179,-2.7999999523162842,0,0.05000000074505806,-2.5999999046325684,0.23999999463558197,0.25,180,181,12,0,8
180,-2.7999999523162842,0,0.05000000074505806,-2.5999999046325684,0,0.25,-1,-1,2,2,9
181,-2.7999999523162842,0,0.05000000074505806,-2.5999999046325684,0.23999999463558197,0.25,182,183,10,0,9
182,-2.7999999523162842,0,0.05000000074505806,-2.5999999046325684,0.23999999463558197,0.25,-1,-1,8,8,10
183,-2.7999999523162842,0.23999999463558197,0.05000000074505806,-2.5999999046325684,0.23999999463558197,0.25,-1,-1,2,2,10
184,-3.0999999046325684,0,0.34999999403953552,-2.5999999046325684,0.23999999463558197,0.55000001192092896,185,190,24,0,7
185,-3.0999999046325684,0,0.34999999403953552,-2.9000000953674316,0.23999999463558197,0.55000001192092896,186,187,12,0,8
186,-3.0999999046325684,0,0.34999999403953552,-2.9000000953674316,0,0.55000001192092896,-1,-1,2,2,9
187,-3.0999999046325684,0,0.34999999403953552,-2.9000000953674316,0.23999999463558197,0.55000001192092896,188,189,10,0,9
188,-3.0999999046325684,0,0.34999999403953552,-2.9000000953674316,0.23999999463558197,0.55000001192092896,-1,-1,8,8,10
189,-3.0999999046325684,0.23999999463558197,0.34999999403953552,-2.9000000953674316,0.23999999463558197,0.55000001192092896,-1,-1,2,2,10
190,-2.7999999523162842,0,0.34999999403953552,-2.5999999046325684,0.23999999463558197,0.55000001192092896,191,192,12,0,8
191,-2.7999999523162842,0,0.34999999403953552,-2.5999999046325684,0,0.55000001192092896,-1,-1,2,2,9
192,-2.7999999523162842,0,0.34999999403953552,-2.5999999046325684,0.23999999463558197,0.55000001192092896,193,194,10,0,9
193,-2.7999999523162842,0,0.34999999403953552,-2.5999999046325684,0.23999999463558197,0.55000001192092896,-1,-1,8,8,10
194,-2.7999999523162842,0.23999999463558197,0.34999999403953552,-2.5999999046325684,0.23999999463558197,0.55000001192092896,-1,-1,2,2,10
195,-2.5,0,0.05000000074505806,-2,0.23999999463558197,0.55000001192092896,196,207,48,0,6
196,-2.5,0,0.05000000074505806,-2,0.23999999463558197,0.25,197,202,24,0,7
197,-2.5,0,0.05000000074505806,-2.2999999523162842,0.23999999463558197,0.25,198,199,12,0,8
198,-2.5,0,0.05000000074505806,-2.2999999523162842,0,0.25,-1,-1,2,2,9
199,-2.5,0,0.05000000074505806,-2.2999999523162842,0.23999999463558197,0.25,200,201,10,0,9
200,-2.5,0,0.05000000074505806,-2.2999999523162842,0.23999999463558197,0.25,-1,-1,8,8,10
201,-2.5,0.23999999463558197,0.05000000074505806,-2.2999999523162842,0.23999999463558197,0.25,-1,-1,2,2,10
202,-2.2000000476837158,0,0.05000000074505806,-2,0.23999999463558197,0.25,203,204,12,0,8
203,-2.2000000476837158,0,0.05000000074505806,-2,0,0.25,-1,-1,2,2,9
204,-2.2000000476837158,0,0.05000000074505806,-2,0.23999999463558197,0.25,205,206,10,0,9
205,-2.2000000476837158,0,0.05000000074505806,-2,0.23999999463558197,0.25,-1,-1,8,8,10
206,-2.2000000476837158,0.23999999463558197,0.05000000074505806,-2,0.23999999463558197,0.25,-1,-1,2,2,10
207,-2.5,0,0.34999999403953552,-2,0.23999999463558197,0.55000001192092896,208,213,24,0,7
208,-2.5,0,0.34999999403953552,-2.2999999523162842,0.23999999463558197,0.55000001192092896,209,210,12,0,8
209,-2.5,0,0.34999999403953552,-2.2999999523162842,0,0.55000001192092896,-1,-1,2,2,9
210,-2.5,0,0.34999999403953552,-2.2999999523162842,0.23999999463558197,0.55000001192092896,211,212,10,0,9
211,-2.5,0,0.34999999403953552,-2.2999999523162842,0.23999999463558197,0.55000001192092896,-1,-1,8,8,10
212,-2.5,0.23999999463558197,0.34999999403953552,-2.2999999523162842,0.23999999463558197,0.55000001192092896,-1,-1,2,2,10
213,-2.2000000476837158,0,0.34999999403953552,-2,0.23999999463558197,0.55000001192092896,214,215,12,0,8
214,-2.2000000476837158,0,0.34999999403953552,-2,0,0.55000001192092896,-1,-1,2,2,9
215,-2.2000000476837158,0,0.34999999403953552,-2,0.23999999463558197,0.55000001192092896,216,217,10,0,9
216,-2.2000000476837158,0,0.34999999403953552,-2,0.23999999463558197,0.55000001192092896,-1,-1,8,8,10
217,-2.2000000476837158,0.23999999463558197,0.34999999403953552,-2,0.23999999463558197,0.55000001192092896,-1,-1,2,2,10
218,-3.0999999046325684,0,0.64999997615814209,-2,0.23999999463558197,1.1499999761581421,219,242,96,0,5
219,-3.0999999046325684,0,0.64999997615814209,-2.5999999046325684,0.23999999463558197,1.1499999761581421,220,231,48,0,6
220,-3.0999999046325684,0,0.64999997615814209,-2.9000000953674316,0.23999999463558197,1.1499999761581421,221,226,24,0,7
221,-3.0999999046325684,0,0.64999997615814209,-2.9000000953674316,0.23999999463558197,0.85000002384185791,222,223,12,0,8
222,-3.0999999046325684,0,0.64999997615814209,-2.9000000953674316,0,0.85000002384185791,-1,-1,2,2,9
223,-3.0999999046325684,0,0.64999997615814209,-2.9000000953674316,0.23999999463558197,0.85000002384185791,224,225,10,0,9
224,-3.0999999046325684,0,0.64999997615814209,-2.9000000953674316,0.23999999463558197,0.85000002384185791,-1,-1,8,8,10
225,-3.0999999046325684,0.23999999463558197,0.64999997615814209,-2.9000000953674316,0.23999999463558197,0.85000002384185791,-1,-1,2,2,10
226,-3.0999999046325684,0,0.94999998807907104,-2.9000000953674316,0.23999999463558197,1.1499999761581421,227,228,12,0,8
227,-3.0999999046325684,0,0.94999998807907104,-2.9000000953674316,0,1.1499999761581421,-1,-1,2,2,9
228,-3.0999999046325684,0,0.94999998807907104,-2.9000000953674316,0.23999999463558197,1.1499999761581421,229,230,10,0,9
229,-3.0999999046325684,0,0.94999998807907104,-2.9000000953674316,0.23999999463558197,1.1499999761581421,-1,-1,8,8,10
230,-3.0999999046325684,0.23999999463558197,0.94999998807907104,-2.9000000953674316,0.23999999463558197,1.1499999761581421,-1,-1,2,2,10
231,-2.7999999523162842,0,0.64999997615814209,-2.5999999046325684,0.23999999463558197,1.1499999761581421,232,237,24,0,7
232,-2.7999999523162842,0,0.64999997615814209,-2.5999999046325684,0.23999999463558197,0.85000002384185791,233,234,12,0,8
233,-2.7999999523162842,0,0.64999997615814209,-2.5999999046325684,0,0.85000002384185791,-1,-1,2,2,9
234,-2.7999999523162842,0,0.64999997615814209,-2.5999999046325684,0.23999999463558197,0.85000002384185791,235,236,10,0,9
235,-2.7999999523162842,0,0.64999997615814209,-2.5999999046325684,0.23999999463558197,0.85000002384185791,-1,-1,8,8,10
236,-2.7999999523162842,0.23999999463558197,0.64999997615814209,-2.5999999046325684,0.23999999463558197,0.85000002384185791,-1,-1,2,2,10
237,-2.7999999523162842,0,0.94999998807907104,-2.5999999046325684,0.23999999463558197,1.1499999761581421,238,239,12,0,8
238,-2.7999999523162842,0,0.94999998807907104,-2.5999999046325684,0,1.1499999761581421,-1,-1,2,2,9
239,-2.7999999523162842,0,0.94999998807907104,-2.5999999046325684,0.23999999463558197,1.1499999761581421,240,241,10,0,9
240,-2.7999999523162842,0,0.94999998807907104,-2.5999999046325684,0.23999999463558197,1.1499999761581421,-1,-1,8,8,10
241,-2.7999999523162842,0.23999999463558197,0.94999998807907104,-2.5999999046325684,0.23999999463558197,1.1499999761581421,-1,-1,2,2,10
242,-2.5,0,0.64999997615814209,-2,0.23999999463558197,1.1499999761581421,243,254,48,0,6
243,-2.5,0,0.64999997615814209,-2.2999999523162842,0.23999999463558197,1.1499999761581421,244,249,24,0,7
244,-2.5,0,0.64999997615814209,-2.2999999523162842,0.23999999463558197,0.85000002384185791,245,246,12,0,8
245,-2.5,0,0.64999997615814209,-2.2999999523162842,0,0.85000002384185791,-1,-1,2,2,9
246,-2.5,0,0.64999997615814209,-2.2999999523162842,0.23999999463558197,0.85000002384185791,247,248,10,0,9
247,-2.5,0,0.64999997615814209,-2.2999999523162842,0.23999999463558197,0.85000002384185791,-1,-1,8,8,10
248,-2.5,0.23999999463558197,0.64999997615814209,-2.2999999523162842,0.23999999463558197,0.85000002384185791,-1,-1,2,2,10
249,-2.5,0,0.94999998807907104,-2.2999999523162842,0.23999999463558197,1.1499999761581421,250,251,12,0,8
250,-2.5,0,0.94999998807907104,-2.2999999523162842,0,1.1499999761581421,-1,-1,2,2,9
251,-2.5,0,0.94999998807907104,-2.2999999523162842,0.23999999463558197,1.1499999761581421,252,253,10,0,9
252,-2.5,0,0.94999998807907104,-2.2999999523162842,0.23999999463558197,1.1499999761581421,-1,-1,8,8,10
253,-2.5,0.23999999463558197,0.94999998807907104,-2.2999999523162842,0.23999999463558197,1.1499999761581421,-1,-1,2,2,10
254,-2.2000000476837158,0,0.64999997615814209,-2,0.23999999463558197,1.1499999761581421,255,260,24,0,7
255,-2.2000000476837158,0,0.64999997615814209,-2,0.23999999463558197,0.85000002384185791,256,257,12,0,8
256,-2.2000000476837158,0,0.64999997615814209,-2,0,0.85000002384185791,-1,-1,2,2,9
257,-2.2000000476837158,0,0.64999997615814209,-2,0.23999999463558197,0.85000002384185791,258,259,10,0,9
258,-2.2000000476837158,0,0.64999997615814209,-2,0.23999999463558197,0.85000002384185791,-1,-1,8,8,10
259,-2.2000000476837158,0.23999999463558197,0.64999997615814209,-2,0.23999999463558197,0.85000002384185791,-1,-1,2,2,10
260,-2.2000000476837158,0,0.94999998807907104,-2,0.23999999463558197,1.1499999761581421,261,262,12,0,8
261,-2.2000000476837158,0,0.94999998807907104,-2,0,1.1499999761581421,-1,-1,2,2,9
262,-2.2000000476837158,0,0.94999998807907104,-2,0.23999999463558197,1.1499999761581421,263,264,10,0,9
263,-2.2000000476837158,0,0.94999998807907104,-2,0.23999999463558197,1.1499999761581421,-1,-1,8,8,10
264,-2.2000000476837158,0.23999999463558197,0.94999998807907104,-2,0.23999999463558197,1.1499999761581421,-1,-1,2,2,10
265,-1.8999999761581421,0,0.05000000074505806,-1.1000000238418579,0.23999999463558197,1.1499999761581421,266,301,144,0,4
266,-1.8999999761581421,0,0.05000000074505806,-1.1000000238418579,0.23999999463558197,0.55000001192092896,267,278,72,0,5
267,-1.8999999761581421,0,0.05000000074505806,-1.7000000476837158,0.23999999463558197,0.55000001192092896,268,273,24,0,6
268,-1.8999999761581421,0,0.05000000074505806,-1.7000000476837158,0.23999999463558197,0.25,269,270,12,0,7
269,-1.8999999761581421,0,0.05000000074505806,-1.7000000476837158,0,0.25,-1,-1,2,2,8
270,-1.8999999761581421,0,0.05000000074505806,-1.7000000476837158,0.23999999463558197,0.25,271,272,10,0,8
271,-1.8999999761581421,0,0.05000000074505806,-1.7000000476837158,0.23999999463558197,0.25,-1,-1,8,8,9
272,-1.8999999761581421,0.23999999463558197,0.05000000074505806,-1.7000000476837158,0.23999999463558197,0.25,-1,-1,2,2,9
273,-1.8999999761581421,0,0.34999999403953552,-1.7000000476837158,0.23999999463558197,0.55000001192092896,274,275,12,0,7
274,-1.8999999761581421,0,0.34999999403953552,-1.7000000476837158,0,0.55000001192092896,-1,-1,2,2,8
275,-1.8999999761581421,0,0.34999999403953552,-1.7000000476837158,0.23999999463558197,0.55000001192092896,276,277,10,0,8
276,-1.8999999761581421,0,0.34999999403953552,-1.7000000476837158,0.23999999463558197,0.55000001192092896,-1,-1,8,8,9
277,-1.8999999761581421,0.23999999463558197,0.34999999403953552,-1.7000000476837158,0.23999999463558197,0.55000001192092896,-1,-1,2,2,9
278,-1.6000000238418579,0,0.05000000074505806,-1.1000000238418579,0.23999999463558197,0.55000001192092896,279,290,48,0,6
279,-1.6000000238418579,0,0.05000000074505806,-1.1000000238418579,0.23999999463558197,0.25,280,285,24,0,7
280,-1.6000000238418579,0,0.05000000074505806,-1.3999999761581421,0.23999999463558197,0.25,281,282,12,0,8
281,-1.6000000238418579,0,0.05000000074505806,-1.3999999761581421,0,0.25,-1,-1,2,2,9
282,-1.6000000238418579,0,0.05000000074505806,-1.3999999761581421,0.23999999463558197,0.25,283,284,10,0,9
283,-1.6000000238418579,0,0.05000000074505806,-1.3999999761581421,0.23999999463558197,0.25,-1,-1,8,8,10
284,-1.6000000238418579,0.23999999463558197,0.05000000074505806,-1.3999999761581421,0.23999999463558197,0.25,-1,-1,2,2,10
285,-1.2999999523162842,0,0.05000000074505806,-1.1000000238418579,0.23999999463558197,0.25,286,287,12,0,8
286,-1.2999999523162842,0,0.05000000074505806,-1.1000000238418579,0,0.25,-1,-1,2,2,9
287,-1.2999999523162842,0,0.05000000074505806,-1.1000000238418579,0.23999999463558197,0.25,288,289,10,0,9
288,-1.2999999523162842,0,0.05000000074505806,-1.1000000238418579,0.23999999463558197,0.25,-1,-1,8,8,10
289,-1.2999999523162842,0.23999999463558197,0.05000000074505806,-1.1000000238418579,0.23999999463558197,0.25,-1,-1,2,2,10
290,-1.6000000238418579,0,0.34999999403953552,-1.1000000238418579,0.23999999463558197,0.55000001192092896,291,296,24,0,7
291,-1.6000000238418579,0,0.34999999403953552,-1.3999999761581421,0.23999999463558197,0.55000001192092896,292,293,12,0,8
292,-1.6000000238418579,0,0.34999999403953552,-1.3999999761581421,0,0.55000001192092896,-1,-1,2,2,9
293,-1.6000000238418579,0,0.34999999403953552,-1.3999999761581421,0.23999999463558197,0.55000001192092896,294,295,10,0,9
294,-1.6000000238418579,0,0.34999999403953552,-1.3999999761581421,0.23999999463558197,0.55000001192092896,-1,-1,8,8,10
295,-1.6000000238418579,0.23999999463558197,0.34999999403953552,-1.3999999761581421,0.23999999463558197,0.55000001192092896,-1,-1,2,2,10
296,-1.2999999523162842,0,0.34999999403953552,-1.1000000238418579,0.23999999463558197,0.55000001192092896,297,298,12,0,8
297,-1.2999999523162842,0,0.34999999403953552,-1.1000000238418579,0,0.55000001192092896,-1,-1,2,2,9
298,-1.2999999523162842,0,0.34999999403953552,-1.1000000238418579,0.23999999463558197,0.55000001192092896,299,300,10,0,9
299,-1.2999999523162842,0,0.34999999403953552,-1.1000000238418579,0.23999999463558197,0.55000001192092896,-1,-1,8,8,10
300,-1.2999999523162842,0.23999999463558197,0.34999999403953552,-1.1000000238418579,0.23999999463558197,0.55000001192092896,-1,-1,2,2,10
301,-1.8999999761581421,0,0.64999997615814209,-1.1000000238418579,0.23999999463558197,1.1499999761581421,302,313,72,0,5
302,-1.8999999761581421,0,0.64999997615814209,-1.7000000476837158,0.23999999463558197,1.1499999761581421,303,308,24,0,6
303,-1.8999999761581421,0,0.64999997615814209,-1.7000000476837158,0.23999999463558197,0.85000002384185791,304,305,12,0,7
304,-1.8999999761581421,0,0.64999997615814209,-1.7000000476837158,0,0.85000002384185791,-1,-1,2,2,8
305,-1.8999999761581421,0,0.64999997615814209,-1.7000000476837158,0.23999999463558197,0.85000002384185791,306,307,10,0,8
306,-1.8999999761581421,0,0.64999997615814209,-1.7000000476837158,0.23999999463558197,0.85000002384185791,-1,-1,8,8,9
307,-1.8999999761581421,0.23999999463558197,0.64999997615814209,-1.7000000476837158,0.23999999463558197,0.85000002384185791,-1,-1,2,2,9
308,-1.8999999761581421,0,0.94999998807907104,-1.7000000476837158,0.23999999463558197,1.1499999761581421,309,310,12,0,7
309,-1.8999999761581421,0,0.94999998807907104,-1.7000000476837158,0,1.1499999761581421,-1,-1,2,2,8
310,-1.8999999761581421,0,0.94999998807907104,-1.7000000476837158,0.23999999463558197,1.1499999761581421,311,312,10,0,8
311,-1.8999999761581421,0,0.94999998807907104,-1.7000000476837158,0.23999999463558197,1.1499999761581421,-1,-1,8,8,9
312,-1.8999999761581421,0.23999999463558197,0.94999998807907104,-1.7000000476837158,0.23999999463558197,1.1499999761581421,-1,-1,2,2,9
313,-1.6000000238418579,0,0.64999997615814209,-1.1000000238418579,0.23999999463558197,1.1499999761581421,314,325,48,0,6
314,-1.6000000238418579,0,0.64999997615814209,-1.3999999761581421,0.23999999463558197,1.1499999761581421,315,320,24,0,7
315,-1.6000000238418579,0,0.64999997615814209,-1.3999999761581421,0.23999999463558197,0.85000002384185791,316,317,12,0,8
316,-1.6000000238418579,0,0.64999997615814209,-1.3999999761581421,0,0.85000002384185791,-1,-1,2,2,9
317,-1.6000000238418579,0,0.64999997615814209,-1.3999999761581421,0.23999999463558197,0.85000002384185791,318,319,10,0,9
318,-1.6000000238418579,0,0.64999997615814209,-1.3999999761581421,0.23999999463558197,0.85000002384185791,-1,-1,8,8,10
319,-1.6000000238418579,0.23999999463558197,0.64999997615814209,-1.3999999761581421,0.23999999463558197,0.85000002384185791,-1,-1,2,2,10
320,-1.6000000238418579,0,0.94999998807907104,-1.3999999761581421,0.23999999463558197,1.1499999761581421,321,322,12,0,8
321,-1.6000000238418579,0,0.94999998807907104,-1.3999999761581421,0,1.1499999761581421,-1,-1,2,2,9
322,-1.6000000238418579,0,0.94999998807907104,-1.3999999761581421,0.23999999463558197,1.1499999761581421,323,324,10,0,9
323,-1.6000000238418579,0,0.94999998807907104,-1.3999999761581421,0.23999999463558197,1.1499999761581421,-1,-1,8,8,10
324,-1.6000000238418579,0.23999999463558197,0.94999998807907104,-1.3999999761581421,0.23999999463558197,1.1499999761581421,-1,-1,2,2,10
325,-1.2999999523162842,0,0.64999997615814209,-1.1000000238418579,0.23999999463558197,1.1499999761581421,326,331,24,0,7
326,-1.2999999523162842,0,0.64999997615814209,-1.1000000238418579,0.23999999463558197,0.85000002384185791,327,328,12,0,8
327,-1.2999999523162842,0,0.64999997615814209,-1.1000000238418579,0,0.85000002384185791,-1,-1,2,2,9
328,-1.2999999523162842,0,0.64999997615814209,-1.1000000238418579,0.23999999463558197,0.85000002384185791,329,330,10,0,9
329,-1.2999999523162842,0,0.64999997615814209,-1.1000000238418579,0.23999999463558197,0.85000002384185791,-1,-1,8,8,10
330,-1.2999999523162842,0.23999999463558197,0.64999997615814209,-1.1000000238418579,0.23999999463558197,0.85000002384185791,-1,-1,2,2,10
331,-1.2999999523162842,0,0.94999998807907104,-1.1000000238418579,0.23999999463558197,1.1499999761581421,332,333,12,0,8
332,-1.2999999523162842,0,0.94999998807907104,-1.1000000238418579,0,1.1499999761581421,-1,-1,2,2,9
333,-1.2999999523162842,0,0.94999998807907104,-1.1000000238418579,0.23999999463558197,1.1499999761581421,334,335,10,0,9
334,-1.2999999523162842,0,0.94999998807907104,-1.1000000238418579,0.23999999463558197,1.1499999761581421,-1,-1,8,8,10
335,-1.2999999523162842,0.23999999463558197,0.94999998807907104,-1.1000000238418579,0.23999999463558197,1.1499999761581421,-1,-1,2,2,10
336,-5,0,-5,5,0.23999999463558197,5,337,338,98,0,2
337,-5,0,-5,5,0,5,-1,-1,2,2,3
338,2.7000000476837158,0,-0.25,3.7999999523162842,0.23999999463558197,0.25,339,362,96,0,3
339,2.7000000476837158,0,-0.25,3.2000000476837158,0.23999999463558197,0.25,340,351,48,0,4
340,2.7000000476837158,0,-0.25,2.9000000953674316,0.23999999463558197,0.25,341,346,24,0,5
341,2.7000000476837158,0,-0.25,2.9000000953674316,0.23999999463558197,-0.05000000074505806,342,343,12,0,6
342,2.7000000476837158,0,-0.25,2.9000000953674316,0,-0.05000000074505806,-1,-1,2,2,7
343,2.7000000476837158,0,-0.25,2.9000000953674316,0.23999999463558197,-0.05000000074505806,344,345,10,0,7
344,2.7000000476837158,0,-0.25,2.9000000953674316,0.23999999463558197,-0.05000000074505806,-1,-1,8,8,8
345,2.7000000476837158,0.23999999463558197,-0.25,2.9000000953674316,0.23999999463558197,-0.05000000074505806,-1,-1,2,2,8
346,2.7000000476837158,0,0.05000000074505806,2.9000000953674316,0.23999999463558197,0.25,347,348,12,0,6
347,2.7000000476837158,0,0.05000000074505806,2.9000000953674316,0,0.25,-1,-1,2,2,7
348,2.7000000476837158,0,0.05000000074505806,2.9000000953674316,0.23999999463558197,0.25,349,350,10,0,7
349,2.7000000476837158,0,0.05000000074505806,2.9000000953674316,0.23999999463558197,0.25,-1,-1,8,8,8
350,2.7000000476837158,0.23999999463558197,0.05000000074505806,2.9000000953674316,0.23999999463558197,0.25,-1,-1,2,2,8
351,3,0,-0.25,3.2000000476837158,0.23999999463558197,0.25,352,357,24,0,5
352,3,0,-0.25,3.2000000476837158,0.23999999463558197,-0.05000000074505806,353,354,12,0,6
353,3,0,-0.25,3.2000000476837158,0,-0.05000000074505806,-1,-1,2,2,7
354,3,0,-0.25,3.2000000476837158,0.23999999463558197,-0.05000000074505806,355,356,10,0,7
355,3,0,-0.25,3.2000000476837158,0.23999999463558197,-0.05000000074505806,-1,-1,8,8,8
356,3,0.23999999463558197,-0.25,3.2000000476837158,0.23999999463558197,-0.05000000074505806,-1,-1,2,2,8
357,3,0,0.05000000074505806,3.2000000476837158,0.23999999463558197,0.25,358,359,12,0,6
358,3,0,0.05000000074505806,3.2000000476837158,0,0.25,-1,-1,2,2,7
359,3,0,0.05000000074505806,3.2000000476837158,0.23999999463558197,0.25,360,361,10,0,7
360,3,0,0.05000000074505806,3.2000000476837158,0.23999999463558197,0.25,-1,-1,8,8,8
361,3,0.23999999463558197,0.05000000074505806,3.2000000476837158,0.23999999463558197,0.25,-1,-1,2,2,8
362,3.2999999523162842,0,-0.25,3.7999999523162842,0.23999999463558197,0.25,363,374,48,0,4
363,3.2999999523162842,0,-0.25,3.5,0.23999999463558197,0.25,364,369,24,0,5
364,3.2999999523162842,0,-0.25,3.5,0.23999999463558197,-0.05000000074505806,365,366,12,0,6
365,3.2999999523162842,0,-0.25,3.5,0,-0.05000000074505806,-1,-1,2,2,7
366,3.2999999523162842,0,-0.25,3.5,0.23999999463558197,-0.05000000074505806,367,368,10,0,7
367,3.2999999523162842,0,-0.25,3.5,0.23999999463558197,-0.05000000074505806,-1,-1,8,8,8
368,3.2999999523162842,0.23999999463558197,-0.25,3.5,0.23999999463558197,-0.05000000074505806,-1,-1,2,2,8
369,3.2999999523162842,0,0.05000000074505806,3.5,0.23999999463558197,0.25,370,371,12,0,6
370,3.2999999523162842,0,0.05000000074505806,3.5,0,0.25,-1,-1,2,2,7
371,3.2999999523162842,0,0.05000000074505806,3.5,0.23999999463558197,0.25,372,373,10,0,7
372,3.2999999523162842,0,0.05000000074505806,3.5,0.23999999463558197,0.25,-1,-1,8,8,8
373,3.2999999523162842,0.23999999463558197,0.05000000074505806,3.5,0.23999999463558197,0.25,-1,-1,2,2,8
374,3.5999999046325684,0,-0.25,3.7999999523162842,0.23999999463558197,0.25,375,380,24,0,5
375,3.5999999046325684,0,-0.25,3.7999999523162842,0.23999999463558197,-0.05000000074505806,376,377,12,0,6
376,3.5999999046325684,0,-0.25,3.7999999523162842,0,-0.05000000074505806,-1,-1,2,2,7
377,3.5999999046325684,0,-0.25,3.7999999523162842,0.23999999463558197,-0.05000000074505806,378,379,10,0,7
378,3.5999999046325684,0,-0.25,3.7999999523162842,0.23999999463558197,-0.05000000074505806,-1,-1,8,8,8
379,3.5999999046325684,0.23999999463558197,-0.25,3.7999999523162842,0.23999999463558197,-0.05000000074505806,-1,-1,2,2,8
380,3.5999999046325684,0,0.05000000074505806,3.7999999523162842,0.23999999463558197,0.25,381,382,12,0,6
381,3.5999999046325684,0,0.05000000074505806,3.7999999523162842,0,0.25,-1,-1,2,2,7
382,3.5999999046325684,0,0.05000000074505806,3.7999999523162842,0.23999999463558197,0.25,383,384,10,0,7
383,3.5999999046325684,0,0.05000000074505806,3.7999999523162842,0.23999999463558197,0.25,-1,-1,8,8,8
384,3.5999999046325684,0.23999999463558197,0.05000000074505806,3.7999999523162842,0.23999999463558197,0.25,-1,-1,2,2,8
