scene,phase,pair,order,position,arm,repetitions,rays_per_repeat,elapsed_ms,checksum
uniform,build,0,AB,1,median,1,0,0.22595799999999999,1043.0721263843636
uniform,build,0,AB,2,sah,1,0,0.30741600000000002,421.07212638436351
uniform,build,1,BA,1,sah,1,0,0.28954099999999999,421.07212638436351
uniform,build,1,BA,2,median,1,0,0.22525000000000001,1043.0721263843636
uniform,build,2,AB,1,median,1,0,0.22262499999999999,1043.0721263843636
uniform,build,2,AB,2,sah,1,0,0.29749999999999999,421.07212638436351
uniform,build,3,BA,1,sah,1,0,0.28966700000000001,421.07212638436351
uniform,build,3,BA,2,median,1,0,0.215833,1043.0721263843636
uniform,build,4,AB,1,median,1,0,0.214667,1043.0721263843636
uniform,build,4,AB,2,sah,1,0,0.296875,421.07212638436351
uniform,build,5,BA,1,sah,1,0,0.29483399999999998,421.07212638436351
uniform,build,5,BA,2,median,1,0,0.21241599999999999,1043.0721263843636
uniform,build,6,AB,1,median,1,0,0.21191699999999999,1043.0721263843636
uniform,build,6,AB,2,sah,1,0,0.29087499999999999,421.07212638436351
uniform,build,7,BA,1,sah,1,0,0.28962500000000002,421.07212638436351
uniform,build,7,BA,2,median,1,0,0.21145800000000001,1043.0721263843636
uniform,build,8,AB,1,median,1,0,0.21220800000000001,1043.0721263843636
uniform,build,8,AB,2,sah,1,0,0.295875,421.07212638436351
uniform,build,9,BA,1,sah,1,0,0.301458,421.07212638436351
uniform,build,9,BA,2,median,1,0,0.26937499999999998,1043.0721263843636
uniform,build,10,AB,1,median,1,0,0.29749999999999999,1043.0721263843636
uniform,build,10,AB,2,sah,1,0,0.32374999999999998,421.07212638436351
uniform,build,11,BA,1,sah,1,0,0.31979099999999999,421.07212638436351
uniform,build,11,BA,2,median,1,0,0.27662500000000001,1043.0721263843636
uniform,build,12,AB,1,median,1,0,0.24987500000000001,1043.0721263843636
uniform,build,12,AB,2,sah,1,0,0.30191600000000002,421.07212638436351
uniform,build,13,BA,1,sah,1,0,0.299541,421.07212638436351
uniform,build,13,BA,2,median,1,0,0.22783300000000001,1043.0721263843636
uniform,build,14,AB,1,median,1,0,0.23141700000000001,1043.0721263843636
uniform,build,14,AB,2,sah,1,0,0.30554199999999998,421.07212638436351
uniform,build,15,BA,1,sah,1,0,0.30308400000000002,421.07212638436351
uniform,build,15,BA,2,median,1,0,0.221084,1043.0721263843636
uniform,build,16,AB,1,median,1,0,0.22070799999999999,1043.0721263843636
uniform,build,16,AB,2,sah,1,0,0.298292,421.07212638436351
uniform,build,17,BA,1,sah,1,0,0.30341600000000002,421.07212638436351
uniform,build,17,BA,2,median,1,0,0.22387499999999999,1043.0721263843636
uniform,build,18,AB,1,median,1,0,0.22404199999999999,1043.0721263843636
uniform,build,18,AB,2,sah,1,0,0.30579200000000001,421.07212638436351
uniform,build,19,BA,1,sah,1,0,0.30116700000000002,421.07212638436351
uniform,build,19,BA,2,median,1,0,0.27762500000000001,1043.0721263843636
uniform,build,20,AB,1,median,1,0,0.26116699999999998,1043.0721263843636
uniform,build,20,AB,2,sah,1,0,0.30816700000000002,421.07212638436351
uniform,build,21,BA,1,sah,1,0,0.30295899999999998,421.07212638436351
uniform,build,21,BA,2,median,1,0,0.23724999999999999,1043.0721263843636
uniform,build,22,AB,1,median,1,0,0.22841700000000001,1043.0721263843636
uniform,build,22,AB,2,sah,1,0,0.38166699999999998,421.07212638436351
uniform,build,23,BA,1,sah,1,0,0.28249999999999997,421.07212638436351
uniform,build,23,BA,2,median,1,0,0.25979099999999999,1043.0721263843636
uniform,build,24,AB,1,median,1,0,0.24049999999999999,1043.0721263843636
uniform,build,24,AB,2,sah,1,0,0.30091600000000002,421.07212638436351
uniform,build,25,BA,1,sah,1,0,0.284333,421.07212638436351
uniform,build,25,BA,2,median,1,0,0.217,1043.0721263843636
uniform,build,26,AB,1,median,1,0,0.216166,1043.0721263843636
uniform,build,26,AB,2,sah,1,0,0.28829199999999999,421.07212638436351
uniform,build,27,BA,1,sah,1,0,0.30566700000000002,421.07212638436351
uniform,build,27,BA,2,median,1,0,0.214083,1043.0721263843636
uniform,build,28,AB,1,median,1,0,0.223,1043.0721263843636
uniform,build,28,AB,2,sah,1,0,0.29295900000000002,421.07212638436351
uniform,build,29,BA,1,sah,1,0,0.38670900000000002,421.07212638436351
uniform,build,29,BA,2,median,1,0,0.27150000000000002,1043.0721263843636
uniform,trace,0,AB,1,median,4,16384,19.28725,394163.60487677896
uniform,trace,0,AB,2,sah,4,16384,7.5945,394163.60487677896
uniform,trace,1,BA,1,sah,4,16384,7.9329169999999998,394163.60487677896
uniform,trace,1,BA,2,median,4,16384,20.058499999999999,394163.60487677896
uniform,trace,2,AB,1,median,4,16384,18.309332999999999,394163.60487677896
uniform,trace,2,AB,2,sah,4,16384,8.2481670000000005,394163.60487677896
uniform,trace,3,BA,1,sah,4,16384,8.2595419999999997,394163.60487677896
uniform,trace,3,BA,2,median,4,16384,19.399415999999999,394163.60487677896
uniform,trace,4,AB,1,median,4,16384,20.474582999999999,394163.60487677896
uniform,trace,4,AB,2,sah,4,16384,8.6180000000000003,394163.60487677896
uniform,trace,5,BA,1,sah,4,16384,8.5347080000000002,394163.60487677896
uniform,trace,5,BA,2,median,4,16384,19.595209000000001,394163.60487677896
uniform,trace,6,AB,1,median,4,16384,19.461915999999999,394163.60487677896
uniform,trace,6,AB,2,sah,4,16384,7.9325000000000001,394163.60487677896
uniform,trace,7,BA,1,sah,4,16384,8.4685419999999993,394163.60487677896
uniform,trace,7,BA,2,median,4,16384,21.614291999999999,394163.60487677896
uniform,trace,8,AB,1,median,4,16384,19.129584000000001,394163.60487677896
uniform,trace,8,AB,2,sah,4,16384,7.4460839999999999,394163.60487677896
uniform,trace,9,BA,1,sah,4,16384,8.361459,394163.60487677896
uniform,trace,9,BA,2,median,4,16384,21.572666000000002,394163.60487677896
uniform,trace,10,AB,1,median,4,16384,19.456167000000001,394163.60487677896
uniform,trace,10,AB,2,sah,4,16384,8.011666,394163.60487677896
uniform,trace,11,BA,1,sah,4,16384,8.2949169999999999,394163.60487677896
uniform,trace,11,BA,2,median,4,16384,19.762625,394163.60487677896
uniform,trace,12,AB,1,median,4,16384,19.978583,394163.60487677896
uniform,trace,12,AB,2,sah,4,16384,8.1675830000000005,394163.60487677896
uniform,trace,13,BA,1,sah,4,16384,8.1007920000000002,394163.60487677896
uniform,trace,13,BA,2,median,4,16384,19.887833000000001,394163.60487677896
uniform,trace,14,AB,1,median,4,16384,21.405332999999999,394163.60487677896
uniform,trace,14,AB,2,sah,4,16384,8.3725000000000005,394163.60487677896
uniform,trace,15,BA,1,sah,4,16384,8.5273330000000005,394163.60487677896
uniform,trace,15,BA,2,median,4,16384,19.305333999999998,394163.60487677896
uniform,trace,16,AB,1,median,4,16384,19.362082999999998,394163.60487677896
uniform,trace,16,AB,2,sah,4,16384,8.3111250000000005,394163.60487677896
uniform,trace,17,BA,1,sah,4,16384,8.2168340000000004,394163.60487677896
uniform,trace,17,BA,2,median,4,16384,19.342790999999998,394163.60487677896
uniform,trace,18,AB,1,median,4,16384,19.088709000000001,394163.60487677896
uniform,trace,18,AB,2,sah,4,16384,8.5569170000000003,394163.60487677896
uniform,trace,19,BA,1,sah,4,16384,8.5227920000000008,394163.60487677896
uniform,trace,19,BA,2,median,4,16384,19.793209000000001,394163.60487677896
uniform,trace,20,AB,1,median,4,16384,20.375499999999999,394163.60487677896
uniform,trace,20,AB,2,sah,4,16384,9.3865420000000004,394163.60487677896
uniform,trace,21,BA,1,sah,4,16384,9.5102080000000004,394163.60487677896
uniform,trace,21,BA,2,median,4,16384,22.110958,394163.60487677896
uniform,trace,22,AB,1,median,4,16384,19.796209000000001,394163.60487677896
uniform,trace,22,AB,2,sah,4,16384,9.871416,394163.60487677896
uniform,trace,23,BA,1,sah,4,16384,8.6107499999999995,394163.60487677896
uniform,trace,23,BA,2,median,4,16384,18.981625000000001,394163.60487677896
uniform,trace,24,AB,1,median,4,16384,18.067542,394163.60487677896
uniform,trace,24,AB,2,sah,4,16384,8.2543340000000001,394163.60487677896
uniform,trace,25,BA,1,sah,4,16384,7.7342089999999999,394163.60487677896
uniform,trace,25,BA,2,median,4,16384,18.994875,394163.60487677896
uniform,trace,26,AB,1,median,4,16384,18.092041999999999,394163.60487677896
uniform,trace,26,AB,2,sah,4,16384,7.7895830000000004,394163.60487677896
uniform,trace,27,BA,1,sah,4,16384,7.9268340000000004,394163.60487677896
uniform,trace,27,BA,2,median,4,16384,20.594667000000001,394163.60487677896
uniform,trace,28,AB,1,median,4,16384,18.781500000000001,394163.60487677896
uniform,trace,28,AB,2,sah,4,16384,8.0155829999999995,394163.60487677896
uniform,trace,29,BA,1,sah,4,16384,7.5744170000000004,394163.60487677896
uniform,trace,29,BA,2,median,4,16384,18.926292,394163.60487677896
clusters,build,0,AB,1,median,1,0,0.217,1039.9875684131005
clusters,build,0,AB,2,sah,1,0,0.29562500000000003,401.98756841310046
clusters,build,1,BA,1,sah,1,0,0.295792,401.98756841310046
clusters,build,1,BA,2,median,1,0,0.21512500000000001,1039.9875684131005
clusters,build,2,AB,1,median,1,0,0.213334,1039.9875684131005
clusters,build,2,AB,2,sah,1,0,0.29783300000000001,401.98756841310046
clusters,build,3,BA,1,sah,1,0,0.29683300000000001,401.98756841310046
clusters,build,3,BA,2,median,1,0,0.21249999999999999,1039.9875684131005
clusters,build,4,AB,1,median,1,0,0.21137500000000001,1039.9875684131005
clusters,build,4,AB,2,sah,1,0,0.29591600000000001,401.98756841310046
clusters,build,5,BA,1,sah,1,0,0.29975000000000002,401.98756841310046
clusters,build,5,BA,2,median,1,0,0.22170799999999999,1039.9875684131005
clusters,build,6,AB,1,median,1,0,0.21904199999999999,1039.9875684131005
clusters,build,6,AB,2,sah,1,0,0.30241600000000002,401.98756841310046
clusters,build,7,BA,1,sah,1,0,0.29591699999999999,401.98756841310046
clusters,build,7,BA,2,median,1,0,0.22187499999999999,1039.9875684131005
clusters,build,8,AB,1,median,1,0,0.21179100000000001,1039.9875684131005
clusters,build,8,AB,2,sah,1,0,0.29295900000000002,401.98756841310046
clusters,build,9,BA,1,sah,1,0,0.29370800000000002,401.98756841310046
clusters,build,9,BA,2,median,1,0,0.20970800000000001,1039.9875684131005
clusters,build,10,AB,1,median,1,0,0.20987500000000001,1039.9875684131005
clusters,build,10,AB,2,sah,1,0,0.292458,401.98756841310046
clusters,build,11,BA,1,sah,1,0,0.32716699999999999,401.98756841310046
clusters,build,11,BA,2,median,1,0,0.28795900000000002,1039.9875684131005
clusters,build,12,AB,1,median,1,0,0.35199999999999998,1039.9875684131005
clusters,build,12,AB,2,sah,1,0,0.41595799999999999,401.98756841310046
clusters,build,13,BA,1,sah,1,0,0.32100000000000001,401.98756841310046
clusters,build,13,BA,2,median,1,0,0.28929199999999999,1039.9875684131005
clusters,build,14,AB,1,median,1,0,0.253334,1039.9875684131005
clusters,build,14,AB,2,sah,1,0,0.30275000000000002,401.98756841310046
clusters,build,15,BA,1,sah,1,0,0.29399999999999998,401.98756841310046
clusters,build,15,BA,2,median,1,0,0.22595899999999999,1039.9875684131005
clusters,build,16,AB,1,median,1,0,0.21875,1039.9875684131005
clusters,build,16,AB,2,sah,1,0,0.29708400000000001,401.98756841310046
clusters,build,17,BA,1,sah,1,0,0.29825000000000002,401.98756841310046
clusters,build,17,BA,2,median,1,0,0.22054099999999999,1039.9875684131005
clusters,build,18,AB,1,median,1,0,0.218167,1039.9875684131005
clusters,build,18,AB,2,sah,1,0,0.30266700000000002,401.98756841310046
clusters,build,19,BA,1,sah,1,0,0.29875000000000002,401.98756841310046
clusters,build,19,BA,2,median,1,0,0.21754100000000001,1039.9875684131005
clusters,build,20,AB,1,median,1,0,0.217333,1039.9875684131005
clusters,build,20,AB,2,sah,1,0,0.30175000000000002,401.98756841310046
clusters,build,21,BA,1,sah,1,0,0.299958,401.98756841310046
clusters,build,21,BA,2,median,1,0,0.21099999999999999,1039.9875684131005
clusters,build,22,AB,1,median,1,0,0.21108399999999999,1039.9875684131005
clusters,build,22,AB,2,sah,1,0,0.30229099999999998,401.98756841310046
clusters,build,23,BA,1,sah,1,0,0.299292,401.98756841310046
clusters,build,23,BA,2,median,1,0,0.216167,1039.9875684131005
clusters,build,24,AB,1,median,1,0,0.21362500000000001,1039.9875684131005
clusters,build,24,AB,2,sah,1,0,0.29466700000000001,401.98756841310046
clusters,build,25,BA,1,sah,1,0,0.29870799999999997,401.98756841310046
clusters,build,25,BA,2,median,1,0,0.220084,1039.9875684131005
clusters,build,26,AB,1,median,1,0,0.21425,1039.9875684131005
clusters,build,26,AB,2,sah,1,0,0.29691699999999999,401.98756841310046
clusters,build,27,BA,1,sah,1,0,0.29666700000000001,401.98756841310046
clusters,build,27,BA,2,median,1,0,0.337584,1039.9875684131005
clusters,build,28,AB,1,median,1,0,0.28929199999999999,1039.9875684131005
clusters,build,28,AB,2,sah,1,0,0.331125,401.98756841310046
clusters,build,29,BA,1,sah,1,0,0.29620800000000003,401.98756841310046
clusters,build,29,BA,2,median,1,0,0.214166,1039.9875684131005
clusters,trace,0,AB,1,median,4,16384,10.516500000000001,358435.49406090868
clusters,trace,0,AB,2,sah,4,16384,3.0664579999999999,358435.49406090868
clusters,trace,1,BA,1,sah,4,16384,3.018167,358435.49406090868
clusters,trace,1,BA,2,median,4,16384,9.9464579999999998,358435.49406090868
clusters,trace,2,AB,1,median,4,16384,10.97175,358435.49406090868
clusters,trace,2,AB,2,sah,4,16384,2.9629590000000001,358435.49406090868
clusters,trace,3,BA,1,sah,4,16384,2.6564169999999998,358435.49406090868
clusters,trace,3,BA,2,median,4,16384,10.206542000000001,358435.49406090868
clusters,trace,4,AB,1,median,4,16384,10.954708999999999,358435.49406090868
clusters,trace,4,AB,2,sah,4,16384,2.7319580000000001,358435.49406090868
clusters,trace,5,BA,1,sah,4,16384,2.8034590000000001,358435.49406090868
clusters,trace,5,BA,2,median,4,16384,13.86225,358435.49406090868
clusters,trace,6,AB,1,median,4,16384,31.082916999999998,358435.49406090868
clusters,trace,6,AB,2,sah,4,16384,4.7375410000000002,358435.49406090868
clusters,trace,7,BA,1,sah,4,16384,4.8399999999999999,358435.49406090868
clusters,trace,7,BA,2,median,4,16384,23.508375000000001,358435.49406090868
clusters,trace,8,AB,1,median,4,16384,11.194750000000001,358435.49406090868
clusters,trace,8,AB,2,sah,4,16384,2.8073329999999999,358435.49406090868
clusters,trace,9,BA,1,sah,4,16384,3.473417,358435.49406090868
clusters,trace,9,BA,2,median,4,16384,11.158250000000001,358435.49406090868
clusters,trace,10,AB,1,median,4,16384,10.536667,358435.49406090868
clusters,trace,10,AB,2,sah,4,16384,3.1608749999999999,358435.49406090868
clusters,trace,11,BA,1,sah,4,16384,2.8773749999999998,358435.49406090868
clusters,trace,11,BA,2,median,4,16384,9.9979580000000006,358435.49406090868
clusters,trace,12,AB,1,median,4,16384,12.817083,358435.49406090868
clusters,trace,12,AB,2,sah,4,16384,3.0072079999999999,358435.49406090868
clusters,trace,13,BA,1,sah,4,16384,3.0976659999999998,358435.49406090868
clusters,trace,13,BA,2,median,4,16384,11.904541999999999,358435.49406090868
clusters,trace,14,AB,1,median,4,16384,10.551167,358435.49406090868
clusters,trace,14,AB,2,sah,4,16384,3.107666,358435.49406090868
clusters,trace,15,BA,1,sah,4,16384,2.7513749999999999,358435.49406090868
clusters,trace,15,BA,2,median,4,16384,10.293417,358435.49406090868
clusters,trace,16,AB,1,median,4,16384,11.335875,358435.49406090868
clusters,trace,16,AB,2,sah,4,16384,2.996375,358435.49406090868
clusters,trace,17,BA,1,sah,4,16384,2.9674589999999998,358435.49406090868
clusters,trace,17,BA,2,median,4,16384,11.452958000000001,358435.49406090868
clusters,trace,18,AB,1,median,4,16384,11.213042,358435.49406090868
clusters,trace,18,AB,2,sah,4,16384,3.3245,358435.49406090868
clusters,trace,19,BA,1,sah,4,16384,3.0185420000000001,358435.49406090868
clusters,trace,19,BA,2,median,4,16384,11.320792000000001,358435.49406090868
clusters,trace,20,AB,1,median,4,16384,11.340875,358435.49406090868
clusters,trace,20,AB,2,sah,4,16384,2.727125,358435.49406090868
clusters,trace,21,BA,1,sah,4,16384,2.6533329999999999,358435.49406090868
clusters,trace,21,BA,2,median,4,16384,10.689500000000001,358435.49406090868
clusters,trace,22,AB,1,median,4,16384,10.638292,358435.49406090868
clusters,trace,22,AB,2,sah,4,16384,3.0585420000000001,358435.49406090868
clusters,trace,23,BA,1,sah,4,16384,2.9770840000000001,358435.49406090868
clusters,trace,23,BA,2,median,4,16384,10.304874999999999,358435.49406090868
clusters,trace,24,AB,1,median,4,16384,10.929708,358435.49406090868
clusters,trace,24,AB,2,sah,4,16384,3.0119590000000001,358435.49406090868
clusters,trace,25,BA,1,sah,4,16384,3.1791659999999999,358435.49406090868
clusters,trace,25,BA,2,median,4,16384,10.076416,358435.49406090868
clusters,trace,26,AB,1,median,4,16384,10.28725,358435.49406090868
clusters,trace,26,AB,2,sah,4,16384,3.0568749999999998,358435.49406090868
clusters,trace,27,BA,1,sah,4,16384,2.8912499999999999,358435.49406090868
clusters,trace,27,BA,2,median,4,16384,10.661292,358435.49406090868
clusters,trace,28,AB,1,median,4,16384,11.477209,358435.49406090868
clusters,trace,28,AB,2,sah,4,16384,2.6457090000000001,358435.49406090868
clusters,trace,29,BA,1,sah,4,16384,2.7395830000000001,358435.49406090868
clusters,trace,29,BA,2,median,4,16384,9.8144159999999996,358435.49406090868
overlap,build,0,AB,1,median,1,0,0.19316700000000001,1038.8444018377863
overlap,build,0,AB,2,sah,1,0,0.077457999999999999,20.844401837786286
overlap,build,1,BA,1,sah,1,0,0.078875000000000001,20.844401837786286
overlap,build,1,BA,2,median,1,0,0.19404199999999999,1038.8444018377863
overlap,build,2,AB,1,median,1,0,0.18404100000000001,1038.8444018377863
overlap,build,2,AB,2,sah,1,0,0.074207999999999996,20.844401837786286
overlap,build,3,BA,1,sah,1,0,0.073416999999999996,20.844401837786286
overlap,build,3,BA,2,median,1,0,0.18095800000000001,1038.8444018377863
overlap,build,4,AB,1,median,1,0,0.182,1038.8444018377863
overlap,build,4,AB,2,sah,1,0,0.072499999999999995,20.844401837786286
overlap,build,5,BA,1,sah,1,0,0.072499999999999995,20.844401837786286
overlap,build,5,BA,2,median,1,0,0.183083,1038.8444018377863
overlap,build,6,AB,1,median,1,0,0.17949999999999999,1038.8444018377863
overlap,build,6,AB,2,sah,1,0,0.072332999999999995,20.844401837786286
overlap,build,7,BA,1,sah,1,0,0.071665999999999994,20.844401837786286
overlap,build,7,BA,2,median,1,0,0.17774999999999999,1038.8444018377863
overlap,build,8,AB,1,median,1,0,0.18845899999999999,1038.8444018377863
overlap,build,8,AB,2,sah,1,0,0.078417000000000001,20.844401837786286
overlap,build,9,BA,1,sah,1,0,0.071582999999999994,20.844401837786286
overlap,build,9,BA,2,median,1,0,0.17812500000000001,1038.8444018377863
overlap,build,10,AB,1,median,1,0,0.177458,1038.8444018377863
overlap,build,10,AB,2,sah,1,0,0.071499999999999994,20.844401837786286
overlap,build,11,BA,1,sah,1,0,0.071916999999999995,20.844401837786286
overlap,build,11,BA,2,median,1,0,0.176625,1038.8444018377863
overlap,build,12,AB,1,median,1,0,0.176708,1038.8444018377863
overlap,build,12,AB,2,sah,1,0,0.071916999999999995,20.844401837786286
overlap,build,13,BA,1,sah,1,0,0.071374999999999994,20.844401837786286
overlap,build,13,BA,2,median,1,0,0.17641699999999999,1038.8444018377863
overlap,build,14,AB,1,median,1,0,0.176875,1038.8444018377863
overlap,build,14,AB,2,sah,1,0,0.071457999999999994,20.844401837786286
overlap,build,15,BA,1,sah,1,0,0.072249999999999995,20.844401837786286
overlap,build,15,BA,2,median,1,0,0.17658299999999999,1038.8444018377863
overlap,build,16,AB,1,median,1,0,0.177291,1038.8444018377863
overlap,build,16,AB,2,sah,1,0,0.072791999999999996,20.844401837786286
overlap,build,17,BA,1,sah,1,0,0.071249999999999994,20.844401837786286
overlap,build,17,BA,2,median,1,0,0.17649999999999999,1038.8444018377863
overlap,build,18,AB,1,median,1,0,0.17699999999999999,1038.8444018377863
overlap,build,18,AB,2,sah,1,0,0.076041999999999998,20.844401837786286
overlap,build,19,BA,1,sah,1,0,0.072624999999999995,20.844401837786286
overlap,build,19,BA,2,median,1,0,0.17729200000000001,1038.8444018377863
overlap,build,20,AB,1,median,1,0,0.17762500000000001,1038.8444018377863
overlap,build,20,AB,2,sah,1,0,0.072583999999999996,20.844401837786286
overlap,build,21,BA,1,sah,1,0,0.072291999999999995,20.844401837786286
overlap,build,21,BA,2,median,1,0,0.177208,1038.8444018377863
overlap,build,22,AB,1,median,1,0,0.176958,1038.8444018377863
overlap,build,22,AB,2,sah,1,0,0.071999999999999995,20.844401837786286
overlap,build,23,BA,1,sah,1,0,0.071541999999999994,20.844401837786286
overlap,build,23,BA,2,median,1,0,0.17720900000000001,1038.8444018377863
overlap,build,24,AB,1,median,1,0,0.19279199999999999,1038.8444018377863
overlap,build,24,AB,2,sah,1,0,0.075624999999999998,20.844401837786286
overlap,build,25,BA,1,sah,1,0,0.074165999999999996,20.844401837786286
overlap,build,25,BA,2,median,1,0,0.223416,1038.8444018377863
overlap,build,26,AB,1,median,1,0,0.29691699999999999,1038.8444018377863
overlap,build,26,AB,2,sah,1,0,0.079375000000000001,20.844401837786286
overlap,build,27,BA,1,sah,1,0,0.074040999999999996,20.844401837786286
overlap,build,27,BA,2,median,1,0,0.24358299999999999,1038.8444018377863
overlap,build,28,AB,1,median,1,0,0.19600000000000001,1038.8444018377863
overlap,build,28,AB,2,sah,1,0,0.076249999999999998,20.844401837786286
overlap,build,29,BA,1,sah,1,0,0.075874999999999998,20.844401837786286
overlap,build,29,BA,2,median,1,0,0.18904199999999999,1038.8444018377863
overlap,trace,0,AB,1,median,4,16384,25.733332999999998,351212.0836414785
overlap,trace,0,AB,2,sah,4,16384,59.217666000000001,351212.0836414785
overlap,trace,1,BA,1,sah,4,16384,56.673166999999999,351212.0836414785
overlap,trace,1,BA,2,median,4,16384,24.004584000000001,351212.0836414785
overlap,trace,2,AB,1,median,4,16384,26.244208,351212.0836414785
overlap,trace,2,AB,2,sah,4,16384,57.087457999999998,351212.0836414785
overlap,trace,3,BA,1,sah,4,16384,57.399749999999997,351212.0836414785
overlap,trace,3,BA,2,median,4,16384,22.779,351212.0836414785
overlap,trace,4,AB,1,median,4,16384,23.732624999999999,351212.0836414785
overlap,trace,4,AB,2,sah,4,16384,57.958666000000001,351212.0836414785
overlap,trace,5,BA,1,sah,4,16384,56.678624999999997,351212.0836414785
overlap,trace,5,BA,2,median,4,16384,24.681792000000002,351212.0836414785
overlap,trace,6,AB,1,median,4,16384,21.790709,351212.0836414785
overlap,trace,6,AB,2,sah,4,16384,56.742708,351212.0836414785
overlap,trace,7,BA,1,sah,4,16384,56.824916999999999,351212.0836414785
overlap,trace,7,BA,2,median,4,16384,24.274916000000001,351212.0836414785
overlap,trace,8,AB,1,median,4,16384,24.702166999999999,351212.0836414785
overlap,trace,8,AB,2,sah,4,16384,58.468041999999997,351212.0836414785
overlap,trace,9,BA,1,sah,4,16384,57.175167000000002,351212.0836414785
overlap,trace,9,BA,2,median,4,16384,23.265291000000001,351212.0836414785
overlap,trace,10,AB,1,median,4,16384,24.461292,351212.0836414785
overlap,trace,10,AB,2,sah,4,16384,56.813000000000002,351212.0836414785
overlap,trace,11,BA,1,sah,4,16384,56.938541999999998,351212.0836414785
overlap,trace,11,BA,2,median,4,16384,24.562042000000002,351212.0836414785
overlap,trace,12,AB,1,median,4,16384,26.311709,351212.0836414785
overlap,trace,12,AB,2,sah,4,16384,59.104875,351212.0836414785
overlap,trace,13,BA,1,sah,4,16384,56.226042,351212.0836414785
overlap,trace,13,BA,2,median,4,16384,23.291042000000001,351212.0836414785
overlap,trace,14,AB,1,median,4,16384,22.993082999999999,351212.0836414785
overlap,trace,14,AB,2,sah,4,16384,57.439791999999997,351212.0836414785
overlap,trace,15,BA,1,sah,4,16384,56.650542000000002,351212.0836414785
overlap,trace,15,BA,2,median,4,16384,25.525666999999999,351212.0836414785
overlap,trace,16,AB,1,median,4,16384,25.225959,351212.0836414785
overlap,trace,16,AB,2,sah,4,16384,56.182042000000003,351212.0836414785
overlap,trace,17,BA,1,sah,4,16384,56.364583000000003,351212.0836414785
overlap,trace,17,BA,2,median,4,16384,25.653167,351212.0836414785
overlap,trace,18,AB,1,median,4,16384,25.913667,351212.0836414785
overlap,trace,18,AB,2,sah,4,16384,56.808959000000002,351212.0836414785
overlap,trace,19,BA,1,sah,4,16384,57.371124999999999,351212.0836414785
overlap,trace,19,BA,2,median,4,16384,24.897124999999999,351212.0836414785
overlap,trace,20,AB,1,median,4,16384,24.576750000000001,351212.0836414785
overlap,trace,20,AB,2,sah,4,16384,56.556790999999997,351212.0836414785
overlap,trace,21,BA,1,sah,4,16384,56.669167000000002,351212.0836414785
overlap,trace,21,BA,2,median,4,16384,25.181000000000001,351212.0836414785
overlap,trace,22,AB,1,median,4,16384,24.493500000000001,351212.0836414785
overlap,trace,22,AB,2,sah,4,16384,58.451666000000003,351212.0836414785
overlap,trace,23,BA,1,sah,4,16384,57.050584000000001,351212.0836414785
overlap,trace,23,BA,2,median,4,16384,23.695042000000001,351212.0836414785
overlap,trace,24,AB,1,median,4,16384,22.767583999999999,351212.0836414785
overlap,trace,24,AB,2,sah,4,16384,57.532499999999999,351212.0836414785
overlap,trace,25,BA,1,sah,4,16384,56.721499999999999,351212.0836414785
overlap,trace,25,BA,2,median,4,16384,24.952874999999999,351212.0836414785
overlap,trace,26,AB,1,median,4,16384,24.572915999999999,351212.0836414785
overlap,trace,26,AB,2,sah,4,16384,57.708458,351212.0836414785
overlap,trace,27,BA,1,sah,4,16384,57.624167,351212.0836414785
overlap,trace,27,BA,2,median,4,16384,25.861415999999998,351212.0836414785
overlap,trace,28,AB,1,median,4,16384,25.472290999999998,351212.0836414785
overlap,trace,28,AB,2,sah,4,16384,58.552791999999997,351212.0836414785
overlap,trace,29,BA,1,sah,4,16384,59.947583999999999,351212.0836414785
overlap,trace,29,BA,2,median,4,16384,26.526167000000001,351212.0836414785
