subdivisions,outer_step,t_seconds,internal_h_seconds,x_m,v_m_per_s,energy_J,analytic_x_m,analytic_v_m_per_s
1,0,0,1.1000000000000001,1,0,2,1,-0
1,1,1.1000000000000001,1.1000000000000001,-3.8400000000000007,-4.4000000000000004,39.171200000000013,-0.58850111725534582,-1.6169928076391802
1,2,2.2000000000000002,1.1000000000000001,9.9056000000000051,12.496000000000004,274.31683072000027,-0.30733286997841935,1.9032041477790322
1,3,3.3000000000000003,1.1000000000000001,-24.291904000000024,-31.088640000000023,1663.4449684152351,0.95023259195852927,-0.62308272702675738
1,4,4.4000000000000004,1.1000000000000001,59.083407360000088,75.795737600000095,9854.1949696994598,-0.81109301406165601,-1.1698343857835234
1,5,5.5,1.1000000000000001,-143.50497290240028,-184.17125478400033,58146.880039793861,0.0044256979880507854,1.999980413101407
1,6,6.6000000000000005,1.1000000000000001,348.47071568281683,447.25062598656098,342880.24059967446,0.80588395764044973,-1.1841470294144489
1,7,7.7000000000000011,1.1000000000000001,-846.15185963679983,-1086.0205230178333,2021666.2273415932,-0.95295291688718087,-0.60623671349140118
1,8,8.8000000000000007,1.1000000000000001,2054.6005656856955,2637.0476593840863,11919777.147963503,0.31574375491924334,1.8976889958362479
1,9,9.9000000000000004,1.1000000000000001,-4988.9137469105772,-6403.1948296329747,70278972.761345908,0.58132181181443565,-1.6273474750142107
1,10,11,1.1000000000000001,12113.914475540349,15548.025656773567,414364398.75325656,-0.99996082639463713,0.017702618580807752
2,0,0,0.55000000000000004,1,0,2,1,-0
2,1,1.1000000000000001,0.55000000000000004,-1.1659000000000002,-1.7379999999999998,4.2289676200000006,-0.58850111725534582,-1.6169928076391802
2,2,2.2000000000000002,0.55000000000000004,0.60416181000000069,2.3913142000000005,3.5892147868857749,-0.30733286997841935,1.9032041477790322
2,3,3.3000000000000003,0.55000000000000004,0.33463376562099917,-1.5522092077800014,1.4286362265458894,0.95023259195852927,-0.62308272702675738
2,4,4.4000000000000004,0.55000000000000004,-1.0645844081179334,-0.25562955101549589,2.2993531576918134,-0.81109301406165601,-1.1698343857835234
2,5,5.5,0.55000000000000004,1.1301279215084659,1.9039299070222222,4.3668527833729138,0.0044256979880507854,1.999980413101407
2,6,6.6000000000000005,0.55000000000000004,-0.49035859908556517,-2.3639876080563806,3.2751218169163798,0.80588395764044973,-1.1841470294144489
2,7,7.7000000000000011,0.55000000000000004,-0.45544352502663676,1.3486806429025526,1.3243273472473986,-0.95295291688718087,-0.60623671349140118
2,8,8.8000000000000007,0.55000000000000004,1.117003345169715,0.50833791148675833,2.6245966623680266,0.31574375491924334,1.8976889958362479
2,9,9.9000000000000004,0.55000000000000004,-1.0814413775923746,-2.0481027753171839,4.4363933954687615,0.58132181181443565,-1.6273474750142107
2,10,11,0.55000000000000004,0.37095184625963346,2.3096466970721559,2.9424444771350209,-0.99996082639463713,0.017702618580807752
