case,t_seconds,raw_y_m,raw_v_m_per_s,endpoint_repair_y_m,endpoint_repair_v_m_per_s,ccd_y_m,ccd_v_m_per_s
hand,0,1,0,1,0,1,0
hand,0.01,0.99990000000000001,-0.02,0.99990000000000001,-0.02,0.99990000000000001,-0.02
hand,0.02,0.99960000000000004,-0.040000000000000001,0.99960000000000004,-0.040000000000000001,0.99960000000000004,-0.040000000000000001
hand,0.029999999999999999,0.99909999999999999,-0.059999999999999998,0.99909999999999999,-0.059999999999999998,0.99909999999999999,-0.059999999999999998
hand,0.040000000000000001,0.99839999999999995,-0.080000000000000002,0.99839999999999995,-0.080000000000000002,0.99839999999999995,-0.080000000000000002
hand,0.050000000000000003,0.99750000000000005,-0.10000000000000001,0.99750000000000005,-0.10000000000000001,0.99750000000000005,-0.10000000000000001
hand,0.059999999999999998,0.99639999999999995,-0.12,0.99639999999999995,-0.12,0.99639999999999995,-0.12
hand,0.070000000000000007,0.99509999999999998,-0.14000000000000001,0.99509999999999998,-0.14000000000000001,0.99509999999999998,-0.14000000000000001
hand,0.080000000000000002,0.99360000000000004,-0.16,0.99360000000000004,-0.16,0.99360000000000004,-0.16
hand,0.089999999999999997,0.9919,-0.17999999999999999,0.9919,-0.17999999999999999,0.9919,-0.17999999999999999
hand,0.10000000000000001,0.98999999999999999,-0.20000000000000001,0.98999999999999999,-0.20000000000000001,0.98999999999999999,-0.20000000000000001
hand,0.11,0.9879,-0.22,0.9879,-0.22,0.9879,-0.22
hand,0.12,0.98560000000000003,-0.23999999999999999,0.98560000000000003,-0.23999999999999999,0.98560000000000003,-0.23999999999999999
hand,0.13,0.98309999999999997,-0.26000000000000001,0.98309999999999997,-0.26000000000000001,0.98309999999999997,-0.26000000000000001
hand,0.14000000000000001,0.98040000000000005,-0.28000000000000003,0.98040000000000005,-0.28000000000000003,0.98040000000000005,-0.28000000000000003
hand,0.14999999999999999,0.97750000000000004,-0.29999999999999999,0.97750000000000004,-0.29999999999999999,0.97750000000000004,-0.29999999999999999
hand,0.16,0.97440000000000004,-0.32000000000000001,0.97440000000000004,-0.32000000000000001,0.97440000000000004,-0.32000000000000001
hand,0.17000000000000001,0.97109999999999996,-0.34000000000000002,0.97109999999999996,-0.34000000000000002,0.97109999999999996,-0.34000000000000002
hand,0.17999999999999999,0.96760000000000002,-0.35999999999999999,0.96760000000000002,-0.35999999999999999,0.96760000000000002,-0.35999999999999999
hand,0.19,0.96389999999999998,-0.38,0.96389999999999998,-0.38,0.96389999999999998,-0.38
hand,0.20000000000000001,0.95999999999999996,-0.40000000000000002,0.95999999999999996,-0.40000000000000002,0.95999999999999996,-0.40000000000000002
hand,0.20999999999999999,0.95589999999999997,-0.41999999999999998,0.95589999999999997,-0.41999999999999998,0.95589999999999997,-0.41999999999999998
hand,0.22,0.9516,-0.44,0.9516,-0.44,0.9516,-0.44
hand,0.23000000000000001,0.94709999999999994,-0.46000000000000002,0.94709999999999994,-0.46000000000000002,0.94709999999999994,-0.46000000000000002
hand,0.23999999999999999,0.94240000000000002,-0.47999999999999998,0.94240000000000002,-0.47999999999999998,0.94240000000000002,-0.47999999999999998
hand,0.25,0.9375,-0.5,0.9375,-0.5,0.9375,-0.5
hand,0.26000000000000001,0.93240000000000001,-0.52000000000000002,0.93240000000000001,-0.52000000000000002,0.93240000000000001,-0.52000000000000002
hand,0.27000000000000002,0.92710000000000004,-0.54000000000000004,0.92710000000000004,-0.54000000000000004,0.92710000000000004,-0.54000000000000004
hand,0.28000000000000003,0.92159999999999997,-0.56000000000000005,0.92159999999999997,-0.56000000000000005,0.92159999999999997,-0.56000000000000005
hand,0.28999999999999998,0.91590000000000005,-0.57999999999999996,0.91590000000000005,-0.57999999999999996,0.91590000000000005,-0.57999999999999996
hand,0.29999999999999999,0.91000000000000003,-0.59999999999999998,0.91000000000000003,-0.59999999999999998,0.91000000000000003,-0.59999999999999998
hand,0.31,0.90390000000000004,-0.62,0.90390000000000004,-0.62,0.90390000000000004,-0.62
hand,0.32000000000000001,0.89759999999999995,-0.64000000000000001,0.89759999999999995,-0.64000000000000001,0.89759999999999995,-0.64000000000000001
hand,0.33000000000000002,0.8911,-0.66000000000000003,0.8911,-0.66000000000000003,0.8911,-0.66000000000000003
hand,0.34000000000000002,0.88439999999999996,-0.68000000000000005,0.88439999999999996,-0.68000000000000005,0.88439999999999996,-0.68000000000000005
hand,0.34999999999999998,0.87750000000000006,-0.69999999999999996,0.87750000000000006,-0.69999999999999996,0.87750000000000006,-0.69999999999999996
hand,0.35999999999999999,0.87040000000000006,-0.71999999999999997,0.87040000000000006,-0.71999999999999997,0.87040000000000006,-0.71999999999999997
hand,0.37,0.86309999999999998,-0.73999999999999999,0.86309999999999998,-0.73999999999999999,0.86309999999999998,-0.73999999999999999
hand,0.38,0.85560000000000003,-0.76000000000000001,0.85560000000000003,-0.76000000000000001,0.85560000000000003,-0.76000000000000001
hand,0.39000000000000001,0.84789999999999999,-0.78000000000000003,0.84789999999999999,-0.78000000000000003,0.84789999999999999,-0.78000000000000003
hand,0.40000000000000002,0.83999999999999997,-0.80000000000000004,0.83999999999999997,-0.80000000000000004,0.83999999999999997,-0.80000000000000004
hand,0.40999999999999998,0.83189999999999997,-0.81999999999999995,0.83189999999999997,-0.81999999999999995,0.83189999999999997,-0.81999999999999995
hand,0.41999999999999998,0.8236,-0.83999999999999997,0.8236,-0.83999999999999997,0.8236,-0.83999999999999997
hand,0.42999999999999999,0.81510000000000005,-0.85999999999999999,0.81510000000000005,-0.85999999999999999,0.81510000000000005,-0.85999999999999999
hand,0.44,0.80640000000000001,-0.88,0.80640000000000001,-0.88,0.80640000000000001,-0.88
hand,0.45000000000000001,0.79749999999999999,-0.90000000000000002,0.79749999999999999,-0.90000000000000002,0.79749999999999999,-0.90000000000000002
hand,0.46000000000000002,0.78839999999999999,-0.92000000000000004,0.78839999999999999,-0.92000000000000004,0.78839999999999999,-0.92000000000000004
hand,0.46999999999999997,0.77910000000000001,-0.93999999999999995,0.77910000000000001,-0.93999999999999995,0.77910000000000001,-0.93999999999999995
hand,0.47999999999999998,0.76960000000000006,-0.95999999999999996,0.76960000000000006,-0.95999999999999996,0.76960000000000006,-0.95999999999999996
hand,0.48999999999999999,0.75990000000000002,-0.97999999999999998,0.75990000000000002,-0.97999999999999998,0.75990000000000002,-0.97999999999999998
hand,0.5,0.75,-1,0.75,-1,0.75,-1
hand,0.51000000000000001,0.7399,-1.02,0.7399,-1.02,0.7399,-1.02
hand,0.52000000000000002,0.72960000000000003,-1.04,0.72960000000000003,-1.04,0.72960000000000003,-1.04
hand,0.53000000000000003,0.71909999999999996,-1.0600000000000001,0.71909999999999996,-1.0600000000000001,0.71909999999999996,-1.0600000000000001
hand,0.54000000000000004,0.70839999999999992,-1.0800000000000001,0.70839999999999992,-1.0800000000000001,0.70839999999999992,-1.0800000000000001
hand,0.55000000000000004,0.6974999999999999,-1.1000000000000001,0.6974999999999999,-1.1000000000000001,0.6974999999999999,-1.1000000000000001
hand,0.56000000000000005,0.6863999999999999,-1.1200000000000001,0.6863999999999999,-1.1200000000000001,0.6863999999999999,-1.1200000000000001
hand,0.56999999999999995,0.67510000000000003,-1.1399999999999999,0.67510000000000003,-1.1399999999999999,0.67510000000000003,-1.1399999999999999
hand,0.57999999999999996,0.66360000000000008,-1.1599999999999999,0.66360000000000008,-1.1599999999999999,0.66360000000000008,-1.1599999999999999
hand,0.58999999999999997,0.65190000000000003,-1.1799999999999999,0.65190000000000003,-1.1799999999999999,0.65190000000000003,-1.1799999999999999
hand,0.59999999999999998,0.64000000000000001,-1.2,0.64000000000000001,-1.2,0.64000000000000001,-1.2
hand,0.60999999999999999,0.62790000000000001,-1.22,0.62790000000000001,-1.22,0.62790000000000001,-1.22
hand,0.62,0.61560000000000004,-1.24,0.61560000000000004,-1.24,0.61560000000000004,-1.24
hand,0.63,0.60309999999999997,-1.26,0.60309999999999997,-1.26,0.60309999999999997,-1.26
hand,0.64000000000000001,0.59040000000000004,-1.28,0.59040000000000004,-1.28,0.59040000000000004,-1.28
hand,0.65000000000000002,0.57750000000000001,-1.3,0.57750000000000001,-1.3,0.57750000000000001,-1.3
hand,0.66000000000000003,0.56440000000000001,-1.3200000000000001,0.56440000000000001,-1.3200000000000001,0.56440000000000001,-1.3200000000000001
hand,0.67000000000000004,0.55109999999999992,-1.3400000000000001,0.55109999999999992,-1.3400000000000001,0.55109999999999992,-1.3400000000000001
hand,0.68000000000000005,0.53759999999999997,-1.3600000000000001,0.53759999999999997,-1.3600000000000001,0.53759999999999997,-1.3600000000000001
hand,0.68999999999999995,0.52390000000000003,-1.3799999999999999,0.52390000000000003,-1.3799999999999999,0.52390000000000003,-1.3799999999999999
hand,0.69999999999999996,0.51000000000000001,-1.3999999999999999,0.51000000000000001,-1.3999999999999999,0.51000000000000001,-1.3999999999999999
hand,0.70999999999999996,0.49590000000000006,-1.4199999999999999,0.49590000000000006,-1.4199999999999999,0.49590000000000006,-1.4199999999999999
hand,0.71999999999999997,0.48160000000000003,-1.4399999999999999,0.48160000000000003,-1.4399999999999999,0.48160000000000003,-1.4399999999999999
hand,0.72999999999999998,0.46710000000000002,-1.46,0.46710000000000002,-1.46,0.46710000000000002,-1.46
hand,0.73999999999999999,0.45240000000000002,-1.48,0.45240000000000002,-1.48,0.45240000000000002,-1.48
hand,0.75,0.4375,-1.5,0.4375,-1.5,0.4375,-1.5
hand,0.76000000000000001,0.4224,-1.52,0.4224,-1.52,0.4224,-1.52
hand,0.77000000000000002,0.40709999999999996,-1.54,0.40709999999999996,-1.54,0.40709999999999996,-1.54
hand,0.78000000000000003,0.39159999999999995,-1.5600000000000001,0.39159999999999995,-1.5600000000000001,0.39159999999999995,-1.5600000000000001
hand,0.79000000000000004,0.37589999999999996,-1.5800000000000001,0.37589999999999996,-1.5800000000000001,0.37589999999999996,-1.5800000000000001
hand,0.80000000000000004,0.35999999999999993,-1.6000000000000001,0.35999999999999993,-1.6000000000000001,0.35999999999999993,-1.6000000000000001
hand,0.81000000000000005,0.34389999999999993,-1.6200000000000001,0.34389999999999993,-1.6200000000000001,0.34389999999999993,-1.6200000000000001
hand,0.81999999999999995,0.32760000000000006,-1.6399999999999999,0.32760000000000006,-1.6399999999999999,0.32760000000000006,-1.6399999999999999
hand,0.82999999999999996,0.31110000000000004,-1.6599999999999999,0.31110000000000004,-1.6599999999999999,0.31110000000000004,-1.6599999999999999
hand,0.83999999999999997,0.29440000000000005,-1.6799999999999999,0.29440000000000005,-1.6799999999999999,0.29440000000000005,-1.6799999999999999
hand,0.84999999999999998,0.27750000000000002,-1.7,0.27750000000000002,-1.7,0.27750000000000002,-1.7
hand,0.85999999999999999,0.26040000000000002,-1.72,0.26040000000000002,-1.72,0.26040000000000002,-1.72
hand,0.87,0.24310000000000001,-1.74,0.24310000000000001,-1.74,0.24310000000000001,-1.74
hand,0.88,0.22559999999999999,-1.76,0.22559999999999999,-1.76,0.22559999999999999,-1.76
hand,0.89000000000000001,0.20789999999999997,-1.78,0.20789999999999997,-1.78,0.20789999999999997,-1.78
hand,0.90000000000000002,0.18999999999999995,-1.8,0.18999999999999995,-1.8,0.18999999999999995,-1.8
hand,0.91000000000000003,0.17189999999999994,-1.8200000000000001,0.17189999999999994,-1.8200000000000001,0.17189999999999994,-1.8200000000000001
hand,0.92000000000000004,0.15359999999999993,-1.8400000000000001,0.15359999999999993,-1.8400000000000001,0.15359999999999993,-1.8400000000000001
hand,0.93000000000000005,0.13509999999999991,-1.8600000000000001,0.13509999999999991,-1.8600000000000001,0.13509999999999991,-1.8600000000000001
hand,0.93999999999999995,0.1164000000000001,-1.8799999999999999,0.1164000000000001,-1.8799999999999999,0.1164000000000001,-1.8799999999999999
hand,0.94999999999999996,0.097500000000000087,-1.8999999999999999,0.097500000000000087,-1.8999999999999999,0.097500000000000087,-1.8999999999999999
hand,0.95999999999999996,0.078400000000000067,-1.9199999999999999,0.078400000000000067,-1.9199999999999999,0.078400000000000067,-1.9199999999999999
hand,0.96999999999999997,0.059100000000000048,-1.9399999999999999,0.059100000000000048,-1.9399999999999999,0.059100000000000048,-1.9399999999999999
hand,0.97999999999999998,0.039600000000000038,-1.96,0.039600000000000038,-1.96,0.039600000000000038,-1.96
hand,0.98999999999999999,0.019900000000000018,-1.98,0.019900000000000018,-1.98,0.019900000000000018,-1.98
hand,1,0,-2,0,-2,0,2
hand,1.01,-0.020100000000000017,-2.02,-0.020100000000000017,-2.02,0.019900000000000018,1.98
hand,1.02,-0.040400000000000033,-2.04,-0.040400000000000033,-2.04,0.039600000000000038,1.96
hand,1.03,-0.060900000000000058,-2.0600000000000001,-0.060900000000000058,-2.0600000000000001,0.059100000000000048,1.9399999999999999
hand,1.04,-0.081600000000000075,-2.0800000000000001,-0.081600000000000075,-2.0800000000000001,0.078400000000000067,1.9199999999999999
hand,1.05,-0.10250000000000009,-2.1000000000000001,-0.10250000000000009,-2.1000000000000001,0.097500000000000087,1.8999999999999999
hand,1.0600000000000001,-0.12360000000000011,-2.1200000000000001,-0.12360000000000011,-2.1200000000000001,0.1164000000000001,1.8799999999999999
hand,1.0700000000000001,-0.14490000000000014,-2.1400000000000001,-0.14490000000000014,-2.1400000000000001,0.13510000000000011,1.8599999999999999
hand,1.0800000000000001,-0.16640000000000016,-2.1600000000000001,-0.16640000000000016,-2.1600000000000001,0.15360000000000013,1.8399999999999999
hand,1.0900000000000001,-0.18810000000000018,-2.1800000000000002,-0.18810000000000018,-2.1800000000000002,0.17190000000000014,1.8199999999999998
hand,1.1000000000000001,-0.21000000000000019,-2.2000000000000002,-0.21000000000000019,-2.2000000000000002,0.19000000000000017,1.7999999999999998
hand,1.1100000000000001,-0.23210000000000022,-2.2200000000000002,-0.23210000000000022,-2.2200000000000002,0.20790000000000017,1.7799999999999998
hand,1.1200000000000001,-0.25440000000000024,-2.2400000000000002,-0.25440000000000024,-2.2400000000000002,0.22560000000000019,1.7599999999999998
hand,1.1299999999999999,-0.27689999999999976,-2.2599999999999998,-0.27689999999999976,-2.2599999999999998,0.24309999999999982,1.7400000000000002
hand,1.1399999999999999,-0.29959999999999976,-2.2799999999999998,-0.29959999999999976,-2.2799999999999998,0.26039999999999985,1.7200000000000002
hand,1.1499999999999999,-0.32249999999999979,-2.2999999999999998,-0.32249999999999979,-2.2999999999999998,0.27749999999999986,1.7000000000000002
hand,1.1599999999999999,-0.3455999999999998,-2.3199999999999998,-0.3455999999999998,-2.3199999999999998,0.29439999999999988,1.6800000000000002
hand,1.1699999999999999,-0.36889999999999984,-2.3399999999999999,-0.36889999999999984,-2.3399999999999999,0.31109999999999988,1.6600000000000001
hand,1.1799999999999999,-0.39239999999999986,-2.3599999999999999,-0.39239999999999986,-2.3599999999999999,0.32759999999999989,1.6400000000000001
hand,1.1899999999999999,-0.41609999999999986,-2.3799999999999999,-0.41609999999999986,-2.3799999999999999,0.34389999999999993,1.6200000000000001
hand,1.2,-0.43999999999999989,-2.3999999999999999,-0.43999999999999989,-2.3999999999999999,0.35999999999999993,1.6000000000000001
hand,1.21,-0.4640999999999999,-2.4199999999999999,-0.4640999999999999,-2.4199999999999999,0.37589999999999996,1.5800000000000001
hand,1.22,-0.48839999999999995,-2.4399999999999999,-0.48839999999999995,-2.4399999999999999,0.39159999999999995,1.5600000000000001
hand,1.23,-0.51289999999999991,-2.46,-0.51289999999999991,-2.46,0.40709999999999996,1.54
hand,1.24,-0.53759999999999997,-2.48,-0.53759999999999997,-2.48,0.4224,1.52
hand,1.25,-0.5625,-2.5,-0.5625,-2.5,0.4375,1.5
hand,1.26,-0.58760000000000001,-2.52,-0.58760000000000001,-2.52,0.45240000000000002,1.48
hand,1.27,-0.6129,-2.54,-0.6129,-2.54,0.46710000000000002,1.46
hand,1.28,-0.63840000000000008,-2.5600000000000001,-0.63840000000000008,-2.5600000000000001,0.48160000000000003,1.4399999999999999
hand,1.29,-0.66410000000000013,-2.5800000000000001,-0.66410000000000013,-2.5800000000000001,0.49590000000000006,1.4199999999999999
hand,1.3,-0.69000000000000017,-2.6000000000000001,-0.69000000000000017,-2.6000000000000001,0.51000000000000001,1.3999999999999999
hand,1.3100000000000001,-0.71610000000000018,-2.6200000000000001,-0.71610000000000018,-2.6200000000000001,0.52390000000000003,1.3799999999999999
hand,1.3200000000000001,-0.74240000000000017,-2.6400000000000001,-0.74240000000000017,-2.6400000000000001,0.53760000000000008,1.3599999999999999
hand,1.3300000000000001,-0.76890000000000014,-2.6600000000000001,-0.76890000000000014,-2.6600000000000001,0.55110000000000015,1.3399999999999999
hand,1.3400000000000001,-0.7956000000000002,-2.6800000000000002,-0.7956000000000002,-2.6800000000000002,0.56440000000000012,1.3199999999999998
hand,1.3500000000000001,-0.82250000000000023,-2.7000000000000002,-0.82250000000000023,-2.7000000000000002,0.57750000000000012,1.2999999999999998
hand,1.3600000000000001,-0.84960000000000024,-2.7200000000000002,-0.84960000000000024,-2.7200000000000002,0.59040000000000015,1.2799999999999998
hand,1.3700000000000001,-0.87690000000000035,-2.7400000000000002,-0.87690000000000035,-2.7400000000000002,0.60310000000000008,1.2599999999999998
hand,1.3799999999999999,-0.90439999999999976,-2.7599999999999998,-0.90439999999999976,-2.7599999999999998,0.61559999999999981,1.2400000000000002
hand,1.3899999999999999,-0.93209999999999971,-2.7799999999999998,-0.93209999999999971,-2.7799999999999998,0.6278999999999999,1.2200000000000002
hand,1.3999999999999999,-0.95999999999999974,-2.7999999999999998,-0.95999999999999974,-2.7999999999999998,0.6399999999999999,1.2000000000000002
hand,1.4099999999999999,-0.98809999999999976,-2.8199999999999998,-0.98809999999999976,-2.8199999999999998,0.65189999999999992,1.1800000000000002
hand,1.4199999999999999,-1.0163999999999997,-2.8399999999999999,-1.0163999999999997,-2.8399999999999999,0.66359999999999997,1.1600000000000001
hand,1.4299999999999999,-1.0448999999999997,-2.8599999999999999,-1.0448999999999997,-2.8599999999999999,0.67509999999999992,1.1400000000000001
hand,1.4399999999999999,-1.0735999999999999,-2.8799999999999999,-1.0735999999999999,-2.8799999999999999,0.6863999999999999,1.1200000000000001
hand,1.45,-1.1024999999999998,-2.8999999999999999,-1.1024999999999998,-2.8999999999999999,0.6974999999999999,1.1000000000000001
hand,1.46,-1.1315999999999999,-2.9199999999999999,-1.1315999999999999,-2.9199999999999999,0.70839999999999992,1.0800000000000001
hand,1.47,-1.1608999999999998,-2.9399999999999999,-1.1608999999999998,-2.9399999999999999,0.71909999999999996,1.0600000000000001
hand,1.48,-1.1903999999999999,-2.96,-1.1903999999999999,-2.96,0.72960000000000003,1.04
hand,1.49,-1.2201,-2.98,-1.2201,-2.98,0.7399,1.02
hand,1.5,-1.25,-3,0,3,0.75,1
fast,0,1,-100,1,-100,1,-100
fast,0.00033333333333333338,0.96666655555555558,-100.00066666666666,0.96666655555555558,-100.00066666666666,0.96666655555555558,-100.00066666666666
fast,0.00066666666666666675,0.93333288888888888,-100.00133333333333,0.93333288888888888,-100.00133333333333,0.93333288888888888,-100.00133333333333
fast,0.0010000000000000002,0.89999899999999999,-100.002,0.89999899999999999,-100.002,0.89999899999999999,-100.002
fast,0.0013333333333333335,0.86666488888888893,-100.00266666666667,0.86666488888888893,-100.00266666666667,0.86666488888888893,-100.00266666666667
fast,0.0016666666666666668,0.83333055555555557,-100.00333333333333,0.83333055555555557,-100.00333333333333,0.83333055555555557,-100.00333333333333
fast,0.0020000000000000005,0.79999599999999993,-100.004,0.79999599999999993,-100.004,0.79999599999999993,-100.004
fast,0.0023333333333333335,0.76666122222222222,-100.00466666666667,0.76666122222222222,-100.00466666666667,0.76666122222222222,-100.00466666666667
fast,0.002666666666666667,0.73332622222222221,-100.00533333333334,0.73332622222222221,-100.00533333333334,0.73332622222222221,-100.00533333333334
fast,0.0030000000000000001,0.69999099999999992,-100.006,0.69999099999999992,-100.006,0.69999099999999992,-100.006
fast,0.0033333333333333335,0.66665555555555556,-100.00666666666666,0.66665555555555556,-100.00666666666666,0.66665555555555556,-100.00666666666666
fast,0.003666666666666667,0.6333198888888889,-100.00733333333334,0.6333198888888889,-100.00733333333334,0.6333198888888889,-100.00733333333334
fast,0.004000000000000001,0.59998399999999985,-100.008,0.59998399999999985,-100.008,0.59998399999999985,-100.008
fast,0.0043333333333333331,0.56664788888888884,-100.00866666666667,0.56664788888888884,-100.00866666666667,0.56664788888888884,-100.00866666666667
fast,0.0046666666666666671,0.53331155555555554,-100.00933333333333,0.53331155555555554,-100.00933333333333,0.53331155555555554,-100.00933333333333
fast,0.0050000000000000001,0.499975,-100.01000000000001,0.499975,-100.01000000000001,0.499975,-100.01000000000001
fast,0.005333333333333334,0.46663822222222218,-100.01066666666667,0.46663822222222218,-100.01066666666667,0.46663822222222218,-100.01066666666667
fast,0.0056666666666666671,0.43330122222222217,-100.01133333333334,0.43330122222222217,-100.01133333333334,0.43330122222222217,-100.01133333333334
fast,0.0060000000000000001,0.39996399999999999,-100.012,0.39996399999999999,-100.012,0.39996399999999999,-100.012
fast,0.006333333333333334,0.36662655555555546,-100.01266666666666,0.36662655555555546,-100.01266666666666,0.36662655555555546,-100.01266666666666
fast,0.0066666666666666671,0.33328888888888886,-100.01333333333334,0.33328888888888886,-100.01333333333334,0.33328888888888886,-100.01333333333334
fast,0.0070000000000000001,0.29995099999999997,-100.014,0.29995099999999997,-100.014,0.29995099999999997,-100.014
fast,0.0073333333333333341,0.26661288888888884,-100.01466666666667,0.26661288888888884,-100.01466666666667,0.26661288888888884,-100.01466666666667
fast,0.007666666666666668,0.23327455555555543,-100.01533333333333,0.23327455555555543,-100.01533333333333,0.23327455555555543,-100.01533333333333
fast,0.0080000000000000019,0.19993599999999981,-100.01600000000001,0.19993599999999981,-100.01600000000001,0.19993599999999981,-100.01600000000001
fast,0.0083333333333333332,0.16659722222222223,-100.01666666666667,0.16659722222222223,-100.01666666666667,0.16659722222222223,-100.01666666666667
fast,0.0086666666666666663,0.13325822222222225,-100.01733333333334,0.13325822222222225,-100.01733333333334,0.13325822222222225,-100.01733333333334
fast,0.0090000000000000011,0.099918999999999897,-100.018,0.099918999999999897,-100.018,0.099918999999999897,-100.018
fast,0.0093333333333333341,0.066579555555555489,-100.01866666666666,0.066579555555555489,-100.01866666666666,0.066579555555555489,-100.01866666666666
fast,0.0096666666666666672,0.03323988888888884,-100.01933333333334,0.03323988888888884,-100.01933333333334,0.03323988888888884,-100.01933333333334
fast,0.01,-0.00010000000000002082,-100.02,-0.00010000000000002082,-100.02,9.999999800063793e-05,100.01999600079979
fast,0.010333333333333333,-0.033440111111111101,-100.02066666666667,-0.033440111111111101,-100.02066666666667,0.033439887553822767,100.01932933413313
fast,0.010666666666666668,-0.066780444444444587,-100.02133333333333,-0.066780444444444587,-100.02133333333333,0.066779552887422849,100.01866266746646
fast,0.011000000000000001,-0.10012100000000011,-100.02200000000001,-0.10012100000000011,-100.02200000000001,0.10011899599880052,100.0179960007998
fast,0.011333333333333334,-0.13346177777777785,-100.02266666666667,-0.13346177777777785,-100.02266666666667,0.13345821688795598,100.01732933413312
fast,0.011666666666666667,-0.16680277777777783,-100.02333333333333,-0.16680277777777783,-100.02333333333333,0.16679721555488922,100.01666266746646
fast,0.012,-0.20014400000000002,-100.024,-0.20014400000000002,-100.024,0.20013599199960025,100.01599600079979
fast,0.012333333333333333,-0.23348544444444444,-100.02466666666666,-0.23348544444444444,-100.02466666666666,0.23347454622208902,100.01532933413313
fast,0.012666666666666668,-0.26682711111111129,-100.02533333333334,-0.26682711111111129,-100.02533333333334,0.26681287822235578,100.01466266746647
fast,0.013000000000000001,-0.30016900000000007,-100.026,-0.30016900000000007,-100.026,0.30015098800040008,100.01399600079979
fast,0.013333333333333334,-0.3335111111111112,-100.02666666666667,-0.3335111111111112,-100.02666666666667,0.33348887555622225,100.01332933413313
fast,0.013666666666666669,-0.36685344444444468,-100.02733333333333,-0.36685344444444468,-100.02733333333333,0.36682654088982231,100.01266266746646
fast,0.014,-0.400196,-100.02800000000001,-0.400196,-100.02800000000001,0.40016398400119985,100.0119960007998
fast,0.014333333333333333,-0.43353877777777777,-100.02866666666667,-0.43353877777777777,-100.02866666666667,0.43350120489035526,100.01132933413312
fast,0.014666666666666668,-0.4668817777777779,-100.02933333333333,-0.4668817777777779,-100.02933333333333,0.46683820355728867,100.01066266746646
fast,0.014999999999999999,-0.50022499999999992,-100.03,-0.50022499999999992,-100.03,0.50017498000199956,100.00999600079979
fast,0.015333333333333336,-0.53356844444444462,-100.03066666666666,-0.53356844444444462,-100.03066666666666,0.5335115342244886,100.00932933413313
fast,0.015666666666666666,-0.56691211111111095,-100.03133333333334,-0.56691211111111095,-100.03133333333334,0.56684786622475491,100.00866266746647
fast,0.016000000000000004,-0.60025600000000046,-100.032,-0.60025600000000046,-100.032,0.60018397600279982,100.00799600079979
fast,0.016333333333333335,-0.63360011111111125,-100.03266666666667,-0.63360011111111125,-100.03266666666667,0.63351986355862178,100.00732933413313
fast,0.016666666666666666,-0.66694444444444445,-100.03333333333333,-0.66694444444444445,-100.03333333333333,0.66685552889222144,100.00666266746646
fast,0.017000000000000001,-0.70028900000000016,-100.03400000000001,-0.70028900000000016,-100.03400000000001,0.70019097200359925,100.0059960007998
fast,0.017333333333333333,-0.73363377777777772,-100.03466666666667,-0.73363377777777772,-100.03466666666667,0.73352619289275456,100.00532933413312
fast,0.017666666666666667,-0.76697877777777779,-100.03533333333333,-0.76697877777777779,-100.03533333333333,0.76686119155968802,100.00466266746646
fast,0.018000000000000002,-0.80032400000000026,-100.036,-0.80032400000000026,-100.036,0.80019596800439918,100.00399600079979
fast,0.018333333333333333,-0.83366944444444446,-100.03666666666666,-0.83366944444444446,-100.03666666666666,0.83353052222688773,100.00332933413313
fast,0.018666666666666668,-0.86701511111111129,-100.03733333333334,-0.86701511111111129,-100.03733333333334,0.86686485422715454,100.00266266746647
fast,0.019,-0.90036099999999986,-100.038,-0.90036099999999986,-100.038,0.90019896400519872,100.00199600079979
fast,0.019333333333333334,-0.93370711111111127,-100.03866666666667,-0.93370711111111127,-100.03866666666667,0.93353285156102106,100.00132933413313
fast,0.019666666666666669,-0.96705344444444463,-100.03933333333333,-0.96705344444444463,-100.03933333333333,0.96686651689462111,100.00066266746646
fast,0.02,-1.0004,-100.04000000000001,-1.0004,-100.04000000000001,1.0001999600059988,99.999996000799797
fast,0.020333333333333335,-1.0337467777777778,-100.04066666666667,-1.0337467777777778,-100.04066666666667,1.0335331808951542,99.999329334133122
fast,0.020666666666666667,-1.0670937777777778,-100.04133333333333,-1.0670937777777778,-100.04133333333333,1.0668661795620873,99.998662667466462
fast,0.021000000000000001,-1.100441,-100.042,-1.100441,-100.042,1.1001989560067984,99.997996000799787
fast,0.021333333333333336,-1.1337884444444446,-100.04266666666666,-1.1337884444444446,-100.04266666666666,1.1335315102292873,99.997329334133127
fast,0.021666666666666667,-1.1671361111111112,-100.04333333333334,-1.1671361111111112,-100.04333333333334,1.1668638422295536,99.996662667466467
fast,0.022000000000000002,-1.2004840000000001,-100.044,-1.2004840000000001,-100.044,1.2001959520075984,99.995996000799792
fast,0.022333333333333334,-1.2338321111111112,-100.04466666666667,-1.2338321111111112,-100.04466666666667,1.2335278395634204,99.995329334133132
fast,0.022666666666666668,-1.2671804444444446,-100.04533333333333,-1.2671804444444446,-100.04533333333333,1.2668595048970206,99.994662667466457
fast,0.023,-1.300529,-100.04600000000001,-1.300529,-100.04600000000001,1.300190948008398,99.993996000799797
fast,0.023333333333333334,-1.3338777777777779,-100.04666666666667,-1.3338777777777779,-100.04666666666667,1.3335221688975536,99.993329334133122
fast,0.023666666666666669,-1.367226777777778,-100.04733333333333,-1.367226777777778,-100.04733333333333,1.366853167564487,99.992662667466462
fast,0.024,-1.400576,-100.048,-1.400576,-100.048,1.4001839440091979,99.991996000799801
fast,0.024333333333333335,-1.4339254444444447,-100.04866666666666,-1.4339254444444447,-100.04866666666666,1.4335144982316868,99.991329334133127
fast,0.024666666666666667,-1.4672751111111111,-100.04933333333334,-1.4672751111111111,-100.04933333333334,1.466844830231953,99.990662667466466
fast,0.025000000000000001,-1.5006250000000003,-100.05,-1.5006250000000003,-100.05,1.5001749400099977,99.989996000799792
fast,0.025333333333333336,-1.5339751111111115,-100.05066666666667,-1.5339751111111115,-100.05066666666667,1.5335048275658199,99.989329334133132
fast,0.025666666666666667,-1.5673254444444444,-100.05133333333333,-1.5673254444444444,-100.05133333333333,1.5668344928994196,99.988662667466457
fast,0.026000000000000002,-1.6006760000000002,-100.05200000000001,-1.6006760000000002,-100.05200000000001,1.6001639360107975,99.987996000799797
fast,0.026333333333333334,-1.6340267777777777,-100.05266666666667,-1.6340267777777777,-100.05266666666667,1.6334931568999529,99.987329334133122
fast,0.026666666666666668,-1.6673777777777778,-100.05333333333333,-1.6673777777777778,-100.05333333333333,1.6668221555668863,99.986662667466462
fast,0.027,-1.7007289999999999,-100.054,-1.7007289999999999,-100.054,1.7001509320115973,99.985996000799801
fast,0.027333333333333338,-1.7340804444444449,-100.05466666666666,-1.7340804444444449,-100.05466666666666,1.7334794862340865,99.985329334133127
fast,0.027666666666666669,-1.7674321111111113,-100.05533333333334,-1.7674321111111113,-100.05533333333334,1.766807818234353,99.984662667466466
fast,0.028000000000000001,-1.8007839999999999,-100.056,-1.8007839999999999,-100.056,1.800135928012397,99.983996000799792
fast,0.028333333333333332,-1.834136111111111,-100.05666666666667,-1.834136111111111,-100.05666666666667,1.833463815568219,99.983329334133131
fast,0.028666666666666667,-1.8674884444444444,-100.05733333333333,-1.8674884444444444,-100.05733333333333,1.8667914809018189,99.982662667466457
fast,0.029000000000000005,-1.9008410000000007,-100.05800000000001,-1.9008410000000007,-100.05800000000001,1.900118924013197,99.981996000799796
fast,0.029333333333333336,-1.934193777777778,-100.05866666666667,-1.934193777777778,-100.05866666666667,1.9334461449023523,99.981329334133122
fast,0.029666666666666668,-1.967546777777778,-100.05933333333333,-1.967546777777778,-100.05933333333333,1.9667731435692855,99.980662667466461
fast,0.029999999999999999,-2.0009000000000001,-100.06,-2.0009000000000001,-100.06,2.0000999200139962,99.979996000799801
fast,0.030333333333333334,-2.0342534444444444,-100.06066666666666,-2.0342534444444444,-100.06066666666666,2.0334264742364856,99.979329334133126
fast,0.030666666666666672,-2.0676071111111116,-100.06133333333334,-2.0676071111111116,-100.06133333333334,2.0667528062367526,99.978662667466466
fast,0.031000000000000003,-2.1009610000000007,-100.062,-2.1009610000000007,-100.062,2.1000789160147968,99.977996000799791
fast,0.031333333333333331,-2.1343151111111109,-100.06266666666667,-2.1343151111111109,-100.06266666666667,2.1334048035706186,99.977329334133131
fast,0.031666666666666669,-2.1676694444444449,-100.06333333333333,-2.1676694444444449,-100.06333333333333,2.1667304689042184,99.976662667466456
fast,0.032000000000000008,-2.2010240000000008,-100.06399999999999,-2.2010240000000008,-100.06399999999999,2.2000559120155971,99.975996000799796
fast,0.032333333333333339,-2.2343787777777782,-100.06466666666667,-2.2343787777777782,-100.06466666666667,2.2333811329047522,99.975329334133122
fast,0.03266666666666667,-2.267733777777778,-100.06533333333333,-2.267733777777778,-100.06533333333333,2.2667061315716852,99.974662667466461
fast,0.033000000000000002,-2.3010890000000002,-100.066,-2.3010890000000002,-100.066,2.3000309080163963,99.973996000799801
fast,0.033333333333333333,-2.3344444444444448,-100.06666666666666,-2.3344444444444448,-100.06666666666666,2.3333554622388846,99.973329334133126
fast,0.033666666666666671,-2.3678001111111118,-100.06733333333334,-2.3678001111111118,-100.06733333333334,2.3666797942391518,99.972662667466466
fast,0.034000000000000002,-2.4011560000000003,-100.068,-2.4011560000000003,-100.068,2.4000039040171957,99.971996000799791
fast,0.034333333333333334,-2.4345121111111112,-100.06866666666667,-2.4345121111111112,-100.06866666666667,2.4333277915730176,99.971329334133131
fast,0.034666666666666665,-2.4678684444444441,-100.06933333333333,-2.4678684444444441,-100.06933333333333,2.4666514569066176,99.970662667466456
fast,0.035000000000000003,-2.5012250000000003,-100.06999999999999,-2.5012250000000003,-100.06999999999999,2.499974900017996,99.969996000799796
fast,0.035333333333333335,-2.5345817777777779,-100.07066666666667,-2.5345817777777779,-100.07066666666667,2.5332981209071512,99.969329334133121
fast,0.035666666666666673,-2.5679387777777785,-100.07133333333333,-2.5679387777777785,-100.07133333333333,2.5666211195740849,99.968662667466461
fast,0.036000000000000004,-2.6012960000000005,-100.072,-2.6012960000000005,-100.072,2.5999438960187957,99.967996000799801
fast,0.036333333333333336,-2.6346534444444449,-100.07266666666666,-2.6346534444444449,-100.07266666666666,2.6332664502412846,99.967329334133126
fast,0.036666666666666667,-2.6680111111111109,-100.07333333333334,-2.6680111111111109,-100.07333333333334,2.666588782241551,99.966662667466466
fast,0.037000000000000005,-2.7013690000000006,-100.074,-2.7013690000000006,-100.074,2.6999108920195956,99.965996000799791
fast,0.037333333333333336,-2.7347271111111118,-100.07466666666667,-2.7347271111111118,-100.07466666666667,2.7332327795754177,99.965329334133131
fast,0.037666666666666668,-2.7680854444444445,-100.07533333333333,-2.7680854444444445,-100.07533333333333,2.7665544449090174,99.964662667466456
fast,0.037999999999999999,-2.8014439999999996,-100.07599999999999,-2.8014439999999996,-100.07599999999999,2.7998758880203947,99.963996000799796
fast,0.03833333333333333,-2.8348027777777776,-100.07666666666667,-2.8348027777777776,-100.07666666666667,2.83319710890955,99.963329334133121
fast,0.038666666666666669,-2.8681617777777779,-100.07733333333333,-2.8681617777777779,-100.07733333333333,2.8665181075764838,99.962662667466461
fast,0.039000000000000007,-2.9015210000000007,-100.078,-2.9015210000000007,-100.078,2.8998388840211953,99.9619960007998
fast,0.039333333333333338,-2.934880444444445,-100.07866666666666,-2.934880444444445,-100.07866666666666,2.9331594382436839,99.961329334133126
fast,0.03966666666666667,-2.9682401111111112,-100.07933333333334,-2.9682401111111112,-100.07933333333334,2.9664797702439505,99.960662667466465
fast,0.040000000000000001,-3.0015999999999998,-100.08,-3.0015999999999998,-100.08,2.9997998800219943,99.959996000799791
fast,0.040333333333333339,-3.0349601111111117,-100.08066666666667,-3.0349601111111117,-100.08066666666667,3.0331197675778174,99.95932933413313
fast,0.04066666666666667,-3.0683204444444447,-100.08133333333333,-3.0683204444444447,-100.08133333333333,3.0664394329114169,99.958662667466456
fast,0.041000000000000002,-3.1016810000000001,-100.08199999999999,-3.1016810000000001,-100.08199999999999,3.0997588760227943,99.957996000799795
fast,0.041333333333333333,-3.1350417777777779,-100.08266666666667,-3.1350417777777779,-100.08266666666667,3.1330780969119498,99.957329334133121
fast,0.041666666666666664,-3.1684027777777777,-100.08333333333333,-3.1684027777777777,-100.08333333333333,3.1663970955788829,99.95666266746646
fast,0.042000000000000003,-3.2017640000000003,-100.084,-3.2017640000000003,-100.084,3.1997158720235941,99.9559960007998
fast,0.042333333333333334,-3.2351254444444444,-100.08466666666666,-3.2351254444444444,-100.08466666666666,3.2330344262460828,99.955329334133125
fast,0.042666666666666672,-3.2684871111111113,-100.08533333333334,-3.2684871111111113,-100.08533333333334,3.2663527582463501,99.954662667466465
fast,0.043000000000000003,-3.3018490000000003,-100.086,-3.3018490000000003,-100.086,3.299670868024394,99.953996000799791
fast,0.043333333333333335,-3.3352111111111111,-100.08666666666667,-3.3352111111111111,-100.08666666666667,3.332988755580216,99.95332933413313
fast,0.043666666666666673,-3.3685734444444448,-100.08733333333333,-3.3685734444444448,-100.08733333333333,3.3663064209138165,99.952662667466456
fast,0.044000000000000004,-3.4019360000000005,-100.08799999999999,-3.4019360000000005,-100.08799999999999,3.3996238640251937,99.951996000799795
fast,0.044333333333333336,-3.4352987777777781,-100.08866666666667,-3.4352987777777781,-100.08866666666667,3.4329410849143494,99.951329334133135
fast,0.044666666666666667,-3.4686617777777777,-100.08933333333333,-3.4686617777777777,-100.08933333333333,3.4662580835812822,99.95066266746646
fast,0.044999999999999998,-3.5020250000000002,-100.09,-3.5020250000000002,-100.09,3.4995748600259931,99.9499960007998
fast,0.045333333333333337,-3.5353884444444446,-100.09066666666666,-3.5353884444444446,-100.09066666666666,3.5328914142484824,99.949329334133125
fast,0.045666666666666668,-3.5687521111111113,-100.09133333333334,-3.5687521111111113,-100.09133333333334,3.5662077462487489,99.948662667466465
fast,0.045999999999999999,-3.6021160000000001,-100.092,-3.6021160000000001,-100.092,3.599523856026793,99.94799600079979
fast,0.046333333333333337,-3.6354801111111117,-100.09266666666667,-3.6354801111111117,-100.09266666666667,3.6328397435826161,99.94732933413313
fast,0.046666666666666669,-3.6688444444444448,-100.09333333333333,-3.6688444444444448,-100.09333333333333,3.6661554089162158,99.946662667466455
fast,0.047000000000000007,-3.7022090000000007,-100.09399999999999,-3.7022090000000007,-100.09399999999999,3.6994708520275936,99.945996000799795
fast,0.047333333333333338,-3.7355737777777782,-100.09466666666667,-3.7355737777777782,-100.09466666666667,3.732786072916749,99.945329334133135
fast,0.04766666666666667,-3.7689387777777781,-100.09533333333333,-3.7689387777777781,-100.09533333333333,3.766101071583682,99.94466266746646
fast,0.048000000000000001,-3.8023040000000004,-100.096,-3.8023040000000004,-100.096,3.7994158480283931,99.9439960007998
fast,0.048333333333333332,-3.8356694444444441,-100.09666666666666,-3.8356694444444441,-100.09666666666666,3.8327304022508817,99.943329334133125
fast,0.048666666666666671,-3.8690351111111116,-100.09733333333334,-3.8690351111111116,-100.09733333333334,3.8660447342511488,99.942662667466465
fast,0.049000000000000002,-3.9024010000000002,-100.098,-3.9024010000000002,-100.098,3.8993588440291931,99.94199600079979
fast,0.049333333333333333,-3.9357671111111108,-100.09866666666667,-3.9357671111111108,-100.09866666666667,3.932672731585015,99.94132933413313
fast,0.049666666666666665,-3.9691334444444442,-100.09933333333333,-3.9691334444444442,-100.09933333333333,3.9659863969186144,99.940662667466455
fast,0.050000000000000003,-4.0025000000000004,-100.09999999999999,0,100.09999999999999,3.9992998400299924,99.939996000799795
