start_degrees,end_degrees,t_mid_seconds,slerp_degrees_per_second,nlerp_degrees_per_second
0,20,0.01,10.000000000000002,9.9508094487027208
0,20,0.029999999999999999,9.9999999999999947,9.9537738088219729
0,20,0.050000000000000003,9.9999999999999947,9.9566793847694157
0,20,0.070000000000000007,10.000000000000016,9.9595260720269234
0,20,0.089999999999999997,10,9.9623137681054139
0,20,0.11,9.9999999999999929,9.9650423725541373
0,20,0.13,10.000000000000036,9.9677117869696215
0,20,0.14999999999999999,9.9999999999999911,9.9703219150043303
0,20,0.17000000000000001,9.999999999999984,9.9728726623754138
0,20,0.19,9.9999999999999911,9.9753639368732809
0,20,0.20999999999999999,10.000000000000055,9.9777956483694119
0,20,0.23000000000000001,9.9999999999999378,9.9801677088252223
0,20,0.25,9.9999999999999716,9.9824800322990335
0,20,0.27000000000000002,9.9999999999999947,9.9847325349546026
0,20,0.28999999999999998,10.000000000000075,9.9869251350683825
0,20,0.31,9.9999999999999947,9.9890577530366595
0,20,0.33000000000000002,9.9999999999999414,9.9911303113831238
0,20,0.35000000000000003,10.000000000000023,9.9931427347657369
0,20,0.37,10.00000000000003,9.9950949499833417
0,20,0.39000000000000001,9.9999999999999662,9.996986885982869
0,20,0.41000000000000003,9.9999999999999325,9.9988184738648016
0,20,0.42999999999999999,10.00000000000013,10.000589646890376
0,20,0.45000000000000001,10.000000000000021,10.002300340486974
0,20,0.47000000000000003,9.9999999999999449,10.003950492254846
0,20,0.48999999999999999,10.000000000000092,10.005540041971427
0,20,0.51000000000000001,9.9999999999999734,10.007068931598075
0,20,0.53000000000000003,9.9999999999999574,10.008537105285034
0,20,0.55000000000000004,9.9999999999999822,10.009944509375757
0,20,0.57000000000000006,10.000000000000091,10.011291092412822
0,20,0.58999999999999997,9.9999999999998295,10.012576805142306
0,20,0.60999999999999999,10.000000000000075,10.013801600517816
0,20,0.63,10.000000000000028,10.014965433705344
0,20,0.65000000000000002,9.9999999999999858,10.016068262087312
0,20,0.67000000000000004,10.000000000000046,10.017110045265765
0,20,0.69000000000000006,9.9999999999999751,10.01809074506745
0,20,0.70999999999999996,10.000000000000012,10.019010325545782
0,20,0.72999999999999998,9.9999999999999059,10.019868752985204
0,20,0.75,10.000000000000114,10.020665995903837
0,20,0.77000000000000002,9.9999999999998348,10.02140202505606
0,20,0.79000000000000004,10.000000000000068,10.022076813436373
0,20,0.81000000000000005,10.000000000000036,10.022690336280071
0,20,0.83000000000000007,9.9999999999999201,10.023242571067302
0,20,0.84999999999999998,9.9999999999999662,10.023733497524033
0,20,0.87,10,10.024163097624095
0,20,0.89000000000000001,9.9999999999998899,10.024531355591046
0,20,0.91000000000000003,9.9999999999999893,10.024838257899688
0,20,0.93000000000000005,10.000000000000107,10.025083793277126
0,20,0.95000000000000007,10.00000000000008,10.02526795270316
0,20,0.96999999999999997,9.9999999999998952,10.0253907294129
0,20,0.98999999999999999,10.000000000000068,10.025452118895716
0,20,1.01,10.000000000000012,10.025452118895437
0,20,1.03,10.000000000000133,10.025390729412978
0,20,1.05,9.9999999999999076,10.025267952703254
0,20,1.0700000000000001,9.9999999999998916,10.025083793277027
0,20,1.0900000000000001,10.000000000000156,10.024838257899651
0,20,1.1100000000000001,9.9999999999999112,10.024531355591334
0,20,1.1300000000000001,9.999999999999913,10.024163097623644
0,20,1.1500000000000001,10.000000000000137,10.023733497524196
0,20,1.1699999999999999,9.9999999999999591,10.023242571067289
0,20,1.1899999999999999,10.000000000000165,10.022690336280213
0,20,1.21,9.999999999999849,10.022076813436321
0,20,1.23,9.999999999999833,10.021402025056124
0,20,1.25,9.9999999999999964,10.020665995903615
0,20,1.27,9.999999999999913,10.019868752985229
0,20,1.29,9.9999999999999822,10.019010325546054
0,20,1.3100000000000001,9.9999999999998348,10.018090745067475
0,20,1.3300000000000001,10.000000000000112,10.017110045265653
0,20,1.3500000000000001,10.000000000000309,10.016068262087368
0,20,1.3700000000000001,9.9999999999996643,10.014965433705184
0,20,1.3900000000000001,10.000000000000238,10.013801600517837
0,20,1.4099999999999999,10.000000000000021,10.012576805142254
0,20,1.4299999999999999,9.9999999999998455,10.011291092412979
0,20,1.45,10.00000000000033,10.009944509375714
0,20,1.47,9.999999999999698,10.00853710528488
0,20,1.49,9.9999999999999947,10.007068931598239
0,20,1.51,10.000000000000227,10.005540041971525
0,20,1.53,10.000000000000112,10.003950492254795
0,20,1.55,9.9999999999999307,10.002300340487
0,20,1.5700000000000001,10.000000000000179,10.000589646890596
0,20,1.5900000000000001,9.9999999999997033,9.9988184738645476
0,20,1.6100000000000001,9.9999999999997122,9.9969868859830324
0,20,1.6300000000000001,9.9999999999999662,9.9950949499831161
0,20,1.6500000000000001,10.000000000000462,9.9931427347657387
0,20,1.6699999999999999,9.9999999999997566,9.9911303113832783
0,20,1.6899999999999999,9.999999999999778,9.9890577530367448
0,20,1.71,9.9999999999998277,9.9869251350683257
0,20,1.73,10.000000000000316,9.9847325349546132
0,20,1.75,9.9999999999997708,9.9824800322991241
0,20,1.77,10.000000000000151,9.9801677088252099
0,20,1.79,10.0000000000003,9.9777956483692947
0,20,1.8100000000000001,10.000000000000139,9.9753639368734888
0,20,1.8300000000000001,9.9999999999997478,9.9728726623750283
0,20,1.8500000000000001,9.9999999999999414,9.9703219150045594
0,20,1.8700000000000001,9.9999999999995435,9.9677117869696481
0,20,1.8900000000000001,10.000000000000172,9.9650423725537802
0,20,1.9100000000000001,10.000000000000105,9.9623137681058171
0,20,1.9299999999999999,10.000000000000009,9.9595260720263887
0,20,1.95,10.00000000000016,9.9566793847699042
0,20,1.97,9.9999999999999822,9.9537738088217118
0,20,1.99,9.9999999999998455,9.9508094487028789
0,120,0.01,59.999999999999972,49.867686086768884
0,120,0.029999999999999999,59.999999999999964,50.363705447779317
0,120,0.050000000000000003,60.000000000000064,50.859263359665327
0,120,0.070000000000000007,60.000000000000007,51.354038349486515
0,120,0.089999999999999997,59.999999999999851,51.847697162473771
0,120,0.11,60.000000000000249,52.33989488099936
0,120,0.13,59.999999999999844,52.83027508786401
0,120,0.14999999999999999,59.999999999999964,53.318470076231918
0,120,0.17000000000000001,59.999999999999794,53.804101108441657
0,120,0.19,60.000000000000064,54.286778725800247
0,120,0.20999999999999999,59.999999999999844,54.766103111307864
0,120,0.23000000000000001,59.999999999999851,55.241664507085133
0,120,0.25,60.000000000000327,55.713043688057574
0,120,0.27000000000000002,60.000000000000107,56.179812493210811
0,120,0.28999999999999998,59.999999999999766,56.641534415459262
0,120,0.31,60.000000000000277,57.097765250867468
0,120,0.33000000000000002,60.000000000000263,57.548053807613876
0,120,0.35000000000000003,59.999999999999538,57.991942674759301
0,120,0.37,59.999999999999844,58.428969050447407
0,120,0.39000000000000001,60.000000000000284,58.858665628770453
0,120,0.41000000000000003,60.00000000000005,59.280561544104337
0,120,0.42999999999999999,60.000000000000107,59.69418337121148
0,120,0.45000000000000001,59.999999999999908,60.09905617898594
0,120,0.47000000000000003,59.999999999999694,60.494704635159287
0,120,0.48999999999999999,60.000000000000398,60.880654158846845
0,120,0.51000000000000001,59.999999999999616,61.256432117246348
0,120,0.53000000000000003,60.000000000000504,61.621569062332405
0,120,0.55000000000000004,60.000000000000249,61.975600002884619
0,120,0.57000000000000006,59.999999999999865,62.31806570666928
0,120,0.58999999999999997,59.999999999999666,62.648514027187318
0,120,0.60999999999999999,60.00000000000005,62.966501248874842
0,120,0.63,59.999999999999517,63.2715934443248
0,120,0.65000000000000002,59.999999999999808,63.563367836642513
0,120,0.67000000000000004,60.000000000000398,63.841414159787469
0,120,0.69000000000000006,59.999999999999375,64.105336009423667
0,120,0.70999999999999996,59.999999999999851,64.354752176651274
0,120,0.72999999999999998,60.000000000001165,64.589297956745327
0,120,0.75,59.999999999999474,64.808626425048118
0,120,0.77000000000000002,59.999999999999716,65.012409672046815
0,120,0.79000000000000004,60.000000000000696,65.200339989790109
0,120,0.81000000000000005,59.999999999999453,65.37213100192875
0,120,0.83000000000000007,60.000000000000149,65.527518729819604
0,120,0.84999999999999998,60.000000000000007,65.666262587508299
0,120,0.87,59.999999999999766,65.788146298711297
0,120,0.89000000000000001,59.999999999999872,65.892978729381952
0,120,0.91000000000000003,59.999999999999794,65.98059462994955
0,120,0.93000000000000005,60.000000000000476,66.050855281912334
0,120,0.95000000000000007,60.000000000000696,66.103649044098603
0,120,0.96999999999999997,59.999999999999055,66.138891794584808
0,120,0.98999999999999999,60.000000000000227,66.156527265051196
0,120,1.01,60.00000000000032,66.15652726505094
0,120,1.03,60.000000000000227,66.138891794586556
0,120,1.05,59.999999999999552,66.103649044095746
0,120,1.0700000000000001,60.000000000000263,66.050855281914423
0,120,1.0900000000000001,59.999999999999467,65.980594629948769
0,120,1.1100000000000001,60.000000000000441,65.892978729383472
0,120,1.1300000000000001,59.999999999999808,65.788146298709592
0,120,1.1500000000000001,59.999999999999297,65.666262587508058
0,120,1.1699999999999999,60.000000000000938,65.527518729818823
0,120,1.1899999999999999,59.999999999999154,65.372131001929773
0,120,1.21,60.000000000000874,65.200339989791402
0,120,1.23,60.000000000000576,65.012409672045905
0,120,1.25,59.999999999999275,64.808626425047677
0,120,1.27,60.000000000000455,64.589297956745426
0,120,1.29,59.999999999999254,64.354752176651189
0,120,1.3100000000000001,59.999999999999531,64.105336009424363
0,120,1.3300000000000001,60.000000000001428,63.841414159787114
0,120,1.3500000000000001,59.999999999999893,63.563367836643422
0,120,1.3700000000000001,60.000000000000028,63.271593444323244
0,120,1.3900000000000001,59.999999999999531,62.966501248875183
0,120,1.4099999999999999,59.999999999999972,62.648514027187915
0,120,1.4299999999999999,59.999999999999531,62.318065706669564
0,120,1.45,60.000000000000249,61.975600002884399
0,120,1.47,60.000000000001251,61.621569062332824
0,120,1.49,59.999999999998501,61.256432117245872
0,120,1.51,60.000000000000085,60.880654158847513
0,120,1.53,60.00000000000032,60.494704635157824
0,120,1.55,59.999999999999211,60.09905617898675
0,120,1.5700000000000001,60.000000000000476,59.694183371211217
0,120,1.5900000000000001,60.000000000000043,59.280561544104692
0,120,1.6100000000000001,60.000000000000476,58.858665628771334
0,120,1.6300000000000001,59.999999999999673,58.428969050445886
0,120,1.6500000000000001,59.999999999999844,57.991942674759201
0,120,1.6699999999999999,59.999999999999183,57.548053807614806
0,120,1.6899999999999999,60.000000000000753,57.097765250867361
0,120,1.71,59.999999999999453,56.641534415460484
0,120,1.73,60.000000000001037,56.179812493209631
0,120,1.75,59.999999999999254,55.71304368805837
0,120,1.77,59.999999999999645,55.241664507083485
0,120,1.79,60.000000000001137,54.766103111309185
0,120,1.8100000000000001,59.999999999999375,54.286778725800509
0,120,1.8300000000000001,60.000000000001137,53.804101108441451
0,120,1.8500000000000001,59.999999999999844,53.31847007623206
0,120,1.8700000000000001,59.999999999998956,52.830275087863008
0,120,1.8900000000000001,60.000000000000377,52.339894880999694
0,120,1.9100000000000001,59.999999999999595,51.847697162473629
0,120,1.9299999999999999,59.999999999999929,51.354038349487404
0,120,1.95,60.000000000000959,50.859263359664865
0,120,1.97,60.000000000000107,50.363705447779395
0,120,1.99,59.999999999998643,49.867686086768266
