method,h_seconds,step,t_seconds,x_m,v_m_per_s,analytic_x_m,analytic_v_m_per_s,energy_J,modified_energy_J
explicit,0.050000000000000003,0,0,1,0,1,-0,2,2
explicit,0.050000000000000003,1,0.050000000000000003,1,-0.20000000000000001,0.99500416527802582,-0.19966683329365631,2.02,2.04
explicit,0.050000000000000003,2,0.10000000000000001,0.98999999999999999,-0.40000000000000002,0.98006657784124163,-0.39733866159012243,2.0402,2.0798000000000001
explicit,0.050000000000000003,3,0.15000000000000002,0.96999999999999997,-0.59799999999999998,0.95533648912560598,-0.5910404133226792,2.0606019999999998,2.1186079999999996
explicit,0.050000000000000003,4,0.20000000000000001,0.94009999999999994,-0.79199999999999993,0.9210609940028851,-0.77883668461730104,2.0812080199999996,2.1556639399999997
explicit,0.050000000000000003,5,0.25,0.90049999999999997,-0.98001999999999989,0.87758256189037276,-0.95885107720840601,2.1020201001999999,2.1902709011999999
explicit,0.050000000000000003,6,0.30000000000000004,0.85149900000000001,-1.1601199999999998,0.82533561490967822,-1.129284946790071,2.1230403012019998,2.2218244031899999
explicit,0.050000000000000003,7,0.35000000000000003,0.793493,-1.3304197999999998,0.76484218728448838,-1.2884353744753823,2.1442707042140197,2.2498385840501598
explicit,0.050000000000000003,8,0.40000000000000002,0.72697201,-1.4891183999999997,0.69670670934716539,-1.4347121817990456,2.16571341125616,2.2739681508937584
explicit,0.050000000000000003,9,0.45000000000000001,0.65251608999999999,-1.6345128019999997,0.62160996827066439,-1.5666538192549668,2.1873705453687213,2.2940251356303198
explicit,0.050000000000000003,10,0.5,0.57079044990000005,-1.7650160199999998,0.54030230586813977,-1.682941969615793,2.2092442508224086,2.3099896796360593
explicit,0.050000000000000003,11,0.55000000000000004,0.48253964890000006,-1.8791741099799999,0.45359612142557731,-1.7824147201228708,2.2313366933306331,2.3220142948558049
explicit,0.050000000000000003,12,0.60000000000000009,0.38858094340100008,-1.9756820397599999,0.3623577544766734,-1.8640781719344528,2.2536500602639395,2.330421299350975
explicit,0.050000000000000003,13,0.65000000000000002,0.28979684141300011,-2.0533982284401997,0.26749882862458735,-1.9271163708343859,2.2761865608665781,2.3356933929430803
explicit,0.050000000000000003,14,0.70000000000000007,0.18712692999099012,-2.1113575967227995,0.16996714290024081,-1.9708994599769205,2.2989484264752438,2.3384576129940329
explicit,0.050000000000000003,15,0.75,0.081559050154850141,-2.1487829827209977,0.070737201667702906,-1.9949899732081089,2.3219379107399964,2.3394631806459594
explicit,0.050000000000000003,16,0.80000000000000004,-0.025880098981199747,-2.1650947927519675,-0.029199522301288815,-1.9991472060830102,2.3451572898473958,2.3395540030933857
explicit,0.050000000000000003,17,0.85000000000000009,-0.13413483861879813,-2.1599187729557277,-0.12884449429552486,-1.9833296209049371,2.3686088627458703,2.3396368271418573
explicit,0.050000000000000003,18,0.90000000000000002,-0.24213077726658452,-2.1330918052319681,-0.22720209469308711,-1.9476952617563903,2.3922949513733287,2.340646233695149
explicit,0.050000000000000003,19,0.95000000000000007,-0.34878536752818295,-2.0846656497786511,-0.32328956686350352,-1.8926001753748289,2.4162179008870619,2.3435078134039196
explicit,0.050000000000000003,20,1,-0.4530186500171155,-2.0149085762730143,-0.41614683654714241,-1.8185948536513634,2.4403800798959323,2.3491009635828215
explicit,0.050000000000000003,21,1.05,-0.55376407883076617,-1.9243048462695913,-0.50484610459985757,-1.7264187332977474,2.4647838806948918,2.3582227906364861
explicit,0.050000000000000003,22,1.1000000000000001,-0.64997932114424573,-1.8135520305034381,-0.58850111725534582,-1.6169928076391802,2.4894317195018405,2.3715545877372013
explicit,0.050000000000000003,23,1.1500000000000001,-0.74065692266941763,-1.6835561662745888,-0.66627602127982444,-1.4914104243534401,2.5143260366968589,2.3896322837714532
explicit,0.050000000000000003,24,1.2000000000000002,-0.82483473098314708,-1.5354247817407052,-0.73739371554124578,-1.3509263611023012,2.5394692970638273,2.4128221283846321
explicit,0.050000000000000003,25,1.25,-0.90160597007018239,-1.3704578355440757,-0.8011436155469337,-1.1969442882079129,2.5648639900344659,2.4413026934088657
explicit,0.050000000000000003,26,1.3,-0.97012886184738623,-1.1901366415300392,-0.85688875336894732,-1.0310027436429283,2.5905126299348105,2.4750540393857698
explicit,0.050000000000000003,27,1.3500000000000001,-1.0296356939238882,-0.99611086916056191,-0.90407214201706121,-0.85475976046765956,2.6164177562341586,2.5138546256348322
explicit,0.050000000000000003,28,1.4000000000000001,-1.0794412373819162,-0.79018373037578427,-0.94222234066865829,-0.66997630031180933,2.6425819337965,2.5572862434289103
explicit,0.050000000000000003,29,1.4500000000000002,-1.1189504239007055,-0.57429548289940102,-0.97095816514959066,-0.47849865842796396,2.6690077531344651,2.6047469357310105
explicit,0.050000000000000003,30,1.5,-1.1476651980456756,-0.3505053981192599,-0.98999249660044542,-0.28224001611973443,2.6956978306658099,2.6554715459509479
explicit,0.050000000000000003,31,1.55,-1.1651904679516385,-0.12097235851012478,-0.99913515027327948,-0.083161324866580982,2.7226548089724676,2.7085592250703052
explicit,0.050000000000000003,32,1.6000000000000001,-1.1712390858771446,0.11206573508020294,-0.99829477579475312,0.11674828685516017,2.7498813570621916,2.7630069339735401
explicit,0.050000000000000003,33,1.6500000000000001,-1.1656357991231345,0.34631355225563187,-0.98747976990886488,0.31549138828649731,2.7773801706328141,2.8177477180558808
explicit,0.050000000000000003,34,1.7000000000000002,-1.1483201215103529,0.57944071208025882,-0.96679819257946087,0.51108220405366334,2.8051539723391419,2.8716923152295468
explicit,0.050000000000000003,35,1.75,-1.1193480859063401,0.80910473638232938,-0.93645668729079634,0.70156645537923967,2.8332055120625337,2.9237724958592652
explicit,0.050000000000000003,36,1.8,-1.0788928490872236,1.0329743535635973,-0.89675841633414699,0.88504088658970492,2.8615375671831593,2.9729844315181855
explicit,0.050000000000000003,37,1.8500000000000001,-1.0272441314090437,1.2487529233810422,-0.84810003171040804,1.0596722818169868,2.8901529428549906,3.0184303540672968
explicit,0.050000000000000003,38,1.9000000000000001,-0.96480648523999157,1.454201749662851,-0.7909677119144165,1.2237157818854385,2.9190544722835408,3.0593568001757467
explicit,0.050000000000000003,39,1.9500000000000002,-0.89209639775684901,1.6471630467108493,-0.72593230420013988,1.3755323183679482,2.9482450170063763,3.0951878390552707
explicit,0.050000000000000003,40,2,-0.80973824542130657,1.8255823262622191,-0.65364362086361194,1.5136049906158566,2.97772746717644,3.1255518501504116
explicit,0.050000000000000003,41,2.0500000000000003,-0.71845912910819565,1.9875299753464803,-0.57482394653326851,1.6365542221288216,3.0075047418482042,3.1503006473645909
explicit,0.050000000000000003,42,2.1000000000000001,-0.61908263034087163,2.1312218011681194,-0.49026082134069943,1.7431515448271764,3.0375797892666863,3.1695200291173831
explicit,0.050000000000000003,43,2.1499999999999999,-0.51252154028246566,2.2550383272362939,-0.40079917207997545,1.8323318734989098,3.0679555871593536,3.1835311588464674
explicit,0.050000000000000003,44,2.2000000000000002,-0.39976962392065096,2.3575426352927873,-0.30733286997841935,1.9032041477790322,3.0986351430309478,3.1928825362997375
explicit,0.050000000000000003,45,2.25,-0.28189249215601159,2.4374965600769176,-0.2107957994307797,1.955060235330194,3.1296214944612575,3.1983326924554363
explicit,0.050000000000000003,46,2.3000000000000003,-0.1600176641521657,2.4938750585081197,-0.11215252693505399,1.987382007266929,3.1609177094058696,3.200824115560851
explicit,0.050000000000000003,47,2.3500000000000001,-0.035323911226759708,2.5258785913385529,-0.01238866346289056,1.9998465151282017,3.1925268864999281,3.2014492776129297
explicit,0.050000000000000003,48,2.4000000000000004,0.090970018340167949,2.5329433735839046,0.087498983439447273,1.9923292176716811,3.224452155364927,3.2014099648499736
explicit,0.050000000000000003,49,2.4500000000000002,0.2176171870193632,2.5147493699158709,0.18651236942257576,1.964905225248665,3.2566966769185761,3.2019714085245954
explicit,0.050000000000000003,50,2.5,0.34335465551515676,2.4712259325119983,0.28366218546322625,1.9178485493262769,3.2892636436877618,3.2044129508119839
explicit,0.050000000000000003,51,2.5500000000000003,0.46691595214075671,2.4025550014089667,0.37797774271298107,1.8516293646554642,3.3221562801246387,3.2099771545192981
explicit,0.050000000000000003,52,2.6000000000000001,0.58704370221120505,2.3091718109808155,0.46851667130037711,1.7669093114403063,3.3553778429258854,3.2198193660298924
explicit,0.050000000000000003,53,2.6500000000000004,0.70250229276024578,2.1917630705385744,0.55437433617916154,1.6645348844478016,3.3889316213551441,3.2349597631310858
explicit,0.050000000000000003,54,2.7000000000000002,0.81209044628717453,2.0512626119865254,0.63469287594263468,1.5455289751119743,3.4228209375686958,3.2562398605666623
explicit,0.050000000000000003,55,2.75,0.91465357688650084,1.8888445227290904,0.70866977429125999,1.4110806511407838,3.4570491469443829,3.2842853070547191
explicit,0.050000000000000003,56,2.8000000000000003,1.0090958030229553,1.7059138073517903,0.77556587851025016,1.2625332757446419,3.4916196384138267,3.3194765920820664
explicit,0.050000000000000003,57,2.8500000000000001,1.0943914933905448,1.5040946467471992,0.83471278483915978,1.1013710851952752,3.5265358347979645,3.3619289961325256
explicit,0.050000000000000003,58,2.9000000000000004,1.1695962257279047,1.2852163480690901,0.88551951694131936,0.92920435882751318,3.5618011931459437,3.4114827741514029
explicit,0.050000000000000003,59,2.9500000000000002,1.2338570431313591,1.0512971029235092,0.92747843074403591,0.74775332966047203,3.597419205077403,3.4677041715908263
explicit,0.050000000000000003,60,3,1.2864218982775346,0.8045256942972373,0.96017028665036597,0.55883099639785172,3.6333933971281773,3.5298974500410871
explicit,0.050000000000000003,61,3.0500000000000003,1.3266481829923964,0.54724131464173031,0.98326843844258471,0.36432500854419003,3.6697273310994585,3.5971276615266765
explicit,0.050000000000000003,62,3.1000000000000001,1.3540102487244829,0.28191167804325101,0.9965420970232175,0.16617880563499279,3.7064246044104534,3.6682534742798856
explicit,0.050000000000000003,63,3.1500000000000004,1.3681058326266455,0.011109628298354409,0.9998586363834151,-0.033627800968701202,3.743488850454558,3.7419689357272286
explicit,0.050000000000000003,64,3.2000000000000002,1.3686613140415633,-0.26251153822697471,0.99318491875819259,-0.23309840970098727,3.7809237389591037,3.8168526776451839
explicit,0.050000000000000003,65,3.25,1.3555357371302146,-0.53624380103528735,0.97658762572802349,-0.43023997617563103,3.8187329763486946,3.8914227399604822
explicit,0.050000000000000003,66,3.3000000000000003,1.3287235470784502,-0.80735094846133026,0.95023259195852927,-0.62308272702675738,3.8569203061121815,3.9641949277098507
explicit,0.050000000000000003,67,3.3500000000000001,1.2883559996553837,-1.0730956578770203,0.91438314823531941,-0.8096998412331966,3.8954895091733039,4.0337424320763038
explicit,0.050000000000000003,68,3.4000000000000004,1.2347012167615328,-1.3307668578080971,0.86939749034982483,-0.98822670227721787,3.9344444042650375,4.0987543501211956
explicit,0.050000000000000003,69,3.4500000000000002,1.1681628738711278,-1.5777071011604036,0.81572510012535693,-1.1568795287764004,3.9737888483076866,4.1580907344495293
explicit,0.050000000000000003,70,3.5,1.0892775188131076,-1.8113396759346292,0.7539022543433046,-1.3139731974375781,4.0135267367907641,4.2108318955837456
explicit,0.050000000000000003,71,3.5500000000000003,0.99871053501637619,-2.0291951796972509,0.68454666644280593,-1.457938080251753,4.0536620041586717,4.2563198645154809
explicit,0.050000000000000003,72,3.6000000000000001,0.8972507760315136,-2.2289372867005262,0.60835131453225455,-1.5873357276983062,4.0941986242002582,4.2941901952220203
explicit,0.050000000000000003,73,3.6500000000000004,0.78580391169648733,-2.4083874419068287,0.52607751738110453,-1.7008732412571299,4.135140610442261,4.324392637715369
explicit,0.050000000000000003,74,3.7000000000000002,0.66538453960114585,-2.5655482242461263,0.43854732757439036,-1.7974161916232538,4.1764920165466837,4.3471996289481378
explicit,0.050000000000000003,75,3.75,0.53710712838883956,-2.6986251321663555,0.34663531783502582,-1.8759999535494778,4.2182569367121507,4.363202016245733
explicit,0.050000000000000003,76,3.8000000000000003,0.40217587178052178,-2.8060465578441236,0.25125984258225487,-1.9358393440629731,4.2604395060792726,4.3732919281450418
explicit,0.050000000000000003,77,3.8500000000000001,0.26187354388831557,-2.8864817322002279,0.15337386203786435,-1.9763364677540007,4.3030439011400654,4.378633221198081
explicit,0.050000000000000003,78,3.9000000000000004,0.11754945727830417,-2.938856440977891,0.053955420562648862,-1.99708669074921,4.3460743401514659,4.3806204381170462
explicit,0.050000000000000003,79,3.9500000000000002,-0.029393364770590392,-2.9623663324335516,-0.046002125639536949,-1.997882683679544,4.3895350835529801,4.3808276921336464
explicit,0.050000000000000003,80,4,-0.17751168139226797,-2.9564876594794334,-0.14550003380861354,-1.9787164932467636,4.4334304343885087,4.3809493248435398
explicit,0.050000000000000003,81,4.0499999999999998,-0.32533606436623963,-2.9209853232009797,-0.24354415373579111,-1.9397796216901726,4.477764738732394,4.3827345518202181
explicit,0.050000000000000003,82,4.1000000000000005,-0.47138533052628862,-2.8559181103277318,-0.33915486098383624,-1.8814611133595451,4.522542386119718,4.387918595880433
explicit,0.050000000000000003,83,4.1500000000000004,-0.61418123604267516,-2.7616410442224741,-0.43137684497062084,-1.8043436675125868,4.5677678099809151,4.3981529989762409
explicit,0.050000000000000003,84,4.2000000000000002,-0.75226328825379885,-2.6388047970139392,-0.51928865411668557,-1.7091978161765609,4.6134454880807247,4.4149378907145644
explicit,0.050000000000000003,85,4.25,-0.88420352810449576,-2.4883521393631796,-0.60201190268482363,-1.5969742252469805,4.6595799429615319,4.4395589688824026
explicit,0.050000000000000003,86,4.2999999999999998,-1.0086211350726548,-2.3115114337422802,-0.67872004732001245,-1.4687941957482269,4.7061757423911468,4.4730318137876912
explicit,0.050000000000000003,87,4.3500000000000005,-1.1241967067597689,-2.109787206727749,-0.74864664559739991,-1.325938460164364,4.7532374998150582,4.5160559168383356
explicit,0.050000000000000003,88,4.4000000000000004,-1.2296860670961565,-1.8849478653757952,-0.81109301406165601,-1.1698343857835234,4.8007698748132093,4.5689804620876835
explicit,0.050000000000000003,89,4.4500000000000002,-1.3239334603649462,-1.6390106519565639,-0.86543520924111228,-1.0020417129157693,4.8487775735613416,4.6317834691593553
explicit,0.050000000000000003,90,4.5,-1.4058839929627744,-1.3742239598835746,-0.91113026188467694,-0.82423697048351319,4.8972653492969549,4.704065402502331
explicit,0.050000000000000003,91,4.5499999999999998,-1.4745951909569532,-1.0930471612910198,-0.9477216021311119,-0.63819672469870425,4.9462380027899249,4.7850577940370362
explicit,0.050000000000000003,92,4.6000000000000005,-1.5292475490215043,-0.79812812309962911,-0.97484362140416403,-0.44577982820049183,4.9957003828178248,4.873646835212301
explicit,0.050000000000000003,93,4.6500000000000004,-1.5691539551764857,-0.49227861329532824,-0.99222532545260345,-0.24890884701412341,5.0456573866460035,4.9684112933358877
explicit,0.050000000000000003,94,4.7000000000000002,-1.5937678858412521,-0.17844782226003109,-0.99969304203520648,-0.049550850906715529,5.0961139605124623,5.0676735196708282
explicit,0.050000000000000003,95,4.75,-1.6026902769542537,0.14030575490821934,-0.99717215619637845,0.1503022409236186,5.1470751001175872,5.1695617670368001
explicit,0.050000000000000003,96,4.8000000000000007,-1.5956749892088427,0.46084381029907012,-0.98468785579412665,0.34865356244596279,5.1985458511187632,5.2720815453213561
explicit,0.050000000000000003,97,4.8500000000000005,-1.5726327986938891,0.77997880814083864,-0.96236487983130969,0.54352125282188835,5.2505313096299497,5.3731933352267944
explicit,0.050000000000000003,98,4.9000000000000004,-1.5336338582868472,1.0945053678796164,-0.93042627210475326,0.73295825850385687,5.3030366227262498,5.4708936717519379
explicit,0.050000000000000003,99,4.9500000000000002,-1.4789085898928664,1.4012321395369858,-0.88919115262536086,0.91507178755064278,5.3560669889535131,5.5632964137130339
explicit,0.050000000000000003,100,5,-1.4088469829160171,1.6970138575155591,-0.83907152907645244,1.0880422217787395,5.4096276588430472,5.6487109441557939
explicit,0.050000000000000003,101,5.0500000000000007,-1.3239962900402391,1.9787832540987624,-0.78056818016918261,1.2501412977857669,5.4637239354314779,5.7257141041535293
explicit,0.050000000000000003,102,5.1000000000000005,-1.225057127335301,2.2435825121068103,-0.71426565202719894,1.3997493751870873,5.5183611747857926,5.7932128495079214
explicit,0.050000000000000003,103,5.1500000000000004,-1.1128780017299604,2.4885939375738704,-0.64082641759499326,1.5353716195271649,5.5735447865336498,5.8504949313701005
explicit,0.050000000000000003,104,5.2000000000000002,-0.98844830485126689,2.7111695379198624,-0.56098425742722879,1.6556529381713074,5.6292802343989861,5.8972653277911142
explicit,0.050000000000000003,105,5.25,-0.85288982795527379,2.9088591988901156,-0.47553692799599256,1.7593915199433403,5.6855730367429755,5.9336666789117265
explicit,0.050000000000000003,106,5.3000000000000007,-0.70744686801076806,3.0794371644811704,-0.38533819077182802,1.8455508432256147,5.7424287671104057,5.9602825848352223
explicit,0.050000000000000003,107,5.3500000000000005,-0.55347500978670949,3.2209265380833241,-0.29128928172134383,1.9132700325403769,5.7998530547815097,5.9781232895003038
explicit,0.050000000000000003,108,5.4000000000000004,-0.39242868288254329,3.3316215400406661,-0.19432990645533479,1.9618724601329831,5.8578515853293256,5.9885939706114524
explicit,0.050000000000000003,109,5.4500000000000002,-0.22584760588050998,3.4101072766171749,-0.095428851000950651,1.9908725066127548,5.9164301011826188,5.9934465576045879
explicit,0.050000000000000003,110,5.5,-0.05534224204965122,3.4552767977932768,0.0044256979880507854,1.999980413101407,5.9755944021944449,5.9947166786836465
explicit,0.050000000000000003,111,5.5500000000000007,0.11742159784001263,3.4663452462032072,0.10423602686569865,1.9891051764079781,6.03535034621639,5.9946479664689587
explicit,0.050000000000000003,112,5.6000000000000005,0.29073886015017297,3.4428609266352046,0.20300486381875213,1.9583554583026339,6.0957038496785536,5.995606503532005
explicit,0.050000000000000003,113,5.6500000000000004,0.46288190648193323,3.3847131546051701,0.29974534327701491,1.9080384998041779,6.1566608881753391,5.9999886403855269
explicit,0.050000000000000003,114,5.7000000000000002,0.63211756421219178,3.2921367733087834,0.39349086634789088,1.8386570513293514,6.218227497057093,6.0101257492373596
explicit,0.050000000000000003,115,5.75,0.79672440287763091,3.1657132604663452,0.48330475875300588,1.750904349376857,6.2804097720276637,6.028189671314979
explicit,0.050000000000000003,116,5.8000000000000007,0.95501006590094817,3.006368379890819,0.56828962976797504,1.6456571899374157,6.3432138697479408,6.0561026632877351
explicit,0.050000000000000003,117,5.8500000000000005,1.1053284848954892,2.8153663667106295,0.64759633865387733,1.5239671678380642,6.4066460084454206,6.0954555443912231
explicit,0.050000000000000003,118,5.9000000000000004,1.2460968032310207,2.5943006697315316,0.72043247899083873,1.3870501695542448,6.4707124685298751,6.1474374914126191
explicit,0.050000000000000003,119,5.9500000000000002,1.3758118367175973,2.3450813090853275,0.78607029614103929,1.2362742244740665,6.535419593215174,6.2127805309046948
explicit,0.050000000000000003,120,6,1.4930659021718637,2.069918941741808,0.84385395873249214,1.0731458360008699,6.6007737891473264,6.29172124992989
explicit,0.050000000000000003,121,6.0500000000000007,1.5965618492589542,1.7713057613074352,0.89320611150932328,0.89929492906919972,6.6667815270387996,6.3839816068511954
explicit,0.050000000000000003,122,6.1000000000000005,1.685127137324326,1.4519933914556444,0.93363364407463789,0.71645856447365408,6.7334493423091875,6.4887699955934384
explicit,0.050000000000000003,123,6.1500000000000004,1.7577268068971081,1.1149679639907792,0.9647326178866098,0.52646358273160188,6.8007838357322798,6.6048029278184712
explicit,0.050000000000000003,124,6.2000000000000002,1.8134752050966472,0.76342260261135764,0.98619230227886368,0.33120835089661882,6.8687916740896018,6.7303468780049966
explicit,0.050000000000000003,125,6.25,1.851646335227215,0.40072756159202816,0.99779827917858066,0.13264379470240137,6.937479590830498,6.8632790187458568
explicit,0.050000000000000003,126,6.3000000000000007,1.8716827133068163,0.030398294546585138,0.99943458550100472,-0.067246094442276944,7.0068543867388025,7.0011647904971168
explicit,0.050000000000000003,127,6.3500000000000005,1.8732026280341456,-0.34393824811477813,0.99108487181425298,-0.26646408283988793,7.0769229306061909,7.141349533631197
explicit,0.050000000000000003,128,6.4000000000000004,1.8560057156284067,-0.71857877372160728,0.97283256569743537,-0.46301965020307789,7.1476921599122516,7.2810607910279073
explicit,0.050000000000000003,129,6.4500000000000002,1.8200767769423263,-1.0897799168472886,0.94486003815986064,-0.65494887827538606,7.2191690815113754,7.4175173933745642
explicit,0.050000000000000003,130,6.5,1.7655877810999618,-1.4537952722357539,0.90744678145019619,-0.84033407365328183,7.2913607723264882,7.5480410892145224
explicit,0.050000000000000003,131,6.5500000000000007,1.692898017488174,-1.8069128284557463,0.86096661646230566,-1.0173229287447505,7.3642743800497534,7.670166294556422
explicit,0.050000000000000003,132,6.6000000000000005,1.6025523760653868,-2.145492431953381,0.80588395764044973,-1.1841470294144489,7.4379171238502506,7.7817435233159706
explicit,0.050000000000000003,133,6.6500000000000004,1.4952777544677178,-2.4660029071664584,0.74274917270366947,-1.3391395243932047,7.5122962950887544,7.8810322240426274
explicit,0.050000000000000003,134,6.7000000000000002,1.3719776091093949,-2.7650584580600022,0.67219308355346807,-1.4807517799048973,7.5874192580396418,7.9667790872733288
explicit,0.050000000000000003,135,6.75,1.2337246862063949,-3.0394539798818814,0.59492066330989202,-1.6075688531032417,7.6632934506200394,8.0382783913768954
explicit,0.050000000000000003,136,6.8000000000000007,1.0817519872123007,-3.2861989171231603,0.51170399245314746,-1.7183236297129934,7.739926385126239,8.0954116060235286
explicit,0.050000000000000003,137,6.8500000000000005,0.91744204135614271,-3.5025493145656204,0.42337454445066386,-1.8119094846169252,7.8173256489775014,8.138664248288066
explicit,0.050000000000000003,138,6.9000000000000004,0.74231457562786174,-3.6860377228368488,0.33081487794904696,-1.8873913388882095,7.8954989054672762,8.1691188582648682
explicit,0.050000000000000003,139,6.9500000000000002,0.55801268948601934,-3.8345006379624214,0.23494981853982308,-1.9440150027899519,7.9744538945219494,8.1884238959044762
explicit,0.050000000000000003,140,7,0.36628765758789827,-3.9461031758596254,0.13673721820783361,-1.9812147113897407,8.0541984334671692,8.1987393223557472
explicit,0.050000000000000003,141,7.0500000000000007,0.168982498794917,-4.0193607073772055,0.037158384790824631,-1.9986187774958355,8.1347404178018436,8.2026605793909138
explicit,0.050000000000000003,142,7.1000000000000005,-0.031985536573943284,-4.0531572071361888,-0.06279172292408354,-1.9960533054327232,8.2160878219798619,8.2031235811709831
explicit,0.050000000000000003,143,7.1500000000000004,-0.23464339693075273,-4.0467600998213999,-0.16211443649971827,-1.9735439285492267,8.2982487001996592,8.2032941465610669
explicit,0.050000000000000003,144,7.2000000000000002,-0.43698140192182272,-3.9998314204352492,-0.25981735621375585,-1.9313155530985548,8.3812311872016547,8.2064459930463798
explicit,0.050000000000000003,145,7.25,-0.63697297294358524,-3.9124351400508846,-0.35492426678870498,-1.869790111049366,8.4650434990736709,8.2158319548129537
explicit,0.050000000000000003,146,7.3000000000000007,-0.83259472994612949,-3.7850405454621674,-0.44648489141226722,-1.7895823442810068,8.5496939340644076,8.2345534529859847
explicit,0.050000000000000003,147,7.3500000000000005,-1.0218467572192378,-3.6185215994729414,-0.53358438658911922,-1.6914936622858667,8.6351908734050511,8.2654334171701311
explicit,0.050000000000000003,148,7.4000000000000004,-1.202772837192885,-3.4141522480290938,-0.61535248295472078,-1.5765041347506326,8.7215427821391014,8.3108978235420601
explicit,0.050000000000000003,149,7.4500000000000002,-1.3734804495943396,-3.1735976805905168,-0.69097218071912581,-1.445762699023952,8.8087582099604926,8.3728707730435907
explicit,0.050000000000000003,150,7.5,-1.5321603336238654,-2.8989015906716489,-0.75968791285882131,-1.3005756803142337,8.8968457920600965,8.4526875892294733
explicit,0.050000000000000003,151,7.5500000000000007,-1.6771054131574479,-2.5924695239468756,-0.82081309449266926,-1.1423937393199743,8.985814249980697,8.5510297827749948
explicit,0.050000000000000003,152,7.6000000000000005,-1.8067288893547917,-2.2570484413153862,-0.87373698301108105,-0.97279737770759622,9.0756723924805058,8.667884930120735
explicit,0.050000000000000003,153,7.6500000000000004,-1.9195813114205611,-1.8957026634444278,-0.91793078041429321,-0.79348114626122412,9.1664291164053111,8.8025335759295
explicit,0.050000000000000003,154,7.7000000000000002,-2.0143664445927825,-1.5117864011603157,-0.95295291688718031,-0.60623671349140451,9.2580934075693637,8.9535642277804612
explicit,0.050000000000000003,155,7.75,-2.0899557646507985,-1.1089131122417593,-0.97845346281888423,-0.4129349638755932,9.3506743416450604,9.1189164065024073
explicit,0.050000000000000003,156,7.8000000000000007,-2.1454014202628864,-0.6909219593115995,-0.99417762518381536,-0.21550730459888459,9.4441810850615102,9.2959505897817181
explicit,0.050000000000000003,157,7.8500000000000005,-2.1799475182284662,-0.26184167525902219,-0.9999682933493399,-0.015926367571871134,9.5386228959121233,9.4815427848971545
explicit,0.050000000000000003,158,7.9000000000000004,-2.1930396019914173,0.17414782838667109,-0.99576760887328852,0.18381370045536327,9.6340091248712447,9.6722004332965223
explicit,0.050000000000000003,159,7.9500000000000002,-2.1843322105720837,0.61275574878495453,-0.98161754360638442,0.38171716274837875,9.7303492161199578,9.8641954280483777
explicit,0.050000000000000003,160,8,-2.1536944231328361,1.0496221908993713,-0.95765948032338466,0.5758066333301306,9.8276527082811569,10.053709254174802
explicit,0.050000000000000003,161,8.0500000000000007,-2.1012133135878677,1.4803610755259384,-0.92413280007312959,0.76414283436801822,9.9259292353639701,10.236984675445205
explicit,0.050000000000000003,162,8.0999999999999996,-2.0271952598115708,1.9006037382435119,-0.88137249036223464,0.94484397279693233,10.02518852771761,10.41047801661235
explicit,0.050000000000000003,163,8.1500000000000004,-1.9321650728993951,2.3060427902058263,-0.82980579807064903,1.1161045425735587,10.125440412994786,10.571005946579502
explicit,0.050000000000000003,164,8.2000000000000011,-1.8168629333891038,2.6924758047857051,-0.76994796054206949,1.2762133646959004,10.226694817124732,10.715880766000947
explicit,0.050000000000000003,165,8.25,-1.6822391431498185,3.0558483914635257,-0.70239705750271353,1.4235706847382461,10.328961765295979,10.843028543261115
explicit,0.050000000000000003,166,8.3000000000000007,-1.5294467235766422,3.3922962200934896,-0.62782803524638597,1.5567041570685969,10.432251382948941,10.951085016871282
explicit,0.050000000000000003,167,8.3499999999999996,-1.3598319125719678,3.698185564808818,-0.54698596279423561,1.6742835560394935,10.53657389677843,11.039464971742431
explicit,0.050000000000000003,168,8.4000000000000004,-1.1749226343315269,3.9701519473232114,-0.46067858741136253,1.7751340671630091,10.641939635746214,11.108401774210757
explicit,0.050000000000000003,169,8.4500000000000011,-0.97641503696536636,4.2051364741895165,-0.3697682638631698,1.8582480254687395,10.748359032103675,11.158954880692692
explicit,0.050000000000000003,170,8.5,-0.76615821325589051,4.4004194815825901,-0.27516333805159693,1.9227949837591136,10.855842622424712,11.192984375183284
explicit,0.050000000000000003,171,8.5500000000000007,-0.54613723917676094,4.5536511242337685,-0.17780907112311564,1.9681300101632868,10.964401048648961,11.21309289396528
explicit,0.050000000000000003,172,8.5999999999999996,-0.31845468296507251,4.662878572069121,-0.078678194731840151,1.9938001320831922,11.074045059135452,11.222536610872742
explicit,0.050000000000000003,173,8.6500000000000004,-0.085310754361616448,4.726569508662136,0.021238808173646012,1.9995488621460222,11.184785509726808,11.225108230759465
explicit,0.050000000000000003,174,8.7000000000000011,0.15101772107149036,4.7436316595344596,0.12094359992847767,1.9853187609412655,11.296633364824078,11.224996120541531
explicit,0.050000000000000003,175,8.75,0.38819930404821335,4.7134281153201618,0.21943996321145931,1.9512520109363152,11.40959969847232,11.226624747067463
explicit,0.050000000000000003,176,8.8000000000000007,0.62387070981422144,4.6357882545105191,0.31574375491924334,1.8976889958362479,11.523695695457043,11.234482444568052
explicit,0.050000000000000003,177,8.8499999999999996,0.85566012253974744,4.5110141125476746,0.40889273939887982,1.825164899582369,11.638932652411613,11.252943163579506
explicit,0.050000000000000003,178,8.9000000000000004,1.0812108281671311,4.3398820880397251,0.49795620278841546,1.7344043589711626,11.755321978935729,11.286089228280016
explicit,0.050000000000000003,179,8.9500000000000011,1.2982049325691174,4.1236399224062987,0.58204425240212532,1.6263142233229728,11.872875198725087,11.337542229984408
explicit,0.050000000000000003,180,9,1.5043869286894322,3.8639989358924751,0.66031670824408017,1.5019744935433523,11.991603950712335,11.410309001549683
explicit,0.050000000000000003,181,9.0500000000000007,1.697586875484056,3.5631215501545888,0.73199149780894668,1.3626275311109999,12.11151999021946,11.506649152289777
explicit,0.050000000000000003,182,9.0999999999999996,1.8757429529917855,3.2236041750577775,0.79635247029192313,1.2096656448125682,12.232635190121655,11.627969908661703
explicit,0.050000000000000003,183,9.1500000000000004,2.0369231617446744,2.8484555844594204,0.85275655213087309,1.0446171792534631,12.35496154202287,11.774753026504234
explicit,0.050000000000000003,184,9.2000000000000011,2.1793459409676452,2.4410709521104854,0.90064017238477001,0.86913124414378706,12.478511157443098,11.946517350333497
explicit,0.050000000000000003,185,9.25,2.3013994885731694,2.0052017639169564,0.93952489374825598,0.68496123693922506,12.603296269017529,12.141819237621078
explicit,0.050000000000000003,186,9.3000000000000007,2.4016595767690174,1.5449218662023225,0.9690221929390499,0.49394732347324177,12.729329231707705,12.358291592175238
explicit,0.050000000000000003,187,9.3499999999999996,2.4789056700791336,1.064589950848519,0.98883734269414592,0.2979980516283976,12.856622524024784,12.592720717478018
explicit,0.050000000000000003,188,9.4000000000000004,2.5321351676215595,0.56880881683269224,0.9987723565872102,0.099071281756734839,12.98518874926503,12.841158668389502
explicit,0.050000000000000003,189,9.4500000000000011,2.5605756084631941,0.062381783308380304,0.99872796724350144,-0.10084537561362954,13.11504063675768,13.099067309482493
explicit,0.050000000000000003,190,9.5,2.563694697628613,-0.44973333838425855,0.98870461818666922,-0.29975441932590469,13.246191043125258,13.361488940621511
explicit,0.050000000000000003,191,9.5500000000000007,2.5412080307094,-0.96247227790998113,0.9688024594072101,-0.49566841596591965,13.378652953556507,13.62323718175251
explicit,0.050000000000000003,192,9.6000000000000014,2.4930844168139008,-1.4707138840518612,0.9392203466968696,-0.68662985763979745,13.512439483092072,13.879100869684226
explicit,0.050000000000000003,193,9.6500000000000004,2.4195487226113079,-1.9693307674146414,0.90025385474730446,-0.87073072074578639,13.647563877922993,14.124053052192718
explicit,0.050000000000000003,194,9.7000000000000011,2.3210821842405758,-2.4532405119369032,0.8522923238654625,-1.0461315303153988,13.784039516702222,14.353456801293619
explicit,0.050000000000000003,195,9.75,2.1984201586437306,-2.9174569487850182,0.79581496981394406,-1.2110797394392021,13.921879911869246,14.563259528687666
explicit,0.050000000000000003,196,9.8000000000000007,2.0525473112044796,-3.3571409805137642,0.73138609564549673,-1.3639272401362712,14.061098710987936,14.750167780276726
explicit,0.050000000000000003,197,9.8500000000000014,1.8846902621787913,-3.7676504427546602,0.65964945337345937,-1.5031468307043012,14.201709698097815,14.911795108173147
explicit,0.050000000000000003,198,9.9000000000000004,1.6963077400410582,-4.1445884951904182,0.58132181181443565,-1.6273474750142107,14.343726795078792,15.046776549446456
explicit,0.050000000000000003,199,9.9500000000000011,1.4890783152815372,-4.4838500431986299,0.49718579487120218,-1.7352882012833382,14.48716406302958,15.154844449859706
explicit,0.050000000000000003,200,10,1.2648858131216056,-4.7816657062549375,0.40808206181339202,-1.8258905014552553,14.632035703659875,15.236861815153073
explicit,0.050000000000000003,201,10.050000000000001,1.0258025278088587,-5.034642868879259,0.31490090768793422,-1.8982491072957892,14.778356060696476,15.294810998847595
explicit,0.050000000000000003,202,10.100000000000001,0.77407038436489572,-5.2398033744410304,0.21857336778525918,-1.9516410355339526,14.92613962130344,15.331737282508444
explicit,0.050000000000000003,203,10.15,0.51208021564284423,-5.3946174513140095,0.12006191504242673,-1.9855328116718143,15.075401017516473,15.351648704294426
explicit,0.050000000000000003,204,10.200000000000001,0.24234934307714373,-5.4970334944425785,0.020350843331679431,-1.9995858002853386,15.22615502769164,15.359375273316761
explicit,0.050000000000000003,205,10.25,-0.032502331644985206,-5.5455033630580068,-0.079563567278540068,-1.9936595885575985,15.378416577968553,15.360392399024104
explicit,0.050000000000000003,206,10.300000000000001,-0.30977749979788555,-5.5390028967290101,-0.17868300502473455,-1.9678133892372323,15.532200743748241,15.360614896876045
explicit,0.050000000000000003,207,10.350000000000001,-0.58672764463433602,-5.4770473967694331,-0.27601710124947049,-1.9223054490042311,15.687522751185723,15.366169239320008
explicit,0.050000000000000003,208,10.4,-0.86058001447280774,-5.3597018678425661,-0.37059332583764143,-1.8575904681544808,15.844397978697582,15.383152747597792
explicit,0.050000000000000003,209,10.450000000000001,-1.1285651078649361,-5.1875858649480042,-0.46146670441591253,-1.7743150573846989,16.002841958484556,15.417389118361189
explicit,0.050000000000000003,210,10.5,-1.3879444011123363,-4.9618728433750166,-0.54772926022426838,-1.6733112770721119,16.1628703780694,15.474190014870029
explicit,0.050000000000000003,211,10.550000000000001,-1.636038043281087,-4.6842839631525495,-0.628519086319688,-1.5555883236021857,16.324499081850092,15.558132404925185
explicit,0.050000000000000003,212,10.600000000000001,-1.8702522414387146,-4.357076354496332,-0.70302895746538852,-1.4223224458119599,16.487744072668594,15.672860890856954
explicit,0.050000000000000003,213,10.65,-2.0881060591635312,-3.9830259062085891,-0.77051439565856883,-1.2748451923004778,16.652621513395282,15.820923460539335
explicit,0.050000000000000003,214,10.700000000000001,-2.2872573544739607,-3.565404694375883,-0.83030110870852714,-1.1146301070353168,16.819147728529234,16.003647917640514
explicit,0.050000000000000003,215,10.75,-2.4655275891927548,-3.1079532234810907,-0.88179172754132418,-0.9432780061883923,16.987339205814525,16.221064763973207
explicit,0.050000000000000003,216,10.800000000000001,-2.6209252503668092,-2.6148477056425397,-0.92447177491412169,-0.76250098330988025,17.157212597872672,16.471880560114446
explicit,0.050000000000000003,217,10.850000000000001,-2.751667635648936,-2.0906626555691776,-0.95791480590171663,-0.57410530265545012,17.328784723851395,16.753503847212439
explicit,0.050000000000000003,218,10.9,-2.8562007684273949,-1.5403291284393903,-0.9817866687932767,-0.37997335159087547,17.502072571089908,17.062123647061938
explicit,0.050000000000000003,219,10.950000000000001,-2.9332172248493644,-0.96908897475391131,-0.99584884382577976,-0.18204483239968866,17.677093296800805,17.392838449484827
explicit,0.050000000000000003,220,11,-2.9816716735870599,-0.3824455297840384,-0.99996082639463713,0.017702618580807752,17.853864229768813,17.739831529484107
semi_implicit,0.050000000000000003,0,0,1,0,1,-0,2,2
semi_implicit,0.050000000000000003,1,0.050000000000000003,0.98999999999999999,-0.20000000000000001,0.99500416527802582,-0.19966683329365631,1.9802,2
semi_implicit,0.050000000000000003,2,0.10000000000000001,0.97009999999999996,-0.39800000000000002,0.98006657784124163,-0.39733866159012243,1.9613900199999998,1.9999999999999998
semi_implicit,0.050000000000000003,3,0.15000000000000002,0.94049899999999997,-0.59201999999999999,0.95533648912560598,-0.5910404133226792,1.9443205782019999,1.9999999999999998
semi_implicit,0.050000000000000003,4,0.20000000000000001,0.90149300999999993,-0.78011980000000003,0.9210609940028851,-0.77883668461730104,1.9296727453337399,1.9999999999999998
semi_implicit,0.050000000000000003,5,0.25,0.8534720898999999,-0.96041840200000006,0.87758256189037276,-0.95885107720840601,1.918030969926664,1.9999999999999998
semi_implicit,0.050000000000000003,6,0.30000000000000004,0.79691644890099989,-1.13111281998,0.82533561490967822,-1.129284946790071,1.9098597588195139,1.9999999999999996
semi_implicit,0.050000000000000003,7,0.35000000000000003,0.7323916434129899,-1.2904961097601999,0.76484218728448838,-1.2884353744753823,1.9054851433354654,1.9999999999999998
semi_implicit,0.050000000000000003,8,0.40000000000000002,0.66054292149085003,-1.4369744384427978,0.69670670934716539,-1.4347121817990456,1.9050816706323317,1.9999999999999996
semi_implicit,0.050000000000000003,9,0.45000000000000001,0.58208877035380169,-1.5690830227409678,0.62160996827066439,-1.5666538192549668,1.9086654392709679,1.9999999999999996
semi_implicit,0.050000000000000003,10,0.5,0.49781373151321529,-1.6855007768117281,0.54030230586813977,-1.682941969615793,1.9160934568826926,1.9999999999999996
semi_implicit,0.050000000000000003,11,0.55000000000000004,0.40856055535749675,-1.7850635231143712,0.45359612142557731,-1.7824147201228708,1.927069345564798,1.9999999999999998
semi_implicit,0.050000000000000003,12,0.60000000000000009,0.3152217736482032,-1.8667756341858706,0.3623577544766734,-1.8640781719344528,1.9411551673588676,1.9999999999999996
semi_implicit,0.050000000000000003,13,0.65000000000000002,0.21873077420242762,-1.9298199889155112,0.26749882862458735,-1.9271163708343859,1.9577888979753186,1.9999999999999996
semi_implicit,0.050000000000000003,14,0.70000000000000007,0.12005246701462777,-1.9735661437559968,0.16996714290024081,-1.9708994599769205,1.9763068515625546,1.9999999999999998
semi_implicit,0.050000000000000003,15,0.75,0.020173635156681646,-1.9975766371589223,0.070737201667702906,-1.9949899732081089,1.9959701617724441,1.9999999999999996
semi_implicit,0.050000000000000003,16,0.80000000000000004,-0.07990693305283128,-2.0016113641902584,-0.029199522301288815,-1.9991472060830102,2.015994262527613,1.9999999999999993
semi_implicit,0.050000000000000003,17,0.85000000000000009,-0.17918843193181588,-1.9856299775796922,-0.12884449429552486,-1.9833296209049371,2.0355801922079304,1.9999999999999993
semi_implicit,0.050000000000000003,18,0.90000000000000002,-0.27667804649148231,-1.949792291193329,-0.22720209469308711,-1.9476952617563903,2.0539464722191512,1.9999999999999989
semi_implicit,0.050000000000000003,19,0.95000000000000007,-0.37140088058623394,-1.8944566818950326,-0.32328956686350352,-1.8926001753748289,2.0703602879888283,1.9999999999999993
semi_implicit,0.050000000000000003,20,1,-0.46240970587512326,-1.8201765057777859,-0.41614683654714241,-1.8185948536513634,2.0841667282677512,1.9999999999999996
semi_implicit,0.050000000000000003,21,1.05,-0.5487944341052613,-1.7276945646027613,-0.50484610459985757,-1.7264187332977474,2.0948149160887906,1.9999999999999998
semi_implicit,0.050000000000000003,22,1.1000000000000001,-0.6296912179943468,-1.6179356777817091,-0.58850111725534582,-1.6169928076391802,2.101879988757887,1.9999999999999996
semi_implicit,0.050000000000000003,23,1.1500000000000001,-0.70429108970348875,-1.4919974341828397,-0.66627602127982444,-1.4914104243534401,2.1050800498755438,1.9999999999999996
semi_implicit,0.050000000000000003,24,1.2000000000000002,-0.7718480505155958,-1.3511392162421418,-0.73739371554124578,-1.3509263611023012,2.104287417003166,1.9999999999999993
semi_implicit,0.050000000000000003,25,1.25,-0.83168653082254695,-1.1967696061390227,-0.8011436155469337,-1.1969442882079129,2.0995337161923624,1.9999999999999993
semi_implicit,0.050000000000000003,26,1.3,-0.88320814582127261,-1.0304322999745132,-0.85688875336894732,-1.0310027436429283,2.0910086201054834,1.9999999999999996
semi_implicit,0.050000000000000003,27,1.3500000000000001,-0.92589767936178557,-0.85379067081025872,-0.90407214201706121,-0.85475976046765956,2.0790522800763953,1.9999999999999993
semi_implicit,0.050000000000000003,28,1.4000000000000001,-0.95932823610868068,-0.66861113493790159,-0.94222234066865829,-0.66997630031180933,2.0641417540722595,1.9999999999999996
semi_implicit,0.050000000000000003,29,1.4500000000000002,-0.98316551049448897,-0.47674548771616543,-0.97095816514959066,-0.47849865842796396,2.0468719720806403,1.9999999999999996
semi_implicit,0.050000000000000003,30,1.5,-0.99717112977535238,-0.28011238561726765,-0.98999249660044542,-0.28224001611973443,2.027931998403004,2
semi_implicit,0.050000000000000003,31,1.55,-1.0012050377584623,-0.080678159662197158,-0.99913515027327948,-0.083161324866580982,2.0080775379890872,1.9999999999999998
semi_implicit,0.050000000000000003,32,1.6000000000000001,-0.99522689536398745,0.11956284788949531,-0.99829477579475312,0.11674828685516017,1.9881007838094058,1.9999999999999998
semi_implicit,0.050000000000000003,33,1.6500000000000001,-0.97929648401587277,0.3186082269622928,-0.98747976990886488,0.31549138828649731,1.9687988083557291,1.9999999999999996
semi_implicit,0.050000000000000003,34,1.7000000000000002,-0.95357310782759941,0.51446752376546734,-0.96679819257946087,0.51108220405366334,1.950941760448659,1.9999999999999996
semi_implicit,0.050000000000000003,35,1.75,-0.91831400056105006,0.70518214533098722,-0.93645668729079634,0.70156645537923967,1.9352421362996872,1.9999999999999996
semi_implicit,0.050000000000000003,36,1.8,-0.87387175328889022,0.88884494544319725,-0.89675841633414699,0.88504088658970492,1.922326350912358,1.9999999999999996
semi_implicit,0.050000000000000003,37,1.8500000000000001,-0.82069078848384147,1.0636192961009754,-0.84810003171040804,1.0596722818169868,1.9127097441236258,1.9999999999999996
semi_implicit,0.050000000000000003,38,1.9000000000000001,-0.75930291579395426,1.2277574537977436,-0.7909677119144165,1.2237157818854385,1.906776018544361,1.9999999999999998
semi_implicit,0.050000000000000003,39,1.9500000000000002,-0.69032201394612758,1.3796180369565345,-0.72593230420013988,1.3755323183679482,1.9047619298251761,2
semi_implicit,0.050000000000000003,40,2,-0.61443789195883958,1.51768243974576,-0.65364362086361194,1.5136049906158566,1.9067478401059665,1.9999999999999998
semi_implicit,0.050000000000000003,41,2.0500000000000003,-0.53240939105196317,1.640570018137528,-0.57482394653326851,1.6365542221288216,1.912654511566529,2
semi_implicit,0.050000000000000003,42,2.1000000000000001,-0.44505679623456712,1.7470518963479207,-0.49026082134069943,1.7431515448271764,1.922246268015587,2
semi_implicit,0.050000000000000003,43,2.1499999999999999,-0.35325363345482541,1.8360632555948342,-0.40079917207997545,1.8323318734989098,1.9351403983708231,2
semi_implicit,0.050000000000000003,44,2.2000000000000002,-0.25791793434053545,1.9067139822857992,-0.30733286997841935,1.9032041477790322,1.950822426831063,2
semi_implicit,0.050000000000000003,45,2.25,-0.16000305588284011,1.9582975691539064,-0.2107957994307797,1.955060235330194,1.968666640460744,2.0000000000000004
semi_implicit,0.050000000000000003,46,2.3000000000000003,-0.060488146866316386,1.9902981803304745,-0.11215252693505399,1.987382007266929,1.9879610551360409,2
semi_implicit,0.050000000000000003,47,2.3500000000000001,0.039631643618870505,2.0023958097037378,-0.01238866346289056,1.9998465151282017,2.00793582371141,2
semi_implicit,0.050000000000000003,48,2.4000000000000004,0.13935511766786871,1.9944694809799637,0.087498983439447273,1.9923292176716811,2.0277939529206939,2.0000000000000004
semi_implicit,0.050000000000000003,49,2.4500000000000002,0.23768504054018821,1.9665984574463899,0.18651236942257576,1.964905225248665,2.046743103408442,2.0000000000000004
semi_implicit,0.050000000000000003,50,2.5,0.33363811300710583,1.9190614493383522,0.28366218546322625,1.9178485493262769,2.064027204070193,2
semi_implicit,0.050000000000000003,51,2.5500000000000003,0.42625480434395241,1.8523338267369311,0.37797774271298107,1.8516293646554642,2.0789566192895439,2.0000000000000004
semi_implicit,0.050000000000000003,52,2.6000000000000001,0.51460894763735943,1.7670828658681406,0.46851667130037711,1.7669093114403063,2.0909356653992415,2
semi_implicit,0.050000000000000003,53,2.6500000000000004,0.59781700145439287,1.6641610763406687,0.55437433617916154,1.6645348844478016,2.0994863784595097,2.0000000000000004
semi_implicit,0.050000000000000003,54,2.7000000000000002,0.67504688525688239,1.5445976760497901,0.63469287594263468,1.5455289751119743,2.1042675850192434,2.0000000000000004
semi_implicit,0.050000000000000003,55,2.75,0.74552630020680311,1.4095882989984136,0.70866977429125999,1.4110806511407838,2.1050885149367091,2.0000000000000004
semi_implicit,0.050000000000000003,56,2.8000000000000003,0.80855045215465571,1.2604830389570529,0.77556587851025016,1.2625332757446419,2.1019164131082002,2.0000000000000004
semi_implicit,0.050000000000000003,57,2.8500000000000001,0.86348909958096176,1.0987729485261217,0.83471278483915978,1.1013710851952752,2.094877846396674,2
semi_implicit,0.050000000000000003,58,2.9000000000000004,0.90979285601145821,0.92607512860992935,0.88551951694131936,0.92920435882751318,2.0842536536139202,1.9999999999999996
semi_implicit,0.050000000000000003,59,2.9500000000000002,0.94699868388184005,0.74411655740763771,0.92747843074403591,0.74775332966047203,2.0704677400519715,1.9999999999999998
semi_implicit,0.050000000000000003,60,3,0.97473452491340351,0.5547168206312697,0.96017028665036597,0.55883099639785172,2.0540701636619492,1.9999999999999998
semi_implicit,0.050000000000000003,61,3.0500000000000003,0.99272302069583296,0.35976991564858901,0.98326843844258471,0.36432500854419003,2.0357151877418147,1.9999999999999996
semi_implicit,0.050000000000000003,62,3.1000000000000001,1.0007842862713041,0.1612253115094224,0.9965420970232175,0.16617880563499279,2.0161351758307826,2
semi_implicit,0.050000000000000003,63,3.1500000000000004,0.99883770898406221,-0.038931545744838432,0.9998586363834151,-0.033627800968701202,1.9961113704041016,1.9999999999999998
semi_implicit,0.050000000000000003,64,3.2000000000000002,0.98690275460697963,-0.2386990875416509,0.99318491875819259,-0.23309840970098727,1.9764427212982967,1.9999999999999996
semi_implicit,0.050000000000000003,65,3.25,0.96509877268382727,-0.43607963846304681,0.97658762572802349,-0.43023997617563103,1.9579140076126902,1.9999999999999996
semi_implicit,0.050000000000000003,66,3.3000000000000003,0.93364380303383665,-0.62909939299981232,0.95023259195852927,-0.62308272702675738,1.9412645250233374,1.9999999999999996
semi_implicit,0.050000000000000003,67,3.3500000000000001,0.89285239535350769,-0.81582815360657968,0.91438314823531941,-0.8096998412331966,1.9271585878855533,1.9999999999999998
semi_implicit,0.050000000000000003,68,3.4000000000000004,0.84313246371964368,-0.99439863267728124,0.86939749034982483,-0.98822670227721787,1.9161590230911356,1.9999999999999998
semi_implicit,0.050000000000000003,69,3.4500000000000002,0.78498120744858313,-1.1630251254212101,0.81572510012535693,-1.1568795287764004,1.9087047132753816,1.9999999999999998
semi_implicit,0.050000000000000003,70,3.5,0.71898013910303682,-1.3200213669109266,0.7539022543433046,-1.3139731974375781,1.9050930853999399,1.9999999999999998
semi_implicit,0.050000000000000003,71,3.5500000000000003,0.64578926936646008,-1.463817394731534,0.68454666644280593,-1.457938080251753,1.9054682434170407,2
semi_implicit,0.050000000000000003,72,3.6000000000000001,0.56614050693621876,-1.5929752486048261,0.60835131453225455,-1.5873357276983062,1.9098152185218014,2
semi_implicit,0.050000000000000003,73,3.6500000000000004,0.48083033943661524,-1.7062033499920699,0.52607751738110453,-1.7008732412571299,1.9179605664075421,1.9999999999999998
semi_implicit,0.050000000000000003,74,3.7000000000000002,0.39071186854264561,-1.802369417879393,0.43854732757439036,-1.7974161916232538,1.9295792876936222,2
semi_implicit,0.050000000000000003,75,3.75,0.29668627896324951,-1.8805117915879221,0.34663531783502582,-1.8759999535494778,1.9442077954007266,2
semi_implicit,0.050000000000000003,76,3.8000000000000003,0.19969382659422089,-1.9398490473805721,0.25125984258225487,-1.9358393440629731,1.961262412071342,2
semi_implicit,0.050000000000000003,77,3.8500000000000001,0.10070443595925008,-1.9797878126994162,0.15337386203786435,-1.9763364677540007,1.9800626585003107,2
semi_implicit,0.050000000000000003,78,3.9000000000000004,0.00070800096468676132,-1.9999286998912662,0.053955420562648862,-1.99708669074921,1.9998584048551171,2
semi_implicit,0.050000000000000003,79,3.9500000000000002,-0.099295514039523428,-2.0000703000842037,-0.046002125639536949,-1.997882683679544,2.0198598008562048,2.0000000000000004
semi_implicit,0.050000000000000003,80,4,-0.19830607390333838,-1.980211197276299,-0.14550003380861354,-1.9787164932467636,2.0392687908031295,2.0000000000000004
semi_implicit,0.050000000000000003,81,4.0499999999999998,-0.29533357302811997,-1.9405499824956314,-0.24354415373579111,-1.9397796216901726,2.0573109559970093,2.0000000000000004
semi_implicit,0.050000000000000003,82,4.1000000000000005,-0.38940773642262033,-1.8814832678900073,-0.33915486098383624,-1.8814611133595451,2.0732664140466084,2
semi_implicit,0.050000000000000003,83,4.1500000000000004,-0.4795878224528945,-1.8036017206054833,-0.43137684497062084,-1.8043436675125868,2.086498542175748,2.0000000000000004
semi_implicit,0.050000000000000003,84,4.2000000000000002,-0.56497203025863973,-1.7076841561149043,-0.51928865411668557,-1.7091978161765609,2.096479378472075,2
semi_implicit,0.050000000000000003,85,4.25,-0.64470651776179855,-1.5946897500631763,-0.60201190268482363,-1.5969742252469805,2.1028106875673664,2
semi_implicit,0.050000000000000003,86,4.2999999999999998,-0.71799394008733941,-1.4657484465108166,-0.67872004732001245,-1.4687941957482269,2.10523985022872,2
semi_implicit,0.050000000000000003,87,4.3500000000000005,-0.7841014230120068,-1.3221496584933488,-0.74864664559739991,-1.325938460164364,2.1036699428659476,2
semi_implicit,0.050000000000000003,88,4.4000000000000004,-0.84236789170655413,-1.1653293738909474,-0.81109301406165601,-1.1698343857835234,2.0981636047828238,2
semi_implicit,0.050000000000000003,89,4.4500000000000002,-0.89221068148403593,-0.99685579554963655,-0.86543520924111228,-1.0020417129157693,2.0889405388688651,2
semi_implicit,0.050000000000000003,90,4.5,-0.93313136444667744,-0.81841365925282938,-0.91113026188467694,-0.82423697048351319,2.0763687454540389,1.9999999999999998
semi_implicit,0.050000000000000003,91,4.5499999999999998,-0.96472073376485212,-0.63178738636349385,-0.9477216021311119,-0.63819672469870425,2.0609498390955969,2
semi_implicit,0.050000000000000003,92,4.6000000000000005,-0.98666289574537824,-0.43884323961052341,-0.97484362140416403,-0.44577982820049183,2.0432990341572399,1.9999999999999998
semi_implicit,0.050000000000000003,93,4.6500000000000004,-0.99873842876845065,-0.24151066046144776,-0.99222532545260345,-0.24890884701412341,2.0241205977560095,1.9999999999999998
semi_implicit,0.050000000000000003,94,4.7000000000000002,-1.0008265775038385,-0.041762974707757618,-0.99969304203520648,-0.049550850906715529,2.0041797495043143,1.9999999999999998
semi_implicit,0.050000000000000003,95,4.75,-0.99290646046418807,0.1584023407930101,-0.99717215619637845,0.1503022409236186,1.984272129247397,2
semi_implicit,0.050000000000000003,96,4.8000000000000007,-0.97505727881989568,0.35698363288584772,-0.98468785579412665,0.34865356244596279,1.9651920510335084,2
semi_implicit,0.050000000000000003,97,4.8500000000000005,-0.94745752438740438,0.55199508864982683,-0.96236487983130969,0.54352125282188835,1.947700809983383,2
semi_implicit,0.050000000000000003,98,4.9000000000000004,-0.91038319471103901,0.74148659352730772,-0.93042627210475326,0.73295825850385687,1.9324963066149206,2
semi_implicit,0.050000000000000003,99,4.9500000000000002,-0.86420503308756325,0.92356323246951555,-0.88919115262536086,0.91507178755064278,1.9201852006125228,2.0000000000000004
semi_implicit,0.050000000000000003,100,5,-0.80938482113321186,1.0964042390870281,-0.83907152907645244,1.0880422217787395,1.9112587051056853,2.0000000000000004
semi_implicit,0.050000000000000003,101,5.0500000000000007,-0.74647076096752829,1.2582812033136705,-0.78056818016918261,1.2501412977857669,1.906072987265131,2.0000000000000004
semi_implicit,0.050000000000000003,102,5.1000000000000005,-0.6760919931921695,1.4075753555071762,-0.71426565202719894,1.3997493751870873,1.9048349572326979,2.0000000000000004
semi_implicit,0.050000000000000003,103,5.1500000000000004,-0.59895230548488898,1.54279375414561,-0.64082641759499326,1.5353716195271649,1.9075940124066801,2
semi_implicit,0.050000000000000003,104,5.2000000000000002,-0.51582309472275956,1.6625842152425878,-0.56098425742722879,1.6556529381713074,1.9142400664856356,1.9999999999999998
semi_implicit,0.050000000000000003,105,5.25,-0.42753565301340257,1.7657488341871397,-0.47553692799599256,1.7593915199433403,1.9245079419118145,1.9999999999999998
semi_implicit,0.050000000000000003,106,5.3000000000000007,-0.33497285477391159,1.8512559647898201,-0.38533819077182802,1.8455508432256147,1.937987950455712,1.9999999999999998
semi_implicit,0.050000000000000003,107,5.3500000000000005,-0.23906032798668145,1.9182505357446025,-0.29128928172134383,1.9132700325403769,1.9541422397764265,1.9999999999999998
semi_implicit,0.050000000000000003,108,5.4000000000000004,-0.14075719791958452,1.9660626013419387,-0.19432990645533479,1.9618724601329831,1.9723262537300617,1.9999999999999998
semi_implicit,0.050000000000000003,109,5.4500000000000002,-0.04104649587329174,1.9942140409258555,-0.095428851000950651,1.9908725066127548,1.9918144501598671,1.9999999999999996
semi_implicit,0.050000000000000003,110,5.5,0.059074671131733959,2.0024233401005138,0.0044256979880507854,1.999980413101407,2.0118292500282942,1.9999999999999996
semi_implicit,0.050000000000000003,111,5.5500000000000007,0.15860509142544232,1.9906084058741671,0.10423602686569865,1.9891051764079781,2.0315720628205924,1.9999999999999998
semi_implicit,0.050000000000000003,112,5.6000000000000005,0.25654946080489627,1.9588873875890787,0.20300486381875213,1.9583554583026339,2.0502551503063486,1.9999999999999996
semi_implicit,0.050000000000000003,113,5.6500000000000004,0.35192833557630121,1.9075774954280993,0.29974534327701491,1.9080384998041779,2.0671330572948814,1.9999999999999993
semi_implicit,0.050000000000000003,114,5.7000000000000002,0.44378792699194314,1.837191828312839,0.39349086634789088,1.8386570513293514,2.0815323552973486,1.9999999999999993
semi_implicit,0.050000000000000003,115,5.75,0.53120963913766561,1.7484342429144504,0.48330475875300588,1.750904349376857,2.0928785123234515,1.9999999999999991
semi_implicit,0.050000000000000003,116,5.8000000000000007,0.61331925489201145,1.6421923150869173,0.56828962976797504,1.6456571899374157,2.100718816707849,1.9999999999999993
semi_implicit,0.050000000000000003,117,5.8500000000000005,0.68929567809743719,1.5195284641085149,0.64759633865387733,1.5239671678380642,2.1047404403056027,1.9999999999999991
semi_implicit,0.050000000000000003,118,5.9000000000000004,0.75837914452188859,1.3816693284890276,0.72043247899083873,1.3870501695542448,2.1047829203351633,1.9999999999999993
semi_implicit,0.050000000000000003,119,5.9500000000000002,0.81987881950112107,1.2299934995846498,0.78607029614103929,1.2362742244740665,2.1008445618433509,1.9999999999999993
semi_implicit,0.050000000000000003,120,6,0.87317970628534236,1.0660177356844256,0.84385395873249214,1.0731458360008699,2.0930825053339883,1.9999999999999991
semi_implicit,0.050000000000000003,121,6.0500000000000007,0.91774879600671022,0.8913817944273571,0.89320611150932328,0.89929492906919972,2.0818064568618002,1.9999999999999993
semi_implicit,0.050000000000000003,122,6.1000000000000005,0.95314039776801096,0.70783203522601501,0.93363364407463789,0.71645856447365408,2.0674663307608254,1.9999999999999989
semi_implicit,0.050000000000000003,123,6.1500000000000004,0.97900059555163166,0.51720395567241284,0.9647326178866098,0.52646358273160188,2.0506342980624948,1.9999999999999996
semi_implicit,0.050000000000000003,124,6.2000000000000002,0.99507078737973598,0.32140383656208649,0.98619230227886368,0.33120835089661882,2.0319819568714697,1.9999999999999993
semi_implicit,0.050000000000000003,125,6.25,1.001190271334043,0.12238967908613928,0.99779827917858066,0.13264379470240137,2.0122535356012734,1.9999999999999996
semi_implicit,0.050000000000000003,126,6.3000000000000007,0.99729785257500958,-0.077848375180669338,0.99943458550100472,-0.067246094442276944,1.9922361982605863,1.9999999999999998
semi_implicit,0.050000000000000003,127,6.3500000000000005,0.98343245529022605,-0.27730794569567124,0.99108487181425298,-0.26646408283988793,1.9727286366093015,1.9999999999999998
semi_implicit,0.050000000000000003,128,6.4000000000000004,0.95973273345254018,-0.47399443675371644,0.97283256569743537,-0.46301965020307789,1.9545092023573056,1.9999999999999998
semi_implicit,0.050000000000000003,129,6.4500000000000002,0.92643568428032896,-0.66594098344422448,0.94486003815986064,-0.65494887827538606,1.9383048509312533,1.9999999999999998
semi_implicit,0.050000000000000003,130,6.5,0.88387427826531439,-0.85122812030029027,0.90744678145019619,-0.84033407365328183,1.9247621359530436,1.9999999999999996
semi_implicit,0.050000000000000003,131,6.5500000000000007,0.83247412946764676,-1.0280029759533531,0.86096661646230566,-1.0173229287447505,1.9144214117503076,1.9999999999999993
semi_implicit,0.050000000000000003,132,6.6000000000000005,0.7727492393753026,-1.1944978018468824,0.80588395764044973,-1.1841470294144489,1.9076952732187344,1.9999999999999993
semi_implicit,0.050000000000000003,133,6.6500000000000004,0.7052968568892054,-1.3490476497219428,0.74274917270366947,-1.3391395243932047,1.9048520932857333,1.9999999999999989
semi_implicit,0.050000000000000003,134,6.7000000000000002,0.63079150583421617,-1.490107021099784,0.67219308355346807,-1.4807517799048973,1.906005314830632,1.9999999999999991
semi_implicit,0.050000000000000003,135,6.75,0.54997823972088478,-1.6162653222666272,0.59492066330989202,-1.6075688531032417,1.9111089243137882,1.9999999999999991
semi_implicit,0.050000000000000003,136,6.8000000000000007,0.46366519121034455,-1.7262609702108043,0.51170399245314746,-1.7183236297129934,1.9199592877168243,1.9999999999999991
semi_implicit,0.050000000000000003,137,6.8500000000000005,0.37271549078770089,-1.8189940084528733,0.42337454445066386,-1.8119094846169252,1.9322032755399594,1.9999999999999993
semi_implicit,0.050000000000000003,138,6.9000000000000004,0.27803863545718022,-1.8935371066104134,0.33081487794904696,-1.8873913388882095,1.9473523526690495,1.9999999999999991
semi_implicit,0.050000000000000003,139,6.9500000000000002,0.18058139377208773,-1.9491448337018495,0.23494981853982308,-1.9440150027899519,1.9648020709266449,1.9999999999999993
semi_implicit,0.050000000000000003,140,7,0.081318338149274375,-1.9852611124562671,0.13673721820783361,-1.9812147113897407,1.9838561865542672,1.9999999999999996
semi_implicit,0.050000000000000003,141,7.0500000000000007,-0.018757900855031741,-2.0015247800861222,0.037158384790824631,-1.9986187774958355,2.0037544403383745,2
semi_implicit,0.050000000000000003,142,7.1000000000000005,-0.11864656085078754,-1.9977731999151158,-0.06279172292408354,-1.9960533054327232,2.02370289195298,2
semi_implicit,0.050000000000000003,143,7.1500000000000004,-0.21734875523803546,-1.9740438877449582,-0.16211443649971827,-1.9735439285492267,2.0429055981786615,1.9999999999999996
semi_implicit,0.050000000000000003,144,7.2000000000000002,-0.31387746207290301,-1.930574136697351,-0.25981735621375585,-1.9313155530985548,2.0605963710370143,1.9999999999999993
semi_implicit,0.050000000000000003,145,7.25,-0.40726739428704151,-1.8677986442827703,-0.35492426678870498,-1.869790111049366,2.0760693486909902,1.9999999999999989
semi_implicit,0.050000000000000003,146,7.3000000000000007,-0.49658465255830958,-1.7863451654253619,-0.44648489141226722,-1.7895823442810068,2.0887071593321958,1.9999999999999989
semi_implicit,0.050000000000000003,147,7.3500000000000005,-0.58093606430399458,-1.6870282349137,-0.53358438658911922,-1.6914936622858667,2.098005554316047,1.9999999999999989
semi_implicit,0.050000000000000003,148,7.4000000000000004,-0.65947811540663959,-1.570841022052901,-0.61535248295472078,-1.5765041347506326,2.1035935276826874,1.9999999999999987
semi_implicit,0.050000000000000003,149,7.4500000000000002,-0.73142538535521828,-1.438945398971573,-0.69097218071912581,-1.445762699023952,2.1052481192947887,1.9999999999999987
semi_implicit,0.050000000000000003,150,7.5,-0.79605840145024476,-1.2926603219005293,-0.75968791285882131,-1.3005756803142337,2.1029033109470281,1.9999999999999987
semi_implicit,0.050000000000000003,151,7.5500000000000007,-0.85273083353076873,-1.1334486416104803,-0.82081309449266926,-1.1423937393199743,2.0966526604924809,1.9999999999999987
semi_implicit,0.050000000000000003,152,7.6000000000000005,-0.90087595727598502,-0.96290247490432657,-0.87373698301108105,-0.97279737770759622,2.0867455688842833,1.9999999999999982
semi_implicit,0.050000000000000003,153,7.6500000000000004,-0.94001232144844149,-0.78272728344912956,-0.91793078041429321,-0.79348114626122412,2.0735773290776032,1.9999999999999982
semi_implicit,0.050000000000000003,154,7.7000000000000002,-0.96974856240641361,-0.59472481915944131,-0.95295291688718031,-0.60623671349140451,2.0576733538407268,1.9999999999999984
semi_implicit,0.050000000000000003,155,7.75,-0.98978731774032158,-0.40077510667815858,-0.97845346281888423,-0.4129349638755932,2.0396682117856053,1.9999999999999987
semi_implicit,0.050000000000000003,156,7.8000000000000007,-0.99992819989682624,-0.20281764313009426,-0.99417762518381536,-0.21550730459888459,2.0202803080802378,1.9999999999999987
semi_implicit,0.050000000000000003,157,7.8500000000000005,-1.0000698000543626,-0.0028320031507290009,-0.9999682933493399,-0.015926367571871134,2.0002832200824687,1.9999999999999984
semi_implicit,0.050000000000000003,158,7.9000000000000004,-0.99021070221135543,0.19718195686014353,-0.99576760887328852,0.18381370045536327,1.9804748316034091,1.9999999999999982
semi_implicit,0.050000000000000003,159,7.9500000000000002,-0.97044949734623465,0.39522409730241465,-0.98161754360638442,0.38171716274837875,1.9616454973433732,1.999999999999998
semi_implicit,0.050000000000000003,160,8,-0.9409837975076516,0.58931399677166163,-0.95765948032338466,0.5758066333301306,1.9445465077393371,1.9999999999999982
semi_implicit,0.050000000000000003,161,8.0500000000000007,-0.902108259693992,0.77751075627319199,-0.92413280007312959,0.76414283436801822,1.9298601124765014,1.9999999999999982
semi_implicit,0.050000000000000003,162,8.0999999999999996,-0.8542116392833925,0.95793240821199044,-0.88137249036223464,0.94484397279693233,1.9181722987258532,1.9999999999999984
semi_implicit,0.050000000000000003,163,8.1500000000000004,-0.79777290247995902,1.1287747360686688,-0.82980579807064903,1.1161045425735587,1.909949410256043,1.9999999999999982
semi_implicit,0.050000000000000003,164,8.2000000000000011,-0.73335643665172601,1.2883293165646608,-0.76994796054206949,1.2762133646959004,1.9055195403170171,1.9999999999999984
semi_implicit,0.050000000000000003,165,8.25,-0.66160640645697566,1.4350006038950061,-0.70239705750271353,1.4235706847382461,1.9050594407193417,1.9999999999999982
semi_implicit,0.050000000000000003,166,8.3000000000000007,-0.5832403121976556,1.5673218851864013,-0.62782803524638597,1.5567041570685969,1.9085874694369649,1.9999999999999984
semi_implicit,0.050000000000000003,167,8.3499999999999996,-0.49904181481635895,1.6839699476259324,-0.54698596279423561,1.6742835560394935,1.9159628581240531,1.9999999999999984
semi_implicit,0.050000000000000003,168,8.4000000000000004,-0.40985289928689872,1.7837783105892042,-0.46067858741136253,1.7751340671630091,1.9268913287719913,1.9999999999999984
semi_implicit,0.050000000000000003,169,8.4500000000000011,-0.31656545476456954,1.865748890446584,-0.3697682638631698,1.8582480254687395,1.9409368354019272,1.9999999999999987
semi_implicit,0.050000000000000003,170,8.5,-0.22011235569459464,1.9290619813994978,-0.27516333805159693,1.9227949837591136,1.9575389622993258,1.9999999999999984
semi_implicit,0.050000000000000003,171,8.5500000000000007,-0.12145813306767379,1.9730844525384168,-0.17780907112311564,1.9681300101632868,1.9760352846009814,1.9999999999999984
semi_implicit,0.050000000000000003,172,8.5999999999999996,-0.021589329110076213,1.9973760791519515,-0.078678194731840151,1.9938001320831922,1.9956877990470578,1.9999999999999984
semi_implicit,0.050000000000000003,173,8.6500000000000004,0.078495368138622124,2.0016939449739666,0.021238808173646012,1.9995488621460222,2.0157123703111561,1.999999999999998
semi_implicit,0.050000000000000003,174,8.7000000000000011,0.17779511170593423,1.9859948713462421,0.12094359992847767,1.9853187609412655,2.0353100179998398,1.999999999999998
semi_implicit,0.050000000000000003,175,8.75,0.27531690415618698,1.9504358490050553,0.21943996321145931,1.9512520109363152,2.0536987959703294,1.9999999999999978
semi_implicit,0.050000000000000003,176,8.8000000000000007,0.37008552756487789,1.895372468173818,0.31574375491924334,1.8976889958362479,2.0701449919816035,1.9999999999999982
semi_implicit,0.050000000000000003,177,8.8499999999999996,0.46115329569792002,1.8213553626608423,0.40889273939887982,1.825164899582369,2.0839924028128105,1.9999999999999978
semi_implicit,0.050000000000000003,178,8.9000000000000004,0.5476095308739829,1.7291247035212582,0.49795620278841546,1.7344043589711626,2.0946885167717868,1.9999999999999978
semi_implicit,0.050000000000000003,179,8.9500000000000011,0.62858967074130601,1.6196027973464617,0.58204425240212532,1.6263142233229728,2.1018065589115689,1.9999999999999978
semi_implicit,0.050000000000000003,180,9,0.70328391390121603,1.4938848631982005,0.66031670824408017,1.5019744935433523,2.105062519350779,1.9999999999999978
semi_implicit,0.050000000000000003,181,9.0500000000000007,0.77094531792211385,1.3532280804179573,0.73199149780894668,1.3626275311109999,2.1043264852678929,1.9999999999999976
semi_implicit,0.050000000000000003,182,9.0999999999999996,0.83089726876379055,1.1990390168335345,0.79635247029192313,1.2096656448125682,2.0996278244228179,1.9999999999999976
semi_implicit,0.050000000000000003,183,9.1500000000000004,0.8825402469178294,1.0328595630807764,0.85275655213087309,1.0446171792534631,2.0911540133832727,1.9999999999999978
semi_implicit,0.050000000000000003,184,9.2000000000000011,0.92535782260268995,0.85635151369721052,0.90064017238477001,0.86913124414378706,2.0792431572097345,1.9999999999999978
semi_implicit,0.050000000000000003,185,9.25,0.9589218200615236,0.67127994917667255,0.93952489374825598,0.68496123693922506,2.0643704990635281,1.999999999999998
semi_implicit,0.050000000000000003,186,9.3000000000000007,0.98289659931974194,0.4794955851643678,0.9690221929390499,0.49394732347324177,2.0471294580046866,1.999999999999998
semi_implicit,0.050000000000000003,187,9.3499999999999996,0.99704241258476289,0.28291626530041941,0.98883734269414592,0.2979980516283976,2.0282079515714577,1.9999999999999976
semi_implicit,0.050000000000000003,188,9.4000000000000004,1.0012178017239362,0.083507782783466822,0.9987723565872102,0.099071281756734839,2.0083609478705275,1.9999999999999973
semi_implicit,0.050000000000000003,189,9.4500000000000011,0.99538101284587011,-0.11673577756132042,0.99872796724350144,-0.10084537561362954,1.9883803423495636,1.9999999999999973
semi_implicit,0.050000000000000003,190,9.5,0.97959041383934542,-0.31581198013049444,0.98870461818666922,-0.29975441932590469,1.9690633611688519,1.9999999999999973
semi_implicit,0.050000000000000003,191,9.5500000000000007,0.95400391069442725,-0.51173006289836354,0.9688024594072101,-0.49566841596591965,1.9511807518775028,1.9999999999999973
semi_implicit,0.050000000000000003,192,9.6000000000000014,0.91887736844256485,-0.70253084503724894,0.9392203466968696,-0.68662985763979745,1.9354460305862418,1.9999999999999976
semi_implicit,0.050000000000000003,193,9.6500000000000004,0.87456205250627672,-0.88630631872576193,0.90025385474730446,-0.87073072074578639,1.922487012674589,1.9999999999999976
semi_implicit,0.050000000000000003,194,9.7000000000000011,0.82150111604492582,-1.0612187292270172,0.8522923238654625,-1.0461315303153988,1.91282076295722,1.9999999999999973
semi_implicit,0.050000000000000003,195,9.75,0.76022516842312571,-1.2255189524360024,0.79581496981394406,-1.2110797394392021,1.9068329647978581,1.9999999999999973
semi_implicit,0.050000000000000003,196,9.8000000000000007,0.69134696911709437,-1.3775639861206275,0.73138609564549673,-1.3639272401362712,1.9047625313430614,1.9999999999999973
semi_implicit,0.050000000000000003,197,9.8500000000000014,0.61555530011989201,-1.5158333799440464,0.65964945337345937,-1.5031468307043012,1.9066920728876766,1.9999999999999973
semi_implicit,0.050000000000000003,198,9.9000000000000004,0.5336080781214908,-1.6389444399680249,0.58132181181443565,-1.6273474750142107,1.9125446007240734,1.9999999999999976
semi_implicit,0.050000000000000003,199,9.9500000000000011,0.44632477534187465,-1.7456660555923231,0.49718579487120218,-1.7352882012833382,1.9220865989915796,1.9999999999999976
semi_implicit,0.050000000000000003,200,10,0.35457822480883977,-1.834931010660698,0.40808206181339202,-1.8258905014552553,1.9349373419593214,1.9999999999999976
semi_implicit,0.050000000000000003,201,10.050000000000001,0.25928589202771646,-1.905846655622466,0.31490090768793422,-1.8982491072957892,1.9505840849828866,1.9999999999999978
semi_implicit,0.050000000000000003,202,10.100000000000001,0.16140070032631598,-1.9577038340280093,0.21857336778525918,-1.9516410355339526,1.9684025230156341,1.9999999999999976
semi_implicit,0.050000000000000003,203,10.15,0.061901501621652352,-1.9899839740932725,0.12006191504242673,-1.9855328116718143,1.987681700380058,1.9999999999999978
semi_implicit,0.050000000000000003,204,10.200000000000001,-0.038216712099227799,-2.0023642744176029,0.020350843331679431,-1.9995858002853386,2.0076523778993174,1.9999999999999978
semi_implicit,0.050000000000000003,205,10.25,-0.13795275869911566,-1.9947209319977572,-0.079563567278540068,-1.9936595885575985,2.0275177255403936,1.9999999999999973
semi_implicit,0.050000000000000003,206,10.300000000000001,-0.23630927771201238,-1.9671303802579341,-0.17868300502473455,-1.9678133892372323,2.0464851159324082,1.9999999999999973
semi_implicit,0.050000000000000003,207,10.350000000000001,-0.33230270394778894,-1.9198685247155316,-0.27601710124947049,-1.9223054490042311,2.0637977501987197,1.9999999999999973
semi_implicit,0.050000000000000003,208,10.4,-0.42497310314408765,-1.8534079839259738,-0.37059332583764143,-1.8575904681544808,2.078764854232102,1.9999999999999971
semi_implicit,0.050000000000000003,209,10.450000000000001,-0.51339377130894548,-1.7684133632971564,-0.46146670441591253,-1.7743150573846989,2.090789240581624,1.9999999999999976
semi_implicit,0.050000000000000003,210,10.5,-0.59668050176071386,-1.6657346090353673,-0.54772926022426838,-1.6733112770721119,2.0993911362319384,1.9999999999999976
semi_implicit,0.050000000000000003,211,10.550000000000001,-0.67400042719487507,-1.5463985086832246,-0.628519086319688,-1.5555883236021857,2.1042273255465989,1.9999999999999978
semi_implicit,0.050000000000000003,212,10.600000000000001,-0.74458034835708753,-1.4115984232442496,-0.70302895746538852,-1.4223224458119599,2.1051048445719491,1.9999999999999973
semi_implicit,0.050000000000000003,213,10.65,-0.80771446603572916,-1.262682353572832,-0.77051439565856883,-1.2748451923004778,2.1019886802988794,1.9999999999999976
semi_implicit,0.050000000000000003,214,10.700000000000001,-0.86277143905401343,-1.1011394603656861,-0.83030110870852714,-1.1146301070353168,2.0950031676818837,1.9999999999999973
semi_implicit,0.050000000000000003,215,10.75,-0.9092006976817576,-0.92858517255488338,-0.88179172754132418,-0.9432780061883923,2.0844270286743809,1.9999999999999973
semi_implicit,0.050000000000000003,216,10.800000000000001,-0.9465379493326842,-0.7467450330185319,-0.92447177491412169,-0.76250098330988025,2.0706822512227703,1.9999999999999973
semi_implicit,0.050000000000000003,217,10.850000000000001,-0.97440982149028399,-0.55743744315199506,-0.95791480590171663,-0.57410530265545012,2.0543172519473711,1.9999999999999976
semi_implicit,0.050000000000000003,218,10.9,-0.99253759543298092,-0.36255547885393824,-0.9817866687932767,-0.37997335159087547,2.0359849943192718,1.9999999999999978
semi_implicit,0.050000000000000003,219,10.950000000000001,-1.0007399934213481,-0.16404795976734204,-0.99584884382577976,-0.18204483239968866,2.0164169354178334,1.9999999999999978
semi_implicit,0.050000000000000003,220,11,-0.99893499147550169,0.03610003891692759,-0.99996082639463713,0.017702618580807752,1.9963938407932231,1.9999999999999978
explicit,0.5,0,0,1,0,1,-0,2,2
explicit,0.5,1,0.5,1,-2,0.54030230586813977,-1.682941969615793,4,6
explicit,0.5,2,1,0,-4,-0.41614683654714241,-1.8185948536513634,8,8
explicit,0.5,3,1.5,-2,-4,-0.98999249660044542,-0.28224001611973443,16,8
explicit,0.5,4,2,-4,0,-0.65364362086361194,1.5136049906158566,32,32
explicit,0.5,5,2.5,-4,8,0.28366218546322625,1.9178485493262769,64,96
explicit,0.5,6,3,0,16,0.96017028665036597,0.55883099639785172,128,128
explicit,0.5,7,3.5,8,16,0.7539022543433046,-1.3139731974375781,256,128
explicit,0.5,8,4,16,0,-0.14550003380861354,-1.9787164932467636,512,512
explicit,0.5,9,4.5,16,-32,-0.91113026188467694,-0.82423697048351319,1024,1536
explicit,0.5,10,5,0,-64,-0.83907152907645244,1.0880422217787395,2048,2048
explicit,0.5,11,5.5,-32,-64,0.0044256979880507854,1.999980413101407,4096,2048
explicit,0.5,12,6,-64,0,0.84385395873249214,1.0731458360008699,8192,8192
explicit,0.5,13,6.5,-64,128,0.90744678145019619,-0.84033407365328183,16384,24576
explicit,0.5,14,7,0,256,0.13673721820783361,-1.9812147113897407,32768,32768
explicit,0.5,15,7.5,128,256,-0.75968791285882131,-1.3005756803142337,65536,32768
explicit,0.5,16,8,256,0,-0.95765948032338466,0.5758066333301306,131072,131072
explicit,0.5,17,8.5,256,-512,-0.27516333805159693,1.9227949837591136,262144,393216
explicit,0.5,18,9,0,-1024,0.66031670824408017,1.5019744935433523,524288,524288
explicit,0.5,19,9.5,-512,-1024,0.98870461818666922,-0.29975441932590469,1048576,524288
explicit,0.5,20,10,-1024,0,0.40808206181339202,-1.8258905014552553,2097152,2097152
explicit,0.5,21,10.5,-1024,2048,-0.54772926022426838,-1.6733112770721119,4194304,6291456
explicit,0.5,22,11,0,4096,-0.99996082639463713,0.017702618580807752,8388608,8388608
semi_implicit,0.5,0,0,1,0,1,-0,2,2
semi_implicit,0.5,1,0.5,0,-2,0.54030230586813977,-1.682941969615793,2,2
semi_implicit,0.5,2,1,-1,-2,-0.41614683654714241,-1.8185948536513634,4,2
semi_implicit,0.5,3,1.5,-1,0,-0.98999249660044542,-0.28224001611973443,2,2
semi_implicit,0.5,4,2,0,2,-0.65364362086361194,1.5136049906158566,2,2
semi_implicit,0.5,5,2.5,1,2,0.28366218546322625,1.9178485493262769,4,2
semi_implicit,0.5,6,3,1,0,0.96017028665036597,0.55883099639785172,2,2
semi_implicit,0.5,7,3.5,0,-2,0.7539022543433046,-1.3139731974375781,2,2
semi_implicit,0.5,8,4,-1,-2,-0.14550003380861354,-1.9787164932467636,4,2
semi_implicit,0.5,9,4.5,-1,0,-0.91113026188467694,-0.82423697048351319,2,2
semi_implicit,0.5,10,5,0,2,-0.83907152907645244,1.0880422217787395,2,2
semi_implicit,0.5,11,5.5,1,2,0.0044256979880507854,1.999980413101407,4,2
semi_implicit,0.5,12,6,1,0,0.84385395873249214,1.0731458360008699,2,2
semi_implicit,0.5,13,6.5,0,-2,0.90744678145019619,-0.84033407365328183,2,2
semi_implicit,0.5,14,7,-1,-2,0.13673721820783361,-1.9812147113897407,4,2
semi_implicit,0.5,15,7.5,-1,0,-0.75968791285882131,-1.3005756803142337,2,2
semi_implicit,0.5,16,8,0,2,-0.95765948032338466,0.5758066333301306,2,2
semi_implicit,0.5,17,8.5,1,2,-0.27516333805159693,1.9227949837591136,4,2
semi_implicit,0.5,18,9,1,0,0.66031670824408017,1.5019744935433523,2,2
semi_implicit,0.5,19,9.5,0,-2,0.98870461818666922,-0.29975441932590469,2,2
semi_implicit,0.5,20,10,-1,-2,0.40808206181339202,-1.8258905014552553,4,2
semi_implicit,0.5,21,10.5,-1,0,-0.54772926022426838,-1.6733112770721119,2,2
semi_implicit,0.5,22,11,0,2,-0.99996082639463713,0.017702618580807752,2,2
explicit,1,0,0,1,0,1,-0,2,2
explicit,1,1,1,1,-4,-0.41614683654714241,-1.8185948536513634,10,18
explicit,1,2,2,-3,-8,-0.65364362086361194,1.5136049906158566,50,2
explicit,1,3,3,-11,4,0.96017028665036597,0.55883099639785172,250,338
explicit,1,4,4,-7,48,-0.14550003380861354,-1.9787164932467636,1250,1922
explicit,1,5,5,41,76,-0.83907152907645244,1.0880422217787395,6250,18
explicit,1,6,6,117,-88,0.84385395873249214,1.0731458360008699,31250,51842
explicit,1,7,7,29,-556,0.13673721820783361,-1.9812147113897407,156250,188498
explicit,1,8,8,-527,-672,-0.95765948032338466,0.5758066333301306,781250,72962
explicit,1,9,9,-1199,1436,0.66031670824408017,1.5019744935433523,3906250,7349778
explicit,1,10,10,237,6232,0.40808206181339202,-1.8258905014552553,19531250,16577282
explicit,1,11,11,6469,5284,-0.99996082639463713,0.017702618580807752,97656250,29291858
semi_implicit,1,0,0,1,0,1,-0,2,2
semi_implicit,1,1,1,-3,-4,-0.41614683654714241,-1.8185948536513634,26,2
semi_implicit,1,2,2,5,8,-0.65364362086361194,1.5136049906158566,82,2
semi_implicit,1,3,3,-7,-12,0.96017028665036597,0.55883099639785172,170,2
semi_implicit,1,4,4,9,16,-0.14550003380861354,-1.9787164932467636,290,2
semi_implicit,1,5,5,-11,-20,-0.83907152907645244,1.0880422217787395,442,2
semi_implicit,1,6,6,13,24,0.84385395873249214,1.0731458360008699,626,2
semi_implicit,1,7,7,-15,-28,0.13673721820783361,-1.9812147113897407,842,2
semi_implicit,1,8,8,17,32,-0.95765948032338466,0.5758066333301306,1090,2
semi_implicit,1,9,9,-19,-36,0.66031670824408017,1.5019744935433523,1370,2
semi_implicit,1,10,10,21,40,0.40808206181339202,-1.8258905014552553,1682,2
semi_implicit,1,11,11,-23,-44,-0.99996082639463713,0.017702618580807752,2026,2
explicit,1.1000000000000001,0,0,1,0,1,-0,2,2
explicit,1.1000000000000001,1,1.1000000000000001,1,-4.4000000000000004,-0.58850111725534582,-1.6169928076391802,11.680000000000001,21.360000000000003
explicit,1.1000000000000001,2,2.2000000000000002,-3.8400000000000007,-8.8000000000000007,-0.30733286997841935,1.9032041477790322,68.211200000000019,-6.131200000000006
explicit,1.1000000000000001,3,3.3000000000000003,-13.520000000000003,8.0960000000000036,0.95023259195852927,-0.62308272702675738,398.35340800000023,639.16083200000037
explicit,1.1000000000000001,4,4.4000000000000004,-4.6143999999999981,67.584000000000017,-0.81109301406165601,-1.1698343857835234,2326.3839027200011,3012.475043840001
explicit,1.1000000000000001,5,5.5,69.728000000000023,87.887360000000015,0.0044256979880507854,1.999980413101407,13586.081991884808,104.0203481088008
explicit,1.1000000000000001,6,6.6000000000000005,166.40409600000004,-218.91584000000012,0.80588395764044973,-1.1841470294144489,79342.718832607279,159485.40223422475
explicit,1.1000000000000001,7,7.7000000000000011,-74.403328000000116,-951.09386240000038,-0.95295291688718087,-0.60623671349140118,463361.47798242664,307679.4710559714
explicit,1.1000000000000001,8,8.8000000000000007,-1120.6065766400006,-623.71921919999988,0.31574375491924334,1.8976889958362479,2706031.0314173717,1168354.5415903423
explicit,1.1000000000000001,9,9.9000000000000004,-1806.6977177600006,4306.9497180160033,0.58132181181443565,-1.6273474750142107,15803221.223477455,32922204.920779958
explicit,1.1000000000000001,10,11,2930.9469720576035,12256.419676160007,-0.99996082639463713,0.017702618580807752,92290811.945108354,13260396.44126986
semi_implicit,1.1000000000000001,0,0,1,0,1,-0,2,2
semi_implicit,1.1000000000000001,1,1.1000000000000001,-3.8400000000000007,-4.4000000000000004,-0.58850111725534582,-1.6169928076391802,39.171200000000013,2.0000000000000004
semi_implicit,1.1000000000000001,2,2.2000000000000002,9.9056000000000051,12.496000000000004,-0.30733286997841935,1.9032041477790322,274.31683072000027,2.0000000000000022
semi_implicit,1.1000000000000001,3,3.3000000000000003,-24.291904000000024,-31.088640000000023,0.95023259195852927,-0.62308272702675738,1663.4449684152351,2.0000000000001625
semi_implicit,1.1000000000000001,4,4.4000000000000004,59.083407360000088,75.795737600000095,-0.81109301406165601,-1.1698343857835234,9854.1949696994598,1.9999999999997491
semi_implicit,1.1000000000000001,5,5.5,-143.50497290240028,-184.17125478400033,0.0044256979880507854,1.999980413101407,58146.880039793861,2.0000000000006306
semi_implicit,1.1000000000000001,6,6.6000000000000005,348.47071568281683,447.25062598656098,0.80588395764044973,-1.1841470294144489,342880.24059967446,2.000000000017931
semi_implicit,1.1000000000000001,7,7.7000000000000011,-846.15185963679983,-1086.0205230178333,-0.95295291688718087,-0.60623671349140118,2021666.2273415932,2.000000000063515
semi_implicit,1.1000000000000001,8,8.8000000000000007,2054.6005656856955,2637.0476593840863,0.31574375491924334,1.8976889958362479,11919777.147963503,2.0000000005415823
semi_implicit,1.1000000000000001,9,9.9000000000000004,-4988.9137469105772,-6403.1948296329747,0.58132181181443565,-1.6273474750142107,70278972.761345908,2.0000000057840679
semi_implicit,1.1000000000000001,10,11,12113.914475540349,15548.025656773567,-0.99996082639463713,0.017702618580807752,414364398.75325656,2.0000000499999162
