trajectory,mode,frame,page,layer,hits,misses,evictions,texture_bytes,table_bytes
locality,resident,0,0,0,1,0,0,0,0
locality,resident,1,0,0,1,0,0,0,0
locality,resident,2,0,0,1,0,0,0,0
locality,resident,3,0,0,1,0,0,0,0
locality,resident,4,1,1,1,0,0,0,0
locality,resident,5,1,1,1,0,0,0,0
locality,resident,6,1,1,1,0,0,0,0
locality,resident,7,1,1,1,0,0,0,0
locality,resident,8,2,2,1,0,0,0,0
locality,resident,9,2,2,1,0,0,0,0
locality,resident,10,2,2,1,0,0,0,0
locality,resident,11,2,2,1,0,0,0,0
locality,resident,12,3,3,1,0,0,0,0
locality,resident,13,3,3,1,0,0,0,0
locality,resident,14,3,3,1,0,0,0,0
locality,resident,15,3,3,1,0,0,0,0
locality,stream,0,0,0,0,1,0,16384,32
locality,stream,1,0,0,1,0,0,0,0
locality,stream,2,0,0,1,0,0,0,0
locality,stream,3,0,0,1,0,0,0,0
locality,stream,4,1,1,0,1,0,16384,32
locality,stream,5,1,1,1,0,0,0,0
locality,stream,6,1,1,1,0,0,0,0
locality,stream,7,1,1,1,0,0,0,0
locality,stream,8,2,2,0,1,0,16384,32
locality,stream,9,2,2,1,0,0,0,0
locality,stream,10,2,2,1,0,0,0,0
locality,stream,11,2,2,1,0,0,0,0
locality,stream,12,3,0,0,1,1,16384,32
locality,stream,13,3,0,1,0,0,0,0
locality,stream,14,3,0,1,0,0,0,0
locality,stream,15,3,0,1,0,0,0,0
thrash,resident,0,0,0,1,0,0,0,0
thrash,resident,1,1,1,1,0,0,0,0
thrash,resident,2,2,2,1,0,0,0,0
thrash,resident,3,3,3,1,0,0,0,0
thrash,resident,4,0,0,1,0,0,0,0
thrash,resident,5,1,1,1,0,0,0,0
thrash,resident,6,2,2,1,0,0,0,0
thrash,resident,7,3,3,1,0,0,0,0
thrash,resident,8,0,0,1,0,0,0,0
thrash,resident,9,1,1,1,0,0,0,0
thrash,resident,10,2,2,1,0,0,0,0
thrash,resident,11,3,3,1,0,0,0,0
thrash,resident,12,0,0,1,0,0,0,0
thrash,resident,13,1,1,1,0,0,0,0
thrash,resident,14,2,2,1,0,0,0,0
thrash,resident,15,3,3,1,0,0,0,0
thrash,stream,0,0,0,0,1,0,16384,32
thrash,stream,1,1,1,0,1,0,16384,32
thrash,stream,2,2,2,0,1,0,16384,32
thrash,stream,3,3,0,0,1,1,16384,32
thrash,stream,4,0,1,0,1,1,16384,32
thrash,stream,5,1,2,0,1,1,16384,32
thrash,stream,6,2,0,0,1,1,16384,32
thrash,stream,7,3,1,0,1,1,16384,32
thrash,stream,8,0,2,0,1,1,16384,32
thrash,stream,9,1,0,0,1,1,16384,32
thrash,stream,10,2,1,0,1,1,16384,32
thrash,stream,11,3,2,0,1,1,16384,32
thrash,stream,12,0,0,0,1,1,16384,32
thrash,stream,13,1,1,0,1,1,16384,32
thrash,stream,14,2,2,0,1,1,16384,32
thrash,stream,15,3,0,0,1,1,16384,32
