s,h,analytic,finite_difference,absolute_error
0.5,0.10000000000000001,-0.0035364189328665912,-0.0035364189328666688,7.7628875549962117e-17
0.5,0.001,-0.0035364189328665912,-0.0035364189328603544,6.2367645770056157e-15
0.5,1.0000000000000001e-05,-0.0035364189328665912,-0.003536418932432311,4.3428021595515176e-13
0.5,9.9999999999999995e-08,-0.0035364189328665912,-0.0035364188964367993,3.642979190879303e-11
0.5,1.0000000000000001e-09,-0.0035364189328665912,-0.0035364324316167202,1.3498750128966563e-08
2,0.10000000000000001,-0.0014145675731466318,-0.0014145675731466257,6.0715321659188248e-18
2,0.001,-0.0014145675731466318,-0.0014145675731464511,1.8062808193608504e-16
2,1.0000000000000001e-05,-0.0014145675731466318,-0.0014145675732168698,7.0238086180562931e-14
2,9.9999999999999995e-08,-0.0014145675731466318,-0.0014145675646462519,8.5003798704769151e-12
2,1.0000000000000001e-09,-0.0014145675731466318,-0.0014145675191097606,5.4036871114868101e-11
6,0.10000000000000001,0.0042437027194399081,0.0042437027194399627,5.4643789493269423e-17
6,0.001,0.0042437027194399081,0.0042437027194535022,1.3594160519492249e-14
6,1.0000000000000001e-05,0.0042437027194399081,0.0042437027188754056,5.6450243784977872e-13
6,9.9999999999999995e-08,0.0042437027194399081,0.0042437027763381208,5.6898212703881956e-11
6,1.0000000000000001e-09,0.0042437027194399081,0.0042437021778585216,5.4158138650811649e-10
