initial,eta_fraction_of_bound,eta,iteration,intensity,loss,gradient,parameter_error,linear_mse
0,0.25,353.46491004864208,0,0,0.0063655540791598625,-0.0042437027194399081,3.0000000000000098,0.012731108158319725
0,0.25,353.46491004864208,1,1.5000000000000049,0.0015913885197899544,-0.0021218513597199449,1.5000000000000049,0.0031827770395799087
0,0.25,353.46491004864208,2,2.250000000000004,0.00039784712994748675,-0.0010609256798599718,0.75000000000000577,0.00079569425989497349
0,0.25,353.46491004864208,3,2.6250000000000036,9.9461782486870778e-05,-0.00053046283992998341,0.37500000000000622,0.00019892356497374156
0,0.25,353.46491004864208,4,2.8125000000000022,2.4865445621717515e-05,-0.00026523141996499116,0.18750000000000755,4.973089124343503e-05
0,0.25,353.46491004864208,5,2.9062500000000013,6.216361405429361e-06,-0.00013261570998249528,0.093750000000008438,1.2432722810858722e-05
0,0.25,353.46491004864208,6,2.9531250000000009,1.5540903513573241e-06,-6.6307854991247425e-05,0.046875000000008882,3.1081807027146483e-06
0,0.25,353.46491004864208,7,2.9765625000000004,3.8852258783933083e-07,-3.3153927495623706e-05,0.023437500000009326,7.7704517567866165e-07
0,0.25,353.46491004864208,8,2.9882812500000004,9.713064695982908e-08,-1.6576963747811514e-05,0.011718750000009326,1.9426129391965816e-07
0,0.25,353.46491004864208,9,2.9941406250000004,2.4282661739955586e-08,-8.2884818739054521e-06,0.0058593750000093259,4.8565323479911172e-08
0,0.25,353.46491004864208,10,2.9970703125000004,6.0706654349878592e-09,-4.1442409369523703e-06,0.0029296875000093259,1.2141330869975718e-08
0,0.25,353.46491004864208,11,2.99853515625,1.5176663587474996e-09,-2.0721204684765511e-06,0.00146484375000977,3.0353327174949991e-09
0,0.25,353.46491004864208,12,2.999267578125,3.7941658968685824e-10,-1.0360602342382505e-06,0.00073242187500976996,7.5883317937371649e-10
0,0.25,353.46491004864208,13,2.9996337890625,9.4854147421715492e-11,-5.1803011711912739e-07,0.00036621093750976996,1.8970829484343098e-10
0,0.25,353.46491004864208,14,2.99981689453125,2.3713536855431306e-11,-2.5901505855957698e-07,0.00018310546875976996,4.7427073710862612e-11
0,0.25,353.46491004864208,15,2.999908447265625,5.9283842138596836e-12,-1.2950752927980906e-07,9.1552734384769963e-05,1.1856768427719367e-11
0,0.25,353.46491004864208,16,2.9999542236328125,1.4820960534634511e-12,-6.4753764639872368e-08,4.5776367197269963e-05,2.9641921069269023e-12
0,0.25,353.46491004864208,17,2.9999771118164062,3.7052401336662372e-13,-3.2376882319969616e-08,2.2888183603519963e-05,7.4104802673324745e-13
0,0.25,353.46491004864208,18,2.9999885559082031,9.2631003341695159e-14,-1.6188441159988189e-08,1.1444091806644963e-05,1.8526200668339032e-13
0,0.25,353.46491004864208,19,2.9999942779541016,2.3157750835402027e-14,-8.0942205799902995e-09,5.7220459082074626e-06,4.6315501670804053e-14
0,0.25,353.46491004864208,20,2.9999971389770508,5.7894377088266476e-15,-4.0471102899868068e-09,2.8610229589887126e-06,1.1578875417653295e-14
0,0.25,353.46491004864208,21,2.9999985694885254,1.4473594272763455e-15,-2.0235551450421153e-09,1.4305114843793376e-06,2.8947188545526911e-15
0,0.25,353.46491004864208,22,2.9999992847442627,3.6183985682017368e-16,-1.0117775725225784e-09,7.1525574707465012e-07,7.2367971364034736e-16
0,0.25,353.46491004864208,23,2.9999996423721313,9.045996421205945e-17,-5.0588878628090703e-10,3.5762787842230637e-07,1.809199284241189e-16
0,0.25,353.46491004864208,24,2.9999998211860657,2.2614991054815548e-17,-2.5294439315052366e-10,1.7881394409613449e-07,4.5229982109631097e-17
0,0.25,353.46491004864208,25,2.9999999105930328,5.6537477629004924e-18,-1.2647219656627591e-10,8.9406976933048554e-08,1.1307495525800985e-17
0,0.25,353.46491004864208,26,2.9999999552965164,1.4134369414816632e-18,-6.3236098300061372e-11,4.4703493351505585e-08,2.8268738829633265e-18
0,0.25,353.46491004864208,27,2.9999999776482582,3.5335923535294406e-19,-3.1618049149248949e-11,2.2351751560734101e-08,7.0671847070588812e-19
0,0.25,353.46491004864208,28,2.9999999888241291,8.8339808737869956e-20,-1.5809024565643884e-11,1.1175880665348359e-08,1.7667961747573991e-19
0,0.25,353.46491004864208,29,2.9999999944120646,2.208495235266661e-20,-7.9045123129223774e-12,5.5879452176554878e-09,4.4169904705333219e-20
0,0.25,353.46491004864208,30,2.9999999972060323,5.5212380693708242e-21,-3.9522561497338952e-12,2.7939774938090522e-09,1.1042476138741648e-20
0,0.25,353.46491004864208,31,2.9999999986030161,1.3803095479458989e-21,-1.9761280967735498e-12,1.3969936318858345e-09,2.7606190958917979e-21
0,0.25,353.46491004864208,32,2.9999999993015081,3.4507739642919603e-22,-9.8806406190547005e-13,6.9850170092422559e-10,6.9015479285839206e-22
0,0.25,353.46491004864208,33,2.999999999650754,8.6269355297862718e-23,-4.9403204867818531e-13,3.4925573544342114e-10,1.7253871059572544e-22
0,0.25,353.46491004864208,34,2.999999999825377,2.1567336834804405e-23,-2.4701601294494922e-13,1.7463275270301892e-10,4.3134673669608809e-23
0,0.25,353.46491004864208,35,2.9999999999126885,5.3918337367747729e-24,-1.2350800106705767e-13,8.7321261332817812e-11,1.0783667473549546e-23
0,0.25,353.46491004864208,36,2.9999999999563443,1.3479599600607568e-24,-6.1754035485360444e-14,4.3665515647717257e-11,2.6959199201215136e-24
0,0.25,353.46491004864208,37,2.9999999999781721,3.3699066575792039e-25,-3.0877048699303185e-14,2.1837642805166979e-11,6.7398133151584078e-25
0,0.25,353.46491004864208,38,2.9999999999890861,8.4247249526499024e-26,-1.5438486147209636e-14,1.092370638389184e-11,1.6849449905299805e-25
0,0.25,353.46491004864208,39,2.999999999994543,2.1062151883671381e-26,-7.7193052835723563e-15,5.4667381732542708e-12,4.2124303767342761e-26
0,0.25,353.46491004864208,40,2.9999999999972715,5.2653784452847917e-27,-3.8595941669671392e-15,2.7382540679354861e-12,1.0530756890569583e-26
0,0.90000000000000002,1272.4736761751114,0,0,0.0063655540791598625,-0.0042437027194399081,3.0000000000000098,0.012731108158319725
0,0.90000000000000002,1272.4736761751114,1,5.4000000000000172,0.0040739546106623717,0.0033949621755519554,2.4000000000000075,0.0081479092213247433
0,0.90000000000000002,1272.4736761751114,2,1.079999999999967,0.0026073309508239761,-0.0027159697404415934,1.9200000000000428,0.0052146619016479523
0,0.90000000000000002,1272.4736761751114,3,4.5360000000000449,0.0016686918085273784,0.0021727757923532941,1.5360000000000351,0.0033373836170547569
0,0.90000000000000002,1272.4736761751114,4,1.7711999999999575,0.0010679627574575312,-0.0017382206338826421,1.2288000000000523,0.0021359255149150623
0,0.90000000000000002,1272.4736761751114,5,3.9830400000000354,0.00068349616477282333,0.0013905765071061168,0.98304000000002567,0.0013669923295456467
0,0.90000000000000002,1272.4736761751114,6,2.2135679999999689,0.00043743754545461143,-0.0011124612056848987,0.78643200000004088,0.00087487509090922286
0,0.90000000000000002,1272.4736761751114,7,3.6291456000000286,0.00027996002909095452,0.00088996896454792448,0.62914560000001885,0.00055992005818190904
0,0.90000000000000002,1272.4736761751114,8,2.4966835199999737,0.00017917441861821308,-0.00071197517163834362,0.50331648000003604,0.00035834883723642616
0,0.90000000000000002,1272.4736761751114,9,3.4026531840000227,0.00011467162791565721,0.00056958013731067659,0.40265318400001293,0.00022934325583131443
0,0.90000000000000002,1272.4736761751114,10,2.6778774527999811,7.3389841866020877e-05,-0.00045566410984854356,0.32212254720002864,0.00014677968373204175
0,0.90000000000000002,1272.4736761751114,11,3.2576980377600173,4.6969498794254208e-05,0.00036453128787883717,0.25769803776000755,9.3938997588508417e-05
0,0.90000000000000002,1272.4736761751114,12,2.7938415697919856,3.0060479228322969e-05,-0.00029162503030307071,0.20615843020802416,6.0120958456645939e-05
0,0.90000000000000002,1272.4736761751114,13,3.1649267441664124,1.9238706706126867e-05,0.00023330002424245839,0.16492674416640263,3.8477413412253735e-05
0,0.90000000000000002,1272.4736761751114,14,2.8680586046668686,1.2312772291921425e-05,-0.00018664001939396816,0.1319413953331412,2.462554458384285e-05
0,0.90000000000000002,1272.4736761751114,15,3.1055531162665053,7.880174266829756e-06,0.00014931201551517478,0.10555311626649555,1.5760348533659512e-05
0,0.90000000000000002,1272.4736761751114,16,2.9155575069867954,5.0433115307710903e-06,-0.00011944961241214063,0.084442493013214381,1.0086623061542181e-05
0,0.90000000000000002,1272.4736761751114,17,3.0675539944105643,3.2277193796935516e-06,9.5559689929713347e-05,0.067553994410554541,6.4554387593871031e-06
0,0.90000000000000002,1272.4736761751114,18,2.9459568044715483,2.0657404030038973e-06,-7.6447751943771038e-05,0.054043195528461485,4.1314808060077946e-06
0,0.90000000000000002,1272.4736761751114,19,3.0432345564227616,1.3220738579225128e-06,6.1158201555016939e-05,0.043234556422751869,2.6441477158450257e-06
0,0.90000000000000002,1272.4736761751114,20,2.9654123548617908,8.4612726907040142e-07,-4.8926561244013516e-05,0.034587645138218992,1.6922545381408028e-06
0,0.90000000000000002,1272.4736761751114,21,3.0276701161105675,5.4152145220505907e-07,3.914124899521086e-05,0.027670116110557696,1.0830429044101181e-06
0,0.90000000000000002,1272.4736761751114,22,2.977863907111546,3.4657372941124004e-07,-3.1312999196168772e-05,0.022136092888463743,6.9314745882248008e-07
0,0.90000000000000002,1272.4736761751114,23,3.0177088743107632,2.2180718682319295e-07,2.505039935693509e-05,0.017708874310753409,4.436143736463859e-07
0,0.90000000000000002,1272.4736761751114,24,2.9858329005513893,1.4195659956684774e-07,-2.0040319485548349e-05,0.01416709944862049,2.8391319913369549e-07
0,0.90000000000000002,1272.4736761751114,25,3.0113336795588888,9.0852223722785337e-08,1.6032255588438866e-05,0.011333679558878984,1.8170444744557067e-07
0,0.90000000000000002,1272.4736761751114,26,2.9909330563528891,5.814542318258156e-08,-1.282580447075104e-05,0.0090669436471206843,1.1629084636516312e-07
0,0.90000000000000002,1272.4736761751114,27,3.0072535549176886,3.7213070836850942e-08,1.0260643576600669e-05,0.0072535549176788727,7.4426141673701885e-08
0,0.90000000000000002,1272.4736761751114,28,2.9941971560658489,2.3816365335586212e-08,-8.2085148612807879e-06,0.0058028439341608617,4.7632730671172424e-08
0,0.90000000000000002,1272.4736761751114,29,3.004642275147321,1.5242473814775461e-08,6.5668118890247052e-06,0.0046422751473111923,3.0484947629550923e-08
0,0.90000000000000002,1272.4736761751114,30,2.9962861798821434,9.7551832414556544e-09,-5.2534495112195629e-06,0.0037138201178663621,1.9510366482911309e-08
0,0.90000000000000002,1272.4736761751114,31,3.0029710560942853,6.2433172745315269e-09,4.2027596089756352e-06,0.0029710560942755038,1.2486634549063054e-08
0,0.90000000000000002,1272.4736761751114,32,2.9976231551245718,3.9957230557002473e-09,-3.3622076871805436e-06,0.0023768448754379889,7.9914461114004945e-09
0,0.90000000000000002,1272.4736761751114,33,3.0019014759003428,2.5572627556487399e-09,2.6897661497447351e-06,0.0019014759003330717,5.1145255112974797e-09
0,0.90000000000000002,1272.4736761751114,34,2.9984788192797258,1.63664816361508e-09,-2.1518129197957085e-06,0.0015211807202839545,3.2732963272301599e-09
0,0.90000000000000002,1272.4736761751114,35,3.0012169445762193,1.0474548247135782e-09,1.7214503358365148e-06,0.0012169445762095776,2.0949096494271564e-09
0,0.90000000000000002,1272.4736761751114,36,2.9990264443390244,6.7037108781683351e-10,-1.3771602686693593e-06,0.00097355566098533686,1.340742175633667e-09
0,0.90000000000000002,1272.4736761751114,37,3.0007788445287806,4.2903749620300289e-10,1.1017282149357832e-06,0.00077884452877086119,8.5807499240600579e-10
0,0.90000000000000002,1272.4736761751114,38,2.9993769243769757,2.745839975697741e-10,-8.8138257194838989e-07,0.00062307562303409725,5.491679951395482e-10
0,0.90000000000000002,1272.4736761751114,39,3.0004984604984197,1.7573375844483158e-10,7.0510605755906269e-07,0.00049846049840995832,3.5146751688966316e-10
0,0.90000000000000002,1272.4736761751114,40,2.9996012316012641,1.1246960540474756e-10,-5.640848460473896e-07,0.00039876839874564141,2.2493921080949513e-10
0,1.1000000000000001,1555.2456042140252,0,0,0.0063655540791598625,-0.0042437027194399081,3.0000000000000098,0.012731108158319725
0,1.1000000000000001,1555.2456042140252,1,6.6000000000000218,0.0091663978739902948,0.0050924432633279197,3.6000000000000121,0.01833279574798059
0,1.1000000000000001,1555.2456042140252,2,0,0.0063655540791598625,-0.0042437027194399081,3.0000000000000098,0.012731108158319725
0,1.1000000000000001,1555.2456042140252,3,6.6000000000000218,0.0091663978739902948,0.0050924432633279197,3.6000000000000121,0.01833279574798059
0,1.1000000000000001,1555.2456042140252,4,0,0.0063655540791598625,-0.0042437027194399081,3.0000000000000098,0.012731108158319725
0,1.1000000000000001,1555.2456042140252,5,6.6000000000000218,0.0091663978739902948,0.0050924432633279197,3.6000000000000121,0.01833279574798059
0,1.1000000000000001,1555.2456042140252,6,0,0.0063655540791598625,-0.0042437027194399081,3.0000000000000098,0.012731108158319725
0,1.1000000000000001,1555.2456042140252,7,6.6000000000000218,0.0091663978739902948,0.0050924432633279197,3.6000000000000121,0.01833279574798059
0,1.1000000000000001,1555.2456042140252,8,0,0.0063655540791598625,-0.0042437027194399081,3.0000000000000098,0.012731108158319725
0,1.1000000000000001,1555.2456042140252,9,6.6000000000000218,0.0091663978739902948,0.0050924432633279197,3.6000000000000121,0.01833279574798059
0,1.1000000000000001,1555.2456042140252,10,0,0.0063655540791598625,-0.0042437027194399081,3.0000000000000098,0.012731108158319725
0,1.1000000000000001,1555.2456042140252,11,6.6000000000000218,0.0091663978739902948,0.0050924432633279197,3.6000000000000121,0.01833279574798059
0,1.1000000000000001,1555.2456042140252,12,0,0.0063655540791598625,-0.0042437027194399081,3.0000000000000098,0.012731108158319725
0,1.1000000000000001,1555.2456042140252,13,6.6000000000000218,0.0091663978739902948,0.0050924432633279197,3.6000000000000121,0.01833279574798059
0,1.1000000000000001,1555.2456042140252,14,0,0.0063655540791598625,-0.0042437027194399081,3.0000000000000098,0.012731108158319725
0,1.1000000000000001,1555.2456042140252,15,6.6000000000000218,0.0091663978739902948,0.0050924432633279197,3.6000000000000121,0.01833279574798059
0,1.1000000000000001,1555.2456042140252,16,0,0.0063655540791598625,-0.0042437027194399081,3.0000000000000098,0.012731108158319725
0,1.1000000000000001,1555.2456042140252,17,6.6000000000000218,0.0091663978739902948,0.0050924432633279197,3.6000000000000121,0.01833279574798059
0,1.1000000000000001,1555.2456042140252,18,0,0.0063655540791598625,-0.0042437027194399081,3.0000000000000098,0.012731108158319725
0,1.1000000000000001,1555.2456042140252,19,6.6000000000000218,0.0091663978739902948,0.0050924432633279197,3.6000000000000121,0.01833279574798059
0,1.1000000000000001,1555.2456042140252,20,0,0.0063655540791598625,-0.0042437027194399081,3.0000000000000098,0.012731108158319725
0,1.1000000000000001,1555.2456042140252,21,6.6000000000000218,0.0091663978739902948,0.0050924432633279197,3.6000000000000121,0.01833279574798059
0,1.1000000000000001,1555.2456042140252,22,0,0.0063655540791598625,-0.0042437027194399081,3.0000000000000098,0.012731108158319725
0,1.1000000000000001,1555.2456042140252,23,6.6000000000000218,0.0091663978739902948,0.0050924432633279197,3.6000000000000121,0.01833279574798059
0,1.1000000000000001,1555.2456042140252,24,0,0.0063655540791598625,-0.0042437027194399081,3.0000000000000098,0.012731108158319725
0,1.1000000000000001,1555.2456042140252,25,6.6000000000000218,0.0091663978739902948,0.0050924432633279197,3.6000000000000121,0.01833279574798059
0,1.1000000000000001,1555.2456042140252,26,0,0.0063655540791598625,-0.0042437027194399081,3.0000000000000098,0.012731108158319725
0,1.1000000000000001,1555.2456042140252,27,6.6000000000000218,0.0091663978739902948,0.0050924432633279197,3.6000000000000121,0.01833279574798059
0,1.1000000000000001,1555.2456042140252,28,0,0.0063655540791598625,-0.0042437027194399081,3.0000000000000098,0.012731108158319725
0,1.1000000000000001,1555.2456042140252,29,6.6000000000000218,0.0091663978739902948,0.0050924432633279197,3.6000000000000121,0.01833279574798059
0,1.1000000000000001,1555.2456042140252,30,0,0.0063655540791598625,-0.0042437027194399081,3.0000000000000098,0.012731108158319725
0,1.1000000000000001,1555.2456042140252,31,6.6000000000000218,0.0091663978739902948,0.0050924432633279197,3.6000000000000121,0.01833279574798059
0,1.1000000000000001,1555.2456042140252,32,0,0.0063655540791598625,-0.0042437027194399081,3.0000000000000098,0.012731108158319725
0,1.1000000000000001,1555.2456042140252,33,6.6000000000000218,0.0091663978739902948,0.0050924432633279197,3.6000000000000121,0.01833279574798059
0,1.1000000000000001,1555.2456042140252,34,0,0.0063655540791598625,-0.0042437027194399081,3.0000000000000098,0.012731108158319725
0,1.1000000000000001,1555.2456042140252,35,6.6000000000000218,0.0091663978739902948,0.0050924432633279197,3.6000000000000121,0.01833279574798059
0,1.1000000000000001,1555.2456042140252,36,0,0.0063655540791598625,-0.0042437027194399081,3.0000000000000098,0.012731108158319725
0,1.1000000000000001,1555.2456042140252,37,6.6000000000000218,0.0091663978739902948,0.0050924432633279197,3.6000000000000121,0.01833279574798059
0,1.1000000000000001,1555.2456042140252,38,0,0.0063655540791598625,-0.0042437027194399081,3.0000000000000098,0.012731108158319725
0,1.1000000000000001,1555.2456042140252,39,6.6000000000000218,0.0091663978739902948,0.0050924432633279197,3.6000000000000121,0.01833279574798059
0,1.1000000000000001,1555.2456042140252,40,0,0.0063655540791598625,-0.0042437027194399081,3.0000000000000098,0.012731108158319725
1,0.25,353.46491004864208,0,1,0.0028291351462932635,-0.0028291351462932635,2.0000000000000098,0.005658270292586527
1,0.25,353.46491004864208,1,2.0000000000000004,0.00070728378657331534,-0.0014145675731466307,1.0000000000000093,0.0014145675731466307
1,0.25,353.46491004864208,2,2.5,0.00017682094664332897,-0.00070728378657331588,0.50000000000000977,0.00035364189328665794
1,0.25,353.46491004864208,3,2.75,4.4205236660832229e-05,-0.00035364189328665794,0.25000000000000977,8.8410473321664458e-05
1,0.25,353.46491004864208,4,2.875,1.1051309165208066e-05,-0.00017682094664332905,0.12500000000000977,2.2102618330416131e-05
1,0.25,353.46491004864208,5,2.9375,2.7628272913020147e-06,-8.8410473321664512e-05,0.06250000000000977,5.5256545826040294e-06
1,0.25,353.46491004864208,6,2.96875,6.9070682282550368e-07,-4.4205236660832263e-05,0.03125000000000977,1.3814136456510074e-06
1,0.25,353.46491004864208,7,2.984375,1.7267670570637671e-07,-2.2102618330416192e-05,0.01562500000000977,3.4535341141275343e-07
1,0.25,353.46491004864208,8,2.9921875,4.3169176426594404e-08,-1.105130916520811e-05,0.00781250000000977,8.6338352853188807e-08
1,0.25,353.46491004864208,9,2.99609375,1.0792294106648599e-08,-5.5256545826040405e-06,0.00390625000000977,2.1584588213297198e-08
1,0.25,353.46491004864208,10,2.998046875,2.698073526662156e-09,-2.7628272913020287e-06,0.00195312500000977,5.396147053324312e-09
1,0.25,353.46491004864208,11,2.9990234375,6.7451838166555286e-10,-1.3814136456510281e-06,0.00097656250000976996,1.3490367633311057e-09
1,0.25,353.46491004864208,12,2.99951171875,1.686295954163953e-10,-6.9070682282552909e-07,0.00048828125000976996,3.3725919083279059e-10
1,0.25,353.46491004864208,13,2.999755859375,4.215739885409907e-11,-3.4535341141276523e-07,0.00024414062500976996,8.431479770819814e-11
1,0.25,353.46491004864208,14,2.9998779296875,1.0539349713522683e-11,-1.7267670570636589e-07,0.00012207031250976996,2.1078699427045367e-11
1,0.25,353.46491004864208,15,2.99993896484375,2.6348374283826382e-12,-8.6338352853215356e-08,6.1035156259769963e-05,5.2696748567652764e-12
1,0.25,353.46491004864208,16,2.999969482421875,6.5870935709469283e-13,-4.3169176426576053e-08,3.0517578134769963e-05,1.3174187141893857e-12
1,0.25,353.46491004864208,17,2.9999847412109375,1.6467733927390984e-13,-2.1584588213303488e-08,1.5258789072269963e-05,3.2935467854781968e-13
1,0.25,353.46491004864208,18,2.9999923706054688,4.1169334818690023e-14,-1.0792294106679615e-08,7.6293945410199626e-06,8.2338669637380047e-14
1,0.25,353.46491004864208,19,2.9999961853027344,1.0292333704674429e-14,-5.3961470533403254e-09,3.8146972753949626e-06,2.0584667409348858e-14
1,0.25,353.46491004864208,20,2.9999980926513672,2.5730834262367518e-15,-2.6980735267058998e-09,1.9073486425824626e-06,5.1461668524735037e-15
1,0.25,353.46491004864208,21,2.9999990463256836,6.4327085655074429e-16,-1.3490367633440951e-09,9.5367432617621262e-07,1.2865417131014886e-15
1,0.25,353.46491004864208,22,2.9999995231628418,1.6081771415349004e-16,-6.7451838170518867e-10,4.7683716797308762e-07,3.2163542830698007e-16
1,0.25,353.46491004864208,23,2.9999997615814209,4.0204428527979242e-17,-3.3725919080900042e-10,2.3841858887152512e-07,8.0408857055958485e-17
1,0.25,353.46491004864208,24,2.9999998807907104,1.0051107138261327e-17,-1.6862959545706839e-10,1.1920929932074387e-07,2.0102214276522655e-17
1,0.25,353.46491004864208,25,2.9999999403953552,2.5127767858218082e-18,-8.4314797749614233e-11,5.9604654545353242e-08,5.0255535716436164e-18
1,0.25,353.46491004864208,26,2.9999999701976776,6.2819419731058333e-19,-4.2157398903500629e-11,2.9802332157657929e-08,1.2563883946211667e-18
1,0.25,353.46491004864208,27,2.9999999850988388,1.5704854918824577e-19,-2.1078699442395299e-11,1.4901170963810273e-08,3.1409709837649154e-19
1,0.25,353.46491004864208,28,2.9999999925494194,3.9262137458272227e-20,-1.0539349742834996e-11,7.4505903668864448e-09,7.8524274916544455e-20
1,0.25,353.46491004864208,29,2.9999999962747097,9.8155342966200538e-21,-5.2696748531778329e-12,3.7253000684245308e-09,1.9631068593240108e-20
1,0.25,353.46491004864208,30,2.9999999981373549,2.4538836923053142e-21,-2.6348374900203655e-12,1.8626549191935737e-09,4.9077673846106284e-21
1,0.25,353.46491004864208,31,2.9999999990686774,6.1347090847642146e-22,-1.3174187293336272e-12,9.3133234457809522e-10,1.2269418169528429e-21
1,0.25,353.46491004864208,32,2.9999999995343387,1.5336770993836718e-22,-6.5870932777140891e-13,4.6567105727035596e-10,3.0673541987673435e-22
1,0.25,353.46491004864208,33,2.9999999997671694,3.8341927356566894e-23,-3.293546633357331e-13,2.3284041361648633e-10,7.6683854713133788e-23
1,0.25,353.46491004864208,34,2.9999999998835847,9.5854819921457139e-24,-1.6467733298196485e-13,1.1642509178955152e-10,1.9170963984291428e-23
1,0.25,353.46491004864208,35,2.9999999999417923,2.3963690683679905e-24,-8.2338641928967213e-14,5.8217430876084109e-11,4.7927381367359809e-24
1,0.25,353.46491004864208,36,2.9999999999708962,5.9909136567266527e-25,-4.1169289991192738e-14,2.9113600419350405e-11,1.1981827313453305e-24
1,0.25,353.46491004864208,37,2.9999999999854481,1.4977366734360742e-25,-2.0584701750889409e-14,1.4561685190983553e-11,2.9954733468721485e-25
1,0.25,353.46491004864208,38,2.999999999992724,3.7443342681110268e-26,-1.0292340680639357e-14,7.2857275768001273e-12,7.4886685362220536e-26
1,0.25,353.46491004864208,39,2.999999999996362,9.3608416467729652e-27,-5.1461719763729889e-15,3.6477487697084143e-12,1.872168329354593e-26
1,0.25,353.46491004864208,40,2.999999999998181,2.340246331979416e-27,-2.5731057241424341e-15,1.8287593661625579e-12,4.680492663958832e-27
1,0.90000000000000002,1272.4736761751114,0,1,0.0028291351462932635,-0.0028291351462932635,2.0000000000000098,0.005658270292586527
1,0.90000000000000002,1272.4736761751114,1,4.6000000000000005,0.0018106464936276955,0.0022633081170346132,1.5999999999999908,0.0036212929872553911
1,0.90000000000000002,1272.4736761751114,2,1.7199999999999958,0.0011588137559217294,-0.0018106464936276979,1.280000000000014,0.0023176275118434587
1,0.90000000000000002,1272.4736761751114,3,4.024000000000008,0.00074164080378991571,0.0014485171949021639,1.0239999999999982,0.0014832816075798314
1,0.90000000000000002,1272.4736761751114,4,2.1807999999999912,0.00047465011442554816,-0.0011588137559217361,0.81920000000001858,0.00094930022885109631
1,0.90000000000000002,1272.4736761751114,5,3.6553600000000106,0.00030377607323235547,0.00092705100473739485,0.65536000000000083,0.00060755214646471094
1,0.90000000000000002,1272.4736761751114,6,2.4757119999999873,0.00019441668686870939,-0.00074164080378992189,0.52428800000002251,0.00038883337373741878
1,0.90000000000000002,1272.4736761751114,7,3.4194304000000137,0.00012442667959597608,0.00059331264303194185,0.41943040000000398,0.00024885335919195217
1,0.90000000000000002,1272.4736761751114,8,2.6644556799999872,7.9633074941425774e-05,-0.0004746501144255552,0.33554432000002254,0.00015926614988285155
1,0.90000000000000002,1272.4736761751114,9,3.2684354560000108,5.0965167962512819e-05,0.00037972009154044537,0.26843545600000107,0.00010193033592502564
1,0.90000000000000002,1272.4736761751114,10,2.7852516351999905,3.2617707496008342e-05,-0.00030377607323235834,0.21474836480001924,6.5235414992016684e-05
1,0.90000000000000002,1272.4736761751114,11,3.1717986918400096,2.0875332797445827e-05,0.00024302085858588949,0.17179869183999985,4.1750665594891653e-05
1,0.90000000000000002,1272.4736761751114,12,2.8625610465279907,1.3360212990365673e-05,-0.00019441668686871337,0.13743895347201907,2.6720425980731346e-05
1,0.90000000000000002,1272.4736761751114,13,3.109951162777608,8.5505363138341034e-06,0.00015553334949497123,0.1099511627775982,1.7101072627668207e-05
1,0.90000000000000002,1272.4736761751114,14,2.9120390697779137,5.4723432408538171e-06,-0.00012442667959597714,0.087960930222096056,1.0944686481707634e-05
1,0.90000000000000002,1272.4736761751114,15,3.0703687441776695,3.5022996741464865e-06,9.9541343676782387e-05,0.070368744177659703,7.004599348292973e-06
1,0.90000000000000002,1272.4736761751114,16,2.9437050046578639,2.2414717914537923e-06,-7.9633074941426587e-05,0.056294995342145882,4.4829435829075846e-06
1,0.90000000000000002,1272.4736761751114,17,3.0450359962737092,1.4345419465304486e-06,6.3706459953141847e-05,0.045035996273699475,2.8690838930608971e-06
1,0.90000000000000002,1272.4736761751114,18,2.9639712029810323,9.1810684577950377e-07,-5.0965167962513951e-05,0.036028797018977432,1.8362136915590075e-06
1,0.90000000000000002,1272.4736761751114,19,3.0288230376151746,5.875883812988997e-07,4.0772134370011789e-05,0.028823037615164804,1.1751767625977994e-06
1,0.90000000000000002,1272.4736761751114,20,2.9769415699078601,3.7605656403130424e-07,-3.2617707496009643e-05,0.023058430092149695,7.5211312806260849e-07
1,0.90000000000000002,1272.4736761751114,21,3.0184467440737119,2.4067620098003421e-07,2.6094165996807826e-05,0.01844674407370217,4.8135240196006842e-07
1,0.90000000000000002,1272.4736761751114,22,2.9852426047410301,1.5403276862723001e-07,-2.087533279744667e-05,0.014757395258979678,3.0806553725446002e-07
1,0.90000000000000002,1272.4736761751114,23,3.0118059162071757,9.8580971921424147e-08,1.6700266237957183e-05,0.011805916207165978,1.9716194384284829e-07
1,0.90000000000000002,1272.4736761751114,24,2.9905552670342592,6.30918220297137e-08,-1.3360212990365944e-05,0.0094447329657505463,1.261836440594274e-07
1,0.90000000000000002,1272.4736761751114,25,3.0075557863725928,4.0378766099018779e-08,1.0688170392292999e-05,0.0075557863725830288,8.0757532198037558e-08
1,0.90000000000000002,1272.4736761751114,26,2.9939553709019258,2.5842410303371956e-08,-8.5505363138344219e-06,0.0060446290980840089,5.1684820606743913e-08
1,0.90000000000000002,1272.4736761751114,27,3.0048357032784594,1.653914259415799e-08,6.8404290510675282e-06,0.0048357032784496212,3.307828518831598e-08
1,0.90000000000000002,1272.4736761751114,28,2.9961314373772323,1.0585051260262119e-08,-5.4723432408542796e-06,0.0038685626227774605,2.1170102520524239e-08
1,0.90000000000000002,1272.4736761751114,29,3.003094850098214,6.7744328065670471e-09,4.3778745926831839e-06,0.0030948500982042049,1.3548865613134094e-08
1,0.90000000000000002,1272.4736761751114,30,2.9975241199214286,4.3356369962034867e-09,-3.5022996741467838e-06,0.0024758800785811275,8.6712739924069733e-09
1,0.90000000000000002,1272.4736761751114,31,3.001980704062857,2.7748076775699397e-09,2.8018397393172819e-06,0.0019807040628472272,5.5496153551398793e-09
1,0.90000000000000002,1272.4736761751114,32,2.9984154367497142,1.7758769136452418e-09,-2.241471791454118e-06,0.0015845632502955453,3.5517538272904836e-09
1,0.90000000000000002,1272.4736761751114,33,3.0012676506002287,1.136561224733105e-09,1.7931774331634225e-06,0.0012676506002189392,2.2731224494662101e-09
1,0.90000000000000002,1272.4736761751114,34,2.9989858795198172,7.2739918382893722e-10,-1.434541946530492e-06,0.0010141204801925596,1.4547983676578744e-09
1,0.90000000000000002,1272.4736761751114,35,3.0008112963841462,4.6553547765051093e-10,1.1476335572243823e-06,0.00081129638413646177,9.3107095530102187e-10
1,0.90000000000000002,1272.4736761751114,36,2.9993509628926831,2.9794270569626259e-10,-9.1810684577940467e-07,0.00064903710732666653,5.9588541139252519e-10
1,0.90000000000000002,1272.4736761751114,37,3.0005192296858536,1.9068333164564125e-10,7.3448547662358614e-07,0.00051922968584383611,3.8136666329128249e-10
1,0.90000000000000002,1272.4736761751114,38,2.9995846162513171,1.2203733225324347e-10,-5.8758838129894978e-07,0.00041538374869265482,2.4407466450648695e-10
1,0.90000000000000002,1272.4736761751114,39,3.0003323069989465,7.8103892642127105e-11,4.7007070503931487e-07,0.00033230699893671556,1.5620778528425421e-10
1,0.90000000000000002,1272.4736761751114,40,2.9997341544008429,4.9986491290949591e-11,-3.7605656403140695e-07,0.00026584559916686956,9.9972982581899183e-11
1,1.1000000000000001,1555.2456042140252,0,1,0.0028291351462932635,-0.0028291351462932635,2.0000000000000098,0.005658270292586527
1,1.1000000000000001,1555.2456042140252,1,5.4000000000000012,0.0040739546106623118,0.0033949621755519398,2.3999999999999915,0.0081479092213246236
1,1.1000000000000001,1555.2456042140252,2,0.11999999999996311,0.0058664946393538761,-0.0040739546106623621,2.8800000000000465,0.011732989278707752
1,1.1000000000000001,1555.2456042140252,3,6.4560000000000626,0.0084477522806696622,0.0048887455327948481,3.4560000000000528,0.016895504561339324
1,1.1000000000000001,1555.2456042140252,4,0,0.0063655540791598625,-0.0042437027194399081,3.0000000000000098,0.012731108158319725
1,1.1000000000000001,1555.2456042140252,5,6.6000000000000218,0.0091663978739902948,0.0050924432633279197,3.6000000000000121,0.01833279574798059
1,1.1000000000000001,1555.2456042140252,6,0,0.0063655540791598625,-0.0042437027194399081,3.0000000000000098,0.012731108158319725
1,1.1000000000000001,1555.2456042140252,7,6.6000000000000218,0.0091663978739902948,0.0050924432633279197,3.6000000000000121,0.01833279574798059
1,1.1000000000000001,1555.2456042140252,8,0,0.0063655540791598625,-0.0042437027194399081,3.0000000000000098,0.012731108158319725
1,1.1000000000000001,1555.2456042140252,9,6.6000000000000218,0.0091663978739902948,0.0050924432633279197,3.6000000000000121,0.01833279574798059
1,1.1000000000000001,1555.2456042140252,10,0,0.0063655540791598625,-0.0042437027194399081,3.0000000000000098,0.012731108158319725
1,1.1000000000000001,1555.2456042140252,11,6.6000000000000218,0.0091663978739902948,0.0050924432633279197,3.6000000000000121,0.01833279574798059
1,1.1000000000000001,1555.2456042140252,12,0,0.0063655540791598625,-0.0042437027194399081,3.0000000000000098,0.012731108158319725
1,1.1000000000000001,1555.2456042140252,13,6.6000000000000218,0.0091663978739902948,0.0050924432633279197,3.6000000000000121,0.01833279574798059
1,1.1000000000000001,1555.2456042140252,14,0,0.0063655540791598625,-0.0042437027194399081,3.0000000000000098,0.012731108158319725
1,1.1000000000000001,1555.2456042140252,15,6.6000000000000218,0.0091663978739902948,0.0050924432633279197,3.6000000000000121,0.01833279574798059
1,1.1000000000000001,1555.2456042140252,16,0,0.0063655540791598625,-0.0042437027194399081,3.0000000000000098,0.012731108158319725
1,1.1000000000000001,1555.2456042140252,17,6.6000000000000218,0.0091663978739902948,0.0050924432633279197,3.6000000000000121,0.01833279574798059
1,1.1000000000000001,1555.2456042140252,18,0,0.0063655540791598625,-0.0042437027194399081,3.0000000000000098,0.012731108158319725
1,1.1000000000000001,1555.2456042140252,19,6.6000000000000218,0.0091663978739902948,0.0050924432633279197,3.6000000000000121,0.01833279574798059
1,1.1000000000000001,1555.2456042140252,20,0,0.0063655540791598625,-0.0042437027194399081,3.0000000000000098,0.012731108158319725
1,1.1000000000000001,1555.2456042140252,21,6.6000000000000218,0.0091663978739902948,0.0050924432633279197,3.6000000000000121,0.01833279574798059
1,1.1000000000000001,1555.2456042140252,22,0,0.0063655540791598625,-0.0042437027194399081,3.0000000000000098,0.012731108158319725
1,1.1000000000000001,1555.2456042140252,23,6.6000000000000218,0.0091663978739902948,0.0050924432633279197,3.6000000000000121,0.01833279574798059
1,1.1000000000000001,1555.2456042140252,24,0,0.0063655540791598625,-0.0042437027194399081,3.0000000000000098,0.012731108158319725
1,1.1000000000000001,1555.2456042140252,25,6.6000000000000218,0.0091663978739902948,0.0050924432633279197,3.6000000000000121,0.01833279574798059
1,1.1000000000000001,1555.2456042140252,26,0,0.0063655540791598625,-0.0042437027194399081,3.0000000000000098,0.012731108158319725
1,1.1000000000000001,1555.2456042140252,27,6.6000000000000218,0.0091663978739902948,0.0050924432633279197,3.6000000000000121,0.01833279574798059
1,1.1000000000000001,1555.2456042140252,28,0,0.0063655540791598625,-0.0042437027194399081,3.0000000000000098,0.012731108158319725
1,1.1000000000000001,1555.2456042140252,29,6.6000000000000218,0.0091663978739902948,0.0050924432633279197,3.6000000000000121,0.01833279574798059
1,1.1000000000000001,1555.2456042140252,30,0,0.0063655540791598625,-0.0042437027194399081,3.0000000000000098,0.012731108158319725
1,1.1000000000000001,1555.2456042140252,31,6.6000000000000218,0.0091663978739902948,0.0050924432633279197,3.6000000000000121,0.01833279574798059
1,1.1000000000000001,1555.2456042140252,32,0,0.0063655540791598625,-0.0042437027194399081,3.0000000000000098,0.012731108158319725
1,1.1000000000000001,1555.2456042140252,33,6.6000000000000218,0.0091663978739902948,0.0050924432633279197,3.6000000000000121,0.01833279574798059
1,1.1000000000000001,1555.2456042140252,34,0,0.0063655540791598625,-0.0042437027194399081,3.0000000000000098,0.012731108158319725
1,1.1000000000000001,1555.2456042140252,35,6.6000000000000218,0.0091663978739902948,0.0050924432633279197,3.6000000000000121,0.01833279574798059
1,1.1000000000000001,1555.2456042140252,36,0,0.0063655540791598625,-0.0042437027194399081,3.0000000000000098,0.012731108158319725
1,1.1000000000000001,1555.2456042140252,37,6.6000000000000218,0.0091663978739902948,0.0050924432633279197,3.6000000000000121,0.01833279574798059
1,1.1000000000000001,1555.2456042140252,38,0,0.0063655540791598625,-0.0042437027194399081,3.0000000000000098,0.012731108158319725
1,1.1000000000000001,1555.2456042140252,39,6.6000000000000218,0.0091663978739902948,0.0050924432633279197,3.6000000000000121,0.01833279574798059
1,1.1000000000000001,1555.2456042140252,40,0,0.0063655540791598625,-0.0042437027194399081,3.0000000000000098,0.012731108158319725
6,0.25,353.46491004864208,0,6,0.0063655540791598625,0.0042437027194399081,2.9999999999999902,0.012731108158319725
6,0.25,353.46491004864208,1,4.4999999999999947,0.0015913885197899526,0.0021218513597199449,1.4999999999999849,0.0031827770395799052
6,0.25,353.46491004864208,2,3.7499999999999956,0.0003978471299474861,0.0010609256798599709,0.74999999999998579,0.00079569425989497219
6,0.25,353.46491004864208,3,3.3749999999999964,9.9461782486870778e-05,0.00053046283992998341,0.37499999999998668,0.00019892356497374156
6,0.25,353.46491004864208,4,3.1874999999999978,2.4865445621717518e-05,0.00026523141996499106,0.18749999999998801,4.9730891243435037e-05
6,0.25,353.46491004864208,5,3.0937499999999987,6.216361405429355e-06,0.00013261570998249528,0.093749999999988898,1.243272281085871e-05
6,0.25,353.46491004864208,6,3.0468749999999991,1.5540903513573248e-06,6.6307854991247317e-05,0.046874999999989342,3.1081807027146496e-06
6,0.25,353.46491004864208,7,3.0234374999999996,3.8852258783933109e-07,3.3153927495623624e-05,0.023437499999989786,7.7704517567866218e-07
6,0.25,353.46491004864208,8,3.0117187499999996,9.7130646959828829e-08,1.6576963747811538e-05,0.011718749999989786,1.9426129391965766e-07
6,0.25,353.46491004864208,9,3.0058593749999996,2.428266173995543e-08,8.2884818739054385e-06,0.0058593749999897859,4.8565323479910861e-08
6,0.25,353.46491004864208,10,3.0029296874999996,6.070665434987812e-09,4.1442409369523483e-06,0.0029296874999897859,1.2141330869975624e-08
6,0.25,353.46491004864208,11,3.00146484375,1.5176663587474708e-09,2.0721204684765367e-06,0.00146484374999023,3.0353327174949416e-09
6,0.25,353.46491004864208,12,3.000732421875,3.7941658968686827e-10,1.0360602342382679e-06,0.00073242187499023004,7.5883317937373655e-10
6,0.25,353.46491004864208,13,3.0003662109375,9.4854147421718258e-11,5.1803011711913681e-07,0.00036621093749023004,1.8970829484343652e-10
6,0.25,353.46491004864208,14,3.00018310546875,2.371353685542749e-11,2.5901505855955692e-07,0.00018310546874023004,4.742707371085498e-11
6,0.25,353.46491004864208,15,3.000091552734375,5.9283842138535815e-12,1.2950752927974251e-07,9.1552734365230037e-05,1.1856768427707163e-11
6,0.25,353.46491004864208,16,3.0000457763671875,1.4820960534633138e-12,6.4753764639869536e-08,4.5776367177730037e-05,2.9641921069266276e-12
6,0.25,353.46491004864208,17,3.0000228881835938,3.705240133666576e-13,3.2376882319971038e-08,2.2888183583980037e-05,7.410480267333152e-13
6,0.25,353.46491004864208,18,3.0000114440917969,9.2631003341644912e-14,1.6188441159983799e-08,1.1444091787105037e-05,1.8526200668328982e-13
6,0.25,353.46491004864208,19,3.0000057220458984,2.3157750835249164e-14,8.0942205799636031e-09,5.7220458886675374e-06,4.6315501670498329e-14
6,0.25,353.46491004864208,20,3.0000028610229492,5.7894377087990635e-15,4.0471102899771619e-09,2.8610229394487874e-06,1.1578875417598127e-14
6,0.25,353.46491004864208,21,3.0000014305114746,1.4473594272601041e-15,2.0235551450307572e-09,1.4305114648394124e-06,2.8947188545202081e-15
6,0.25,353.46491004864208,22,3.0000007152557373,3.6183985680813201e-16,1.0117775725057405e-09,7.1525572753472488e-07,7.2367971361626403e-16
6,0.25,353.46491004864208,23,3.0000003576278687,9.0459964190789209e-17,5.0588878622143005e-10,3.5762785888238113e-07,1.8091992838157842e-16
6,0.25,353.46491004864208,24,3.0000001788139343,2.2614991050595417e-17,2.5294439312692296e-10,1.7881392455620926e-07,4.5229982101190834e-17
6,0.25,353.46491004864208,25,3.0000000894069672,5.6537477612618942e-18,1.2647219654794859e-10,8.9406957393123321e-08,1.1307495522523788e-17
6,0.25,353.46491004864208,26,3.0000000447034836,1.4134369405519487e-18,6.3236098279264061e-11,4.4703473811580352e-08,2.8268738811038973e-18
6,0.25,353.46491004864208,27,3.0000000223517418,3.5335923558875714e-19,3.1618049159799159e-11,2.2351732020808868e-08,7.0671847117751428e-19
6,0.25,353.46491004864208,28,3.0000000111758709,8.8339808763218468e-20,1.5809024567912068e-11,1.1175861125423125e-08,1.7667961752643694e-19
6,0.25,353.46491004864208,29,3.0000000055879354,2.2084952377723927e-20,7.9045123174065364e-12,5.5879256777302544e-09,4.4169904755447854e-20
6,0.25,353.46491004864208,30,3.0000000027939677,5.5212380339220027e-21,3.9522561370462791e-12,2.7939579538838188e-09,1.1042476067844005e-20
6,0.25,353.46491004864208,31,3.0000000013969839,1.3803094726897139e-21,1.9761280429030849e-12,1.3969740919606011e-09,2.7606189453794278e-21
6,0.25,353.46491004864208,32,3.0000000006984919,3.4507737640236921e-22,9.880640332339366e-13,6.9848216099899219e-10,6.9015475280473842e-22
6,0.25,353.46491004864208,33,3.000000000349246,8.6269340953675107e-23,4.9403200760630874e-13,3.4923619551818774e-10,1.7253868190735021e-22
6,0.25,353.46491004864208,34,3.000000000174623,2.1567328728710654e-23,2.470159665243465e-13,1.7461321277778552e-10,4.3134657457421308e-23
6,0.25,353.46491004864208,35,3.0000000000873115,5.3918301759629595e-24,1.2350796028419567e-13,8.7301721407584409e-11,1.0783660351925919e-23
6,0.25,353.46491004864208,36,3.0000000000436557,1.3479595800102676e-24,6.1754026779718736e-14,4.3645975722483854e-11,2.6959191600205353e-24
6,0.25,353.46491004864208,37,3.0000000000218279,3.3698911992360414e-25,3.0876977880171131e-14,2.1818102879933576e-11,6.7397823984720829e-25
6,0.25,353.46491004864208,38,3.0000000000109139,8.4247515628139315e-26,1.5438510528764559e-14,1.0904166458658437e-11,1.6849503125627863e-25
6,0.25,353.46491004864208,39,3.000000000005457,2.106194486256524e-26,7.7192673472652892e-15,5.447198248020868e-12,4.2123889725130481e-26
6,0.25,353.46491004864208,40,3.0000000000027285,5.2653487447743261e-27,3.8595832809571538e-15,2.7187141427020833e-12,1.0530697489548652e-26
6,0.90000000000000002,1272.4736761751114,0,6,0.0063655540791598625,0.0042437027194399081,2.9999999999999902,0.012731108158319725
6,0.90000000000000002,1272.4736761751114,1,0.59999999999998255,0.0040739546106623717,-0.0033949621755519554,2.400000000000027,0.0081479092213247433
6,0.90000000000000002,1272.4736761751114,2,4.9200000000000337,0.0026073309508239787,0.0027159697404415943,1.9200000000000239,0.0052146619016479575
6,0.90000000000000002,1272.4736761751114,3,1.4639999999999556,0.0016686918085273769,-0.0021727757923532941,1.5360000000000542,0.0033373836170547538
6,0.90000000000000002,1272.4736761751114,4,4.2288000000000423,0.0010679627574575309,0.0017382206338826421,1.2288000000000325,0.0021359255149150619
6,0.90000000000000002,1272.4736761751114,5,2.0169599999999641,0.00068349616477282442,-0.0013905765071061172,0.98304000000004566,0.0013669923295456488
6,0.90000000000000002,1272.4736761751114,6,3.7864320000000316,0.0004374375454546117,0.0011124612056848987,0.78643200000002178,0.0008748750909092234
6,0.90000000000000002,1272.4736761751114,7,2.3708543999999718,0.00027996002909095414,-0.00088996896454792362,0.62914560000003794,0.00055992005818190829
6,0.90000000000000002,1272.4736761751114,8,3.5033164800000258,0.0001791744186182127,0.00071197517163834297,0.50331648000001605,0.0003583488372364254
6,0.90000000000000002,1272.4736761751114,9,2.5973468159999773,0.00011467162791565712,-0.0005695801373106767,0.40265318400003247,0.00022934325583131424
6,0.90000000000000002,1272.4736761751114,10,3.3221225472000189,7.3389841866020931e-05,0.00045566410984854339,0.3221225472000091,0.00014677968373204186
6,0.90000000000000002,1272.4736761751114,11,2.7423019622399827,4.6969498794254269e-05,-0.00036453128787883711,0.25769803776002709,9.3938997588508539e-05
6,0.90000000000000002,1272.4736761751114,12,3.2061584302080144,3.0060479228322956e-05,0.00029162503030307076,0.20615843020800462,6.0120958456645912e-05
6,0.90000000000000002,1272.4736761751114,13,2.8350732558335876,1.9238706706126854e-05,-0.00023330002424245823,0.16492674416642217,3.8477413412253708e-05
6,0.90000000000000002,1272.4736761751114,14,3.131941395333131,1.2312772291921372e-05,0.00018664001939396778,0.13194139533312121,2.4625544583842745e-05
6,0.90000000000000002,1272.4736761751114,15,2.8944468837334947,7.8801742668297611e-06,-0.00014931201551517489,0.10555311626651509,1.5760348533659522e-05
6,0.90000000000000002,1272.4736761751114,16,3.0844424930132046,5.0433115307711064e-06,0.00011944961241214048,0.084442493013194841,1.0086623061542213e-05
6,0.90000000000000002,1272.4736761751114,17,2.9324460055894361,3.2277193796935071e-06,-9.5559689929712696e-05,0.067553994410573637,6.4554387593870142e-06
6,0.90000000000000002,1272.4736761751114,18,3.0540431955284513,2.0657404030038634e-06,7.6447751943770279e-05,0.054043195528441501,4.1314808060077268e-06
6,0.90000000000000002,1272.4736761751114,19,2.9567654435772388,1.3220738579224828e-06,-6.1158201555016288e-05,0.043234556422770964,2.6441477158449655e-06
6,0.90000000000000002,1272.4736761751114,20,3.0345876451382088,8.4612726907038025e-07,4.8926561244012987e-05,0.034587645138199008,1.6922545381407605e-06
6,0.90000000000000002,1272.4736761751114,21,2.972329883889433,5.4152145220504393e-07,-3.9141248995210291e-05,0.027670116110576792,1.0830429044100879e-06
6,0.90000000000000002,1272.4736761751114,22,3.0221360928884535,3.4657372941122363e-07,3.1312999196168183e-05,0.022136092888443759,6.9314745882244726e-07
6,0.90000000000000002,1272.4736761751114,23,2.9822911256892373,2.2180718682318268e-07,-2.5050399356934555e-05,0.017708874310772504,4.4361437364636536e-07
6,0.90000000000000002,1272.4736761751114,24,3.0141670994486103,1.4195659956683774e-07,2.0040319485547668e-05,0.014167099448600506,2.8391319913367547e-07
6,0.90000000000000002,1272.4736761751114,25,2.9886663204411117,9.085222372277827e-08,-1.6032255588438233e-05,0.01133367955889808,1.8170444744555654e-07
6,0.90000000000000002,1272.4736761751114,26,3.0090669436471105,5.8145423182575571e-08,1.2825804470750374e-05,0.0090669436471007003,1.1629084636515114e-07
6,0.90000000000000002,1272.4736761751114,27,2.9927464450823114,3.7213070836851002e-08,-1.0260643576600686e-05,0.0072535549176984127,7.4426141673702004e-08
6,0.90000000000000002,1272.4736761751114,28,3.0058028439341511,2.3816365335586046e-08,8.2085148612807642e-06,0.0058028439341413218,4.7632730671172093e-08
6,0.90000000000000002,1272.4736761751114,29,2.995357724852679,1.5242473814775564e-08,-6.5668118890247145e-06,0.0046422751473307322,3.0484947629551128e-08
6,0.90000000000000002,1272.4736761751114,30,3.0037138201178566,9.7551832414556462e-09,5.2534495112195765e-06,0.0037138201178468222,1.9510366482911292e-08
6,0.90000000000000002,1272.4736761751114,31,2.9970289439057147,6.2433172745316121e-09,-4.2027596089756683e-06,0.0029710560942950437,1.2486634549063224e-08
6,0.90000000000000002,1272.4736761751114,32,3.0023768448754282,3.9957230557001298e-09,3.3622076871805012e-06,0.002376844875418449,7.9914461114002596e-09
6,0.90000000000000002,1272.4736761751114,33,2.9980985240996576,2.5572627556476649e-09,-2.6897661497441616e-06,0.0019014759003521675,5.1145255112953299e-09
6,0.90000000000000002,1272.4736761751114,34,3.0015211807202737,1.6366481636140875e-09,2.1518129197950614e-06,0.0015211807202639704,3.2732963272281751e-09
6,0.90000000000000002,1272.4736761751114,35,2.9987830554237811,1.0474548247128619e-09,-1.7214503358359274e-06,0.0012169445762286735,2.0949096494257237e-09
6,0.90000000000000002,1272.4736761751114,36,3.0009735556609751,6.703710878162612e-10,1.3771602686687638e-06,0.00097355566096535284,1.3407421756325224e-09
6,0.90000000000000002,1272.4736761751114,37,2.9992211554712198,4.2903749620246874e-10,-1.101728214935095e-06,0.00077884452878995702,8.5807499240493748e-10
6,0.90000000000000002,1272.4736761751114,38,3.0006230756230243,2.745839975697666e-10,8.8138257194837708e-07,0.00062307562301455732,5.4916799513953321e-10
6,0.90000000000000002,1272.4736761751114,39,2.9995015395015807,1.7573375844450544e-10,-7.0510605755840846e-07,0.00049846049842905416,3.5146751688901088e-10
6,0.90000000000000002,1272.4736761751114,40,3.0003987683987354,1.1246960540447759e-10,5.6408484604671261e-07,0.00039876839872565739,2.2493921080895518e-10
6,1.1000000000000001,1555.2456042140252,0,6,0.0063655540791598625,0.0042437027194399081,2.9999999999999902,0.012731108158319725
6,1.1000000000000001,1555.2456042140252,1,0,0.0063655540791598625,-0.0042437027194399081,3.0000000000000098,0.012731108158319725
6,1.1000000000000001,1555.2456042140252,2,6.6000000000000218,0.0091663978739902948,0.0050924432633279197,3.6000000000000121,0.01833279574798059
6,1.1000000000000001,1555.2456042140252,3,0,0.0063655540791598625,-0.0042437027194399081,3.0000000000000098,0.012731108158319725
6,1.1000000000000001,1555.2456042140252,4,6.6000000000000218,0.0091663978739902948,0.0050924432633279197,3.6000000000000121,0.01833279574798059
6,1.1000000000000001,1555.2456042140252,5,0,0.0063655540791598625,-0.0042437027194399081,3.0000000000000098,0.012731108158319725
6,1.1000000000000001,1555.2456042140252,6,6.6000000000000218,0.0091663978739902948,0.0050924432633279197,3.6000000000000121,0.01833279574798059
6,1.1000000000000001,1555.2456042140252,7,0,0.0063655540791598625,-0.0042437027194399081,3.0000000000000098,0.012731108158319725
6,1.1000000000000001,1555.2456042140252,8,6.6000000000000218,0.0091663978739902948,0.0050924432633279197,3.6000000000000121,0.01833279574798059
6,1.1000000000000001,1555.2456042140252,9,0,0.0063655540791598625,-0.0042437027194399081,3.0000000000000098,0.012731108158319725
6,1.1000000000000001,1555.2456042140252,10,6.6000000000000218,0.0091663978739902948,0.0050924432633279197,3.6000000000000121,0.01833279574798059
6,1.1000000000000001,1555.2456042140252,11,0,0.0063655540791598625,-0.0042437027194399081,3.0000000000000098,0.012731108158319725
6,1.1000000000000001,1555.2456042140252,12,6.6000000000000218,0.0091663978739902948,0.0050924432633279197,3.6000000000000121,0.01833279574798059
6,1.1000000000000001,1555.2456042140252,13,0,0.0063655540791598625,-0.0042437027194399081,3.0000000000000098,0.012731108158319725
6,1.1000000000000001,1555.2456042140252,14,6.6000000000000218,0.0091663978739902948,0.0050924432633279197,3.6000000000000121,0.01833279574798059
6,1.1000000000000001,1555.2456042140252,15,0,0.0063655540791598625,-0.0042437027194399081,3.0000000000000098,0.012731108158319725
6,1.1000000000000001,1555.2456042140252,16,6.6000000000000218,0.0091663978739902948,0.0050924432633279197,3.6000000000000121,0.01833279574798059
6,1.1000000000000001,1555.2456042140252,17,0,0.0063655540791598625,-0.0042437027194399081,3.0000000000000098,0.012731108158319725
6,1.1000000000000001,1555.2456042140252,18,6.6000000000000218,0.0091663978739902948,0.0050924432633279197,3.6000000000000121,0.01833279574798059
6,1.1000000000000001,1555.2456042140252,19,0,0.0063655540791598625,-0.0042437027194399081,3.0000000000000098,0.012731108158319725
6,1.1000000000000001,1555.2456042140252,20,6.6000000000000218,0.0091663978739902948,0.0050924432633279197,3.6000000000000121,0.01833279574798059
6,1.1000000000000001,1555.2456042140252,21,0,0.0063655540791598625,-0.0042437027194399081,3.0000000000000098,0.012731108158319725
6,1.1000000000000001,1555.2456042140252,22,6.6000000000000218,0.0091663978739902948,0.0050924432633279197,3.6000000000000121,0.01833279574798059
6,1.1000000000000001,1555.2456042140252,23,0,0.0063655540791598625,-0.0042437027194399081,3.0000000000000098,0.012731108158319725
6,1.1000000000000001,1555.2456042140252,24,6.6000000000000218,0.0091663978739902948,0.0050924432633279197,3.6000000000000121,0.01833279574798059
6,1.1000000000000001,1555.2456042140252,25,0,0.0063655540791598625,-0.0042437027194399081,3.0000000000000098,0.012731108158319725
6,1.1000000000000001,1555.2456042140252,26,6.6000000000000218,0.0091663978739902948,0.0050924432633279197,3.6000000000000121,0.01833279574798059
6,1.1000000000000001,1555.2456042140252,27,0,0.0063655540791598625,-0.0042437027194399081,3.0000000000000098,0.012731108158319725
6,1.1000000000000001,1555.2456042140252,28,6.6000000000000218,0.0091663978739902948,0.0050924432633279197,3.6000000000000121,0.01833279574798059
6,1.1000000000000001,1555.2456042140252,29,0,0.0063655540791598625,-0.0042437027194399081,3.0000000000000098,0.012731108158319725
6,1.1000000000000001,1555.2456042140252,30,6.6000000000000218,0.0091663978739902948,0.0050924432633279197,3.6000000000000121,0.01833279574798059
6,1.1000000000000001,1555.2456042140252,31,0,0.0063655540791598625,-0.0042437027194399081,3.0000000000000098,0.012731108158319725
6,1.1000000000000001,1555.2456042140252,32,6.6000000000000218,0.0091663978739902948,0.0050924432633279197,3.6000000000000121,0.01833279574798059
6,1.1000000000000001,1555.2456042140252,33,0,0.0063655540791598625,-0.0042437027194399081,3.0000000000000098,0.012731108158319725
6,1.1000000000000001,1555.2456042140252,34,6.6000000000000218,0.0091663978739902948,0.0050924432633279197,3.6000000000000121,0.01833279574798059
6,1.1000000000000001,1555.2456042140252,35,0,0.0063655540791598625,-0.0042437027194399081,3.0000000000000098,0.012731108158319725
6,1.1000000000000001,1555.2456042140252,36,6.6000000000000218,0.0091663978739902948,0.0050924432633279197,3.6000000000000121,0.01833279574798059
6,1.1000000000000001,1555.2456042140252,37,0,0.0063655540791598625,-0.0042437027194399081,3.0000000000000098,0.012731108158319725
6,1.1000000000000001,1555.2456042140252,38,6.6000000000000218,0.0091663978739902948,0.0050924432633279197,3.6000000000000121,0.01833279574798059
6,1.1000000000000001,1555.2456042140252,39,0,0.0063655540791598625,-0.0042437027194399081,3.0000000000000098,0.012731108158319725
6,1.1000000000000001,1555.2456042140252,40,6.6000000000000218,0.0091663978739902948,0.0050924432633279197,3.6000000000000121,0.01833279574798059
