initial,eta_fraction_of_bound,eta,iterations,final_intensity,parameter_error,linear_mse,loss_increases
0,0.25,353.46491004864208,40,2.9999999999972715,2.7382540679354861e-12,1.0530756890569583e-26,0
0,0.90000000000000002,1272.4736761751114,40,2.9996012316012641,0.00039876839874564141,2.2493921080949515e-10,0
0,1.1000000000000001,1555.2456042140252,40,0,3.0000000000000098,0.012731108158319725,20
1,0.25,353.46491004864208,40,2.999999999998181,1.8287593661625579e-12,4.680492663958832e-27,0
1,0.90000000000000002,1272.4736761751114,40,2.9997341544008429,0.00026584559916686956,9.9972982581899183e-11,0
1,1.1000000000000001,1555.2456042140252,40,0,3.0000000000000098,0.012731108158319725,21
6,0.25,353.46491004864208,40,3.0000000000027285,2.7187141427020833e-12,1.0530697489548652e-26,0
6,0.90000000000000002,1272.4736761751114,40,3.0003987683987354,0.00039876839872565739,2.2493921080895518e-10,0
6,1.1000000000000001,1555.2456042140252,40,6.6000000000000218,3.6000000000000121,0.01833279574798059,20
