seed,trial,view,microseconds,checksum
701,0,6,15.042,127.4793559318169
701,1,7,14.542,128.21399853960867
701,2,8,14.25,121.9517730610161
701,3,6,14.167,127.4793559318169
701,4,7,14.208,128.21399853960867
701,5,8,14.208,121.9517730610161
701,6,6,14.209,127.4793559318169
701,7,7,14.208,128.21399853960867
701,8,8,14.166,121.9517730610161
701,9,6,14.25,127.4793559318169
701,10,7,14.25,128.21399853960867
701,11,8,14.208,121.9517730610161
701,12,6,14.25,127.4793559318169
701,13,7,14.25,128.21399853960867
701,14,8,22.457999999999998,121.9517730610161
701,15,6,14.375,127.4793559318169
701,16,7,13.958,128.21399853960867
701,17,8,14,121.9517730610161
701,18,6,13.958,127.4793559318169
701,19,7,13.875,128.21399853960867
701,20,8,13.833,121.9517730610161
701,21,6,13.791,127.4793559318169
701,22,7,13.875,128.21399853960867
701,23,8,13.792,121.9517730610161
701,24,6,13.917,127.4793559318169
701,25,7,13.917,128.21399853960867
701,26,8,14,121.9517730610161
701,27,6,14.125,127.4793559318169
701,28,7,13.917,128.21399853960867
701,29,8,13.875,121.9517730610161
702,0,6,15,129.77629374986878
702,1,7,14.542,129.0338219324791
702,2,8,14.166,119.28616487739849
702,3,6,13.916,129.77629374986878
702,4,7,20.292000000000002,129.0338219324791
702,5,8,14.25,119.28616487739849
702,6,6,13.917,129.77629374986878
702,7,7,14.417,129.0338219324791
702,8,8,16.167000000000002,119.28616487739849
702,9,6,14.709,129.77629374986878
702,10,7,13.75,129.0338219324791
702,11,8,13.584,119.28616487739849
702,12,6,13.541,129.77629374986878
702,13,7,13.541,129.0338219324791
702,14,8,13.458,119.28616487739849
702,15,6,13.542,129.77629374986878
702,16,7,14.125,129.0338219324791
702,17,8,16.084,119.28616487739849
702,18,6,13.709,129.77629374986878
702,19,7,13.584,129.0338219324791
702,20,8,16.875,119.28616487739849
702,21,6,14.5,129.77629374986878
702,22,7,13.709,129.0338219324791
702,23,8,13.542,119.28616487739849
702,24,6,13.625,129.77629374986878
702,25,7,13.541,129.0338219324791
702,26,8,13.584,119.28616487739849
702,27,6,13.583,129.77629374986878
702,28,7,14.709,129.0338219324791
702,29,8,15.459,119.28616487739849
