iteration,loss,accepted_step,objective_evaluations
0,0.0093755477585920413,0,1
1,0.0091626675113914164,2,114
2,0.0089551219373637577,2,227
3,0.0087538023882046019,2,340
4,0.0085595282484783701,2,453
5,0.0083730018099211715,2,566
6,0.0081947703140435174,2,679
7,0.0080249466271212367,2,792
8,0.0078682096643702074,2,905
9,0.0077159593742553824,2,1018
10,0.0075723540415566087,2,1131
11,0.007437065912043358,2,1244
12,0.0073143137676163665,2,1357
13,0.0071938394703341358,2,1470
14,0.007080247503525071,2,1583
15,0.0069729516309874539,2,1696
16,0.0068713705451023434,2,1809
17,0.0067749645225876681,2,1922
18,0.0066831633127841794,2,2035
19,0.0065955063471750128,2,2148
20,0.0065115496752230937,2,2261
21,0.0064308942272716342,2,2374
22,0.0063531824163906292,2,2487
23,0.0062780958612828697,2,2600
24,0.0062053520031420256,2,2713
25,0.0061347004648037188,2,2826
26,0.0060656945875203318,2,2939
27,0.0059990419497349323,2,3052
28,0.0059367557375283606,2,3165
29,0.0058720632340174333,2,3278
30,0.0058085945718462017,2,3391
31,0.0057462243720357584,2,3504
32,0.0056848402549369683,2,3617
33,0.0056243414191315408,2,3730
34,0.0055646375019325484,2,3843
35,0.0055056476893110195,2,3956
36,0.0054473000430610976,2,4069
37,0.0053857766497132096,2,4182
38,0.0053286109764793992,2,4295
39,0.005271925771291929,2,4408
40,0.0052156800608917919,2,4521
41,0.0051599102133910854,2,4634
42,0.0051073281523954656,2,4747
43,0.0050508432043597966,2,4860
44,0.0049960481591842243,2,4973
45,0.004941608080585959,2,5086
46,0.0048875284136203857,2,5199
47,0.0048338218694898415,2,5312
48,0.0047804236734463575,2,5425
49,0.004723916381137499,2,5538
50,0.0046713912849784033,2,5651
51,0.0046192648121046774,2,5764
52,0.0045677573266724785,2,5877
53,0.0045120542585742988,2,5990
54,0.0044617605620879,2,6103
55,0.0044124024310714964,2,6216
56,0.0043635183894845811,2,6329
57,0.0043154014357775572,2,6442
58,0.0042680921707381426,2,6555
59,0.0042216273939665117,2,6668
60,0.0041760392496312674,2,6781
