theta_degrees,z,weight_joint1,analytic_radius,min_radius,max_radius
0,0,0,1,1,1
0,0.25,0.125,1,1,1
0,0.5,0.25,1,1,1
0,0.75,0.375,1,1,1
0,1,0.5,1,1,1
0,1.25,0.625,1,1,1
0,1.5,0.75,1,1,1
0,1.75,0.875,1,1,1
0,2,1,1,1,1
90,0,0,1,1,1
90,0.25,0.125,0.88388347648318444,0.88388347648318433,0.88388347648318444
90,0.5,0.25,0.79056941504209488,0.79056941504209477,0.79056941504209499
90,0.75,0.375,0.72886898685566259,0.72886898685566248,0.7288689868556627
90,1,0.5,0.70710678118654757,0.70710678118654746,0.70710678118654757
90,1.25,0.625,0.72886898685566259,0.72886898685566248,0.72886898685566259
90,1.5,0.75,0.79056941504209488,0.79056941504209477,0.79056941504209499
90,1.75,0.875,0.88388347648318444,0.88388347648318422,0.88388347648318455
90,2,1,1,0.99999999999999989,1
180,0,0,1,1,1
180,0.25,0.125,0.75,0.74999999999999989,0.75000000000000011
180,0.5,0.25,0.5,0.49999999999999989,0.50000000000000011
180,0.75,0.375,0.25,0.24999999999999992,0.25000000000000006
180,1,0.5,0,5.5511151231257827e-17,7.8504622934188758e-17
180,1.25,0.625,0.25,0.24999999999999992,0.25000000000000011
180,1.5,0.75,0.5,0.49999999999999994,0.50000000000000011
180,1.75,0.875,0.75,0.74999999999999989,0.75000000000000011
180,2,1,1,0.99999999999999989,1
