tick,t_seconds,x,v,offset_x
0,0,1,0,0.45000000000000001
1,0.0083333333333333332,0.99972222222222218,-0.033333333333333333,0.44987499999999997
2,0.016666666666666666,0.99916674382716042,-0.066657407407407401,0.44962503472222221
3,0.025000000000000001,0.99833371911436897,-0.099962965534979409,0.44925017360146602
4,0.033333333333333333,0.99722337947960127,-0.13324075617212505,0.44875052076582056
5,0.041666666666666664,0.99583603335053372,-0.16648153548811176,0.44812621500774019
6,0.050000000000000003,0.99417206610109099,-0.19967606993312956,0.44737742974549094
7,0.058333333333333334,0.99223193994439796,-0.23281513880316593,0.44650437297497908
8,0.066666666666666666,0.99001619380438699,-0.2658895368013125,0.44550728721197413
9,0.074999999999999997,0.98752544316609703,-0.29889007659479205,0.44438644942474365
10,0.083333333333333329,0.98476037990470544,-0.33180759136699528,0.44314217095711744
11,0.09166666666666666,0.98172177209334033,-0.3646329373638188,0.44177479744200315
12,0.10000000000000001,0.97841046378972707,-0.39735699643359679,0.44028470870537717
13,0.10833333333333334,0.97482737480172776,-0.42997067855992105,0.43867231866077749
14,0.11666666666666667,0.97097350043183905,-0.46246492438664533,0.43693807519432759
15,0.125,0.96684991120071928,-0.49483070773437332,0.43508246004032369
16,0.13333333333333333,0.96245775254982158,-0.52705903810773058,0.43310598864741973
17,0.14166666666666666,0.95779824452321549,-0.55914096319272466,0.43100921003544695
18,0.14999999999999999,0.95287268142868631,-0.59106757134349852,0.42879270664290886
19,0.15833333333333333,0.94768243147820475,-0.62282999405778805,0.42645709416519212
20,0.16666666666666666,0.94222893640786809,-0.65441940844039492,0.42400302138354062
21,0.17499999999999999,0.93651371107741821,-0.6858270396539905,0.42143116998483821
22,0.18333333333333332,0.93053834304944683,-0.71704416335657106,0.4187422543722511
23,0.19166666666666668,0.92430449214840615,-0.74806210812488594,0.4159370214667828
24,0.20000000000000001,0.91781388999954638,-0.77887225786316616,0.4130162504997959
25,0.20833333333333334,0.911068339547909,-0.80946605419648432,0.40998075279655904
26,0.21666666666666667,0.90406971455750829,-0.83983499884808133,0.40683137155087873
27,0.22500000000000001,0.89681995909084167,-0.86997065599999823,0.40356898159087878
28,0.23333333333333334,0.88932108696887202,-0.89986465463635967,0.40019448913599243
29,0.24166666666666667,0.88157518121163325,-0.9295086908686554,0.39670883154523495
30,0.25,0.87358439345961347,-0.95889453024237647,0.39311297705682607
31,0.25833333333333336,0.8653509433760771,-0.98801401002436362,0.38940792451923473
32,0.26666666666666666,0.85687711803049182,-1.0168590414702328,0.38559470311372135
33,0.27500000000000002,0.84816527126323138,-1.0454216120712492,0.38167437206845412
34,0.28333333333333333,0.8392178230317312,-1.0736937877800234,0.37764802036427902
35,0.29166666666666669,0.83003725873827772,-1.1016677152144145,0.37351676643222498
36,0.29999999999999999,0.82062612853961914,-1.1293356238390238,0.36928175784282863
37,0.30833333333333335,0.81098704663858845,-1.1566898281236777,0.36494417098736481
38,0.31666666666666665,0.80112269055793595,-1.1837227296782973,0.36050521075107117
39,0.32500000000000001,0.79103580039657295,-1.2104268193635619,0.35596611017845786
40,0.33333333333333331,0.78072917806843312,-1.236794679376781,0.35132813013079489
41,0.34166666666666667,0.7702056865241631,-1.2628189853123954,0.34659255893587343
42,0.34999999999999998,0.75946824895585863,-1.2884925081965342,0.34176071203013642
43,0.35833333333333334,0.74851984798506643,-1.3138081164950628,0.3368339315932799
44,0.36666666666666664,0.73736352483427836,-1.3387587780945651,0.33181358617542528
45,0.375,0.72600237848214744,-1.3633375622557078,0.32670107031696638
46,0.38333333333333336,0.71443956480266035,-1.3875376415384459,0.32149780416119716
47,0.39166666666666666,0.70267829568850593,-1.4113522936985345,0.31620523305982767
48,0.40000000000000002,0.69072183815888244,-1.4347749035548181,0.31082482717149712
49,0.40833333333333333,0.67857351345199257,-1.4577989648267808,0.30535808105339668
50,0.41666666666666669,0.66623669610247716,-1.4804180819418473,0.29980651324611474
51,0.42499999999999999,0.65371481300404444,-1.5026259718119299,0.29417166585182003
52,0.43333333333333335,0.64101134245755498,-1.5244164655787313,0.28845510410589975
53,0.44166666666666665,0.6281298132048273,-1.5457835103273165,0.28265841594217228
54,0.45000000000000001,0.61507380344843166,-1.5667211707674775,0.27678321155179425
55,0.45833333333333331,0.60184693985774473,-1.5872236308824252,0.27083112293598516
56,0.46666666666666667,0.58845289656154187,-1.6072851955443501,0.26480380345269383
57,0.47499999999999998,0.5748953941274052,-1.6269002920964015,0.25870292735733236
58,0.48333333333333334,0.56117819852823314,-1.6460634719006484,0.25253018933770494
59,0.49166666666666664,0.54730512009613652,-1.6647694118515894,0.24628730404326143
60,0.5,0.53328001246401324,-1.683012915854794,0.23997600560880597
61,0.5083333333333333,0.51910677149509443,-1.700788916270261,0.23359804717279251
62,0.51666666666666672,0.50478933420076033,-1.7180924753200975,0.22715520039034215
63,0.52500000000000002,0.49033167764692598,-1.7349187864601228,0.2206492549411167
64,0.53333333333333333,0.4757378178493008,-1.7512631757150203,0.21408201803218538
65,0.54166666666666663,0.46101180865782859,-1.7671211029766636,0.20745531389602287
66,0.55000000000000004,0.44615774063061814,-1.7824881632652578,0.20077098328377815
67,0.55833333333333335,0.43117973989767694,-1.797360087952945,0.19403088295395463
68,0.56666666666666665,0.41608196701476413,-1.8117327459495343,0.18723688515664386
69,0.57499999999999996,0.40086861580768057,-1.8256021448500264,0.18039087711345625
70,0.58333333333333337,0.3855439122073171,-1.8389644320436158,0.17349476049329271
71,0.59166666666666667,0.37011211307578495,-1.8518158957838597,0.16655045088410322
72,0.59999999999999998,0.35457750502395396,-1.8641529662197192,0.15955987726077928
73,0.60833333333333328,0.33894440322072744,-1.8759722163871844,0.15252498144932736
74,0.6166666666666667,0.32321715019438402,-1.8872703631612087,0.14544771758747282
75,0.625,0.30740011462631994,-1.8980442681676881,0.13833005158184397
76,0.6333333333333333,0.29149769013752636,-1.908290938655232,0.13117396056188688
77,0.64166666666666672,0.27551429406813899,-1.9180075283264828,0.12398143233066254
78,0.65000000000000002,0.25945436625039936,-1.9271913381287542,0.11675446481267972
79,0.65833333333333333,0.24332236777536798,-1.9358398170037676,0.10949506549891559
80,0.66666666666666663,0.22712277975373232,-1.9439505625962799,0.10220525088917955
81,0.67500000000000004,0.21086010207105396,-1.9515213219214043,0.094887045931974279
82,0.68333333333333335,0.19453885213780031,-1.9585499919904394,0.087542483462010143
83,0.69166666666666665,0.17816356363450836,-1.9650346203950328,0.080173603635528765
84,0.69999999999999996,0.16173878525242905,-1.9709734058495165,0.072782453363593069
85,0.70833333333333337,0.14526907943000184,-1.9763646986912642,0.065371085743500826
86,0.71666666666666667,0.12875902108551074,-1.9812070013389309,0.057941559488479837
87,0.72499999999999998,0.11221319634627368,-1.9854989687084479,0.050495938355823153
88,0.73333333333333328,0.095636201274718197,-1.9892394085866569,0.043036290573623188
89,0.7416666666666667,0.079032640591697526,-1.9924272819624809,0.03556468826626389
90,0.75,0.062407126397401376,-1.9950617033155376,0.028083206878830619
91,0.7583333333333333,0.045764276890217059,-1.9971419408621176,0.020593924600597679
92,0.76666666666666672,0.029108715083896574,-1.9986674167584582,0.013098921787753459
93,0.77500000000000002,0.012445067523386118,-1.9996377072612548,0.0056002803855237536
94,0.78333333333333333,-0.0042220370003252777,-2.0000525428453675,-0.0018999166501463751
95,0.79166666666666663,-0.020887968735981026,-1.99991180827869,-0.0093995859311914627
96,0.80000000000000004,-0.037548098258099002,-1.9992155426541574,-0.016896644216144553
97,0.80833333333333335,-0.054197797752923063,-1.9979639393788873,-0.02438900898881538
98,0.81666666666666665,-0.070832442303926865,-1.9961573461204565,-0.031874599036767093
99,0.82499999999999996,-0.087447411176512918,-1.9937962647103256,-0.039351335029430813
100,0.83333333333333337,-0.10403808910154994,-1.9908813510044419,-0.046817140095697471
101,0.84166666666666667,-0.12059986755739208,-1.9874134147010569,-0.054269940400826437
102,0.84999999999999998,-0.13712814605002382,-1.9833934191158105,-0.06170766572251072
103,0.85833333333333328,-0.15361833339097503,-1.978822480914143,-0.069128250025938767
104,0.8666666666666667,-0.17006584897265095,-1.9737018698011106,-0.076529632037692932
105,0.875,-0.18646612404072335,-1.968033008168689,-0.083909755818325507
106,0.8833333333333333,-0.2028146029632289,-1.9618174707006648,-0.091266571333453006
107,0.89166666666666672,-0.21910674449602244,-1.9550569839352239,-0.098598035023210101
108,0.90000000000000002,-0.23533802304423374,-1.9477534257853564,-0.10590211036990518
109,0.90833333333333333,-0.2515039299193772,-1.9399088250172152,-0.11317676846371974
110,0.91666666666666663,-0.26759997459176527,-1.9315253606865692,-0.12041998856629438
111,0.92500000000000004,-0.28362168593787784,-1.9226053615335104,-0.12762975867204504
112,0.93333333333333335,-0.29956461348234104,-1.9131513053355811,-0.13480407606705347
113,0.94166666666666665,-0.31542432863417025,-1.903165818219503,-0.14194094788537662
114,0.94999999999999996,-0.33119642591693438,-1.8926516739316974,-0.14903839166262048
115,0.95833333333333337,-0.34687652419249937,-1.8816117930677996,-0.15609443588662472
116,0.96666666666666667,-0.36246026787801089,-1.870049242261383,-0.1631071205451049
117,0.97499999999999998,-0.37794332815577852,-1.857967233332116,-0.17007449767010033
118,0.98333333333333328,-0.39332140417572509,-1.84536912239359,-0.1769946318790763
119,0.9916666666666667,-0.4085902242500673,-1.8322584089210658,-0.18386560091253029
120,1,-0.42374554703989559,-1.8186387347793969,-0.19068549616795302
121,1.0083333333333333,-0.43878316273332391,-1.8045138832114003,-0.19745242322999576
122,1.0166666666666666,-0.45369889421488185,-1.7898877777869562,-0.20416450239669684
123,1.0249999999999999,-0.46848859822582456,-1.7747644813131267,-0.21081986920162105
124,1.0333333333333334,-0.48314816651503789,-1.7591481947055991,-0.21741667493176706
125,1.0416666666666667,-0.49767352698021927,-1.7430432558217646,-0.22395308714109868
126,1.05,-0.51206064479901725,-1.7264541382557572,-0.23042729015955776
127,1.0583333333333333,-0.52630552354981552,-1.7093854500957899,-0.23683748559741699
128,1.0666666666666667,-0.54040420632184993,-1.6918419326441294,-0.24318189284483246
129,1.075,-0.55435277681435047,-1.6738284591000678,-0.24945874956645772
130,1.0833333333333333,-0.56814736042440261,-1.6553500332062561,-0.25566631219098118
131,1.0916666666666666,-0.58178412532322576,-1.6364117878587761,-0.26180285639545159
132,1.1000000000000001,-0.59525928352057023,-1.6170189836813351,-0.26786667758425659
133,1.1083333333333334,-0.60856909191693676,-1.5971770075639828,-0.27385609136262157
134,1.1166666666666667,-0.6217098533433264,-1.5768913711667516,-0.27976943400449689
135,1.125,-0.63467791758823178,-1.5561677093886408,-0.28560506291470433
136,1.1333333333333333,-0.64746968241158487,-1.5350117788023665,-0.29136135708521321
137,1.1416666666666666,-0.66008159454537918,-1.5134294560553136,-0.29703671754542066
138,1.1499999999999999,-0.67251015068068865,-1.4914267362371343,-0.3026295678063099
139,1.1583333333333334,-0.68475189844080897,-1.4690097312144446,-0.30813835429836406
140,1.1666666666666667,-0.6968034373402513,-1.4461846679330843,-0.3135615468031131
141,1.175,-0.7086614197293214,-1.4229578866884092,-0.31889763887819461
142,1.1833333333333333,-0.72032255172402226,-1.3993358393640984,-0.32414514827581004
143,1.1916666666666667,-0.73178359412102201,-1.3753250876399643,-0.32930261735445993
144,1.2,-0.74304136329743253,-1.3509323011692635,-0.33436861348384467
145,1.2083333333333333,-0.75409273209514938,-1.3261642557260158,-0.33934172944281721
146,1.2166666666666666,-0.7649346306895064,-1.3010278313228443,-0.34422058381027787
147,1.2250000000000001,-0.77556404744200524,-1.2755300102998608,-0.34900382134890234
148,1.2333333333333334,-0.78597802973688136,-1.2496778753851272,-0.35369011338159662
149,1.2416666666666667,-0.79617368480127493,-1.223478607727231,-0.35827815816057373
150,1.25,-0.80614818050877923,-1.1969394849005219,-0.36276668122895067
151,1.2583333333333333,-0.81589874616614222,-1.1700678788835626,-0.36715443577476403
152,1.2666666666666666,-0.82542267328290353,-1.1428712540113579,-0.37144020297730662
153,1.2749999999999999,-0.8347173163237529,-1.1153571649019278,-0.37562279234568879
154,1.2833333333333334,-0.84378009344340121,-1.0875332543578027,-0.37970104204953053
155,1.2916666666666667,-0.8526084872037597,-1.0594072512430226,-0.38367381924169186
156,1.3,-0.86120004527322824,-1.0309869683362307,-0.38754002037295271
157,1.3083333333333333,-0.86955238110789868,-1.0022803001604565,-0.3912985714985544
158,1.3166666666666667,-0.87766317461448362,-0.97329522079019326,-0.39494842857651763
159,1.325,-0.88553017279478674,-0.94403978163637714,-0.39848857775765406
160,1.3333333333333333,-0.89315119037153579,-0.9145221092098843,-0.40191803566719109
161,1.3416666666666666,-0.90052411039540381,-0.8847504028641664,-0.40523584967793175
162,1.3500000000000001,-0.90764688483305089,-0.85473293251765292,-0.4084410981748729
163,1.3583333333333334,-0.91451753513602219,-0.82447803635655126,-0.41153289081120997
164,1.3666666666666667,-0.9211341527903445,-0.79399411851868384,-0.41451036875565506
165,1.375,-0.92749489984666955,-0.76328964675900568,-0.41737270493100131
166,1.3833333333333333,-0.93359800943081495,-0.73237315009745008,-0.42011910424386673
167,1.3916666666666666,-0.93944178623456287,-0.70125321644975624,-0.4227488038055533
168,1.3999999999999999,-0.94502460698657897,-0.66993849024193752,-0.42526107314396056
169,1.4083333333333334,-0.95034492090332112,-0.63843767000905161,-0.42765521440649451
170,1.4166666666666667,-0.95540125011981225,-0.60675950597894091,-0.42993056255391554
171,1.425,-0.96019219010015899,-0.57491279764161385,-0.43208648554507156
172,1.4333333333333333,-0.96471641002770014,-0.54290639130494189,-0.4341223845124651
173,1.4416666666666667,-0.96897265317467807,-0.51074917763735184,-0.43603769392860514
174,1.45,-0.97295973725132967,-0.47845008919819593,-0.43783188176309834
175,1.4583333333333333,-0.97667655473430037,-0.44601809795648495,-0.43950444963043517
176,1.4666666666666666,-0.98012207317428934,-0.41346221279867496,-0.44105493292843023
177,1.4750000000000001,-0.98329533548284098,-0.38079147702619864,-0.44248290096727844
178,1.4833333333333334,-0.98619546019820292,-0.34801496584343727,-0.44378795708919133
179,1.4916666666666667,-0.9888216417301765,-0.3151417838368305,-0.44496973877857943
180,1.5,-0.99117315058389166,-0.28218106244582464,-0.44602791776275125
181,1.5083333333333333,-0.99324933356244471,-0.24914195742636158,-0.44696220010310012
182,1.5166666666666666,-0.99504961394834146,-0.21603364630761343,-0.44777232627675367
183,1.5249999999999999,-0.99657349166369702,-0.18286532584266871,-0.44845807124866366
184,1.5333333333333334,-0.99782054340914605,-0.1496462094538788,-0.44901924453411574
185,1.5416666666666667,-0.99879042278142582,-0.11638552467357392,-0.44945569025164162
186,1.55,-0.99948286036959966,-0.08309251058085973,-0.44976728716631986
187,1.5583333333333333,-0.99989766382989309,-0.049776415235206407,-0.4499539487234519
188,1.5666666666666667,-1.0000347179391227,-0.016446493107543304,-0.45001562307260523
189,1.575,-0.99989398462670243,0.01688799749042745,-0.44995229308201612
190,1.5833333333333333,-0.99947550298521926,0.050217796977984196,-0.44976397634334869
191,1.5916666666666666,-0.99877938925957355,0.083533647077491502,-0.44945072516680812
192,1.6000000000000001,-0.99780583681468904,0.11682629338614395,-0.44901262656661006
193,1.6083333333333334,-0.99655511608180047,0.1500864879466336,-0.44844980223681025
194,1.6166666666666667,-0.99502757448333357,0.18330499181602694,-0.4477624085175001
195,1.625,-0.9932236363363991,0.21647257763213806,-0.4469506363513796
196,1.6333333333333333,-0.99114380273492675,0.2495800321766847,-0.44601471123071706
197,1.6416666666666666,-0.98878865141047245,0.28261815893451558,-0.44495489313471259
198,1.6499999999999999,-0.98615883657173742,0.31557778064819803,-0.44377147645728182
199,1.6583333333333334,-0.98325508872284362,0.34844974186725591,-0.44246478992527966
200,1.6666666666666667,-0.98007821446041565,0.38122491149135068,-0.44103519650718703
201,1.675,-0.97662909624952654,0.41389418530669786,-0.43948309331228697
202,1.6833333333333333,-0.97290869217856812,0.4464484885150154,-0.43780891148035567
203,1.6916666666666667,-0.96891803569311563,0.47887877825430097,-0.43601311606190202
204,1.7,-0.96465823530885952,0.51117604611073819,-0.43409620588898679
205,1.7083333333333333,-0.96013047430368426,0.54333132062103351,-0.43205871343665792
206,1.7166666666666666,-0.95533601038898019,0.57533566976448969,-0.42990120467504112
207,1.7250000000000001,-0.9502761753602792,0.60718020344412238,-0.42762427891212562
208,1.7333333333333334,-0.94495237472731142,0.6388560759561317,-0.42522856862729014
209,1.7416666666666667,-0.93936608732358606,0.67035448844704204,-0.42271473929561376
210,1.75,-0.93351886489560421,0.70166669135782822,-0.42008348920302191
211,1.7583333333333333,-0.92741233167181802,0.73278398685434831,-0.41733554925231814
212,1.7666666666666666,-0.92104818391145626,0.76369773124340889,-0.41447168276015534
213,1.7749999999999999,-0.91442818943334137,0.79439933737379076,-0.4114926852450036
214,1.7833333333333334,-0.90755418712482827,0.82488027702156885,-0.40839938420617272
215,1.7916666666666667,-0.90042808643100269,0.85513208325906309,-0.40519263889395124
216,1.8,-0.89305186682427962,0.88514635280676313,-0.40187334007092584
217,1.8083333333333333,-0.88542757725454979,0.91491474836757247,-0.39844240976454742
218,1.8166666666666667,-0.87755733558002713,0.94442900094272408,-0.39490080101101221
219,1.825,-0.86944332797895441,0.97368091212872498,-0.39124949759052952
220,1.8333333333333333,-0.86108780834233201,1.0026623563946901,-0.38748951375404939
221,1.8416666666666666,-0.85249309764783676,1.0313652833394344,-0.38362189394152657
222,1.8500000000000001,-0.84366158331510599,1.0597817199276958,-0.37964771249179768
223,1.8583333333333334,-0.83459571854256542,1.0879037727048659,-0.37556807334415443
224,1.8666666666666667,-0.82529802162598531,1.115723629989618,-0.37138410973169339
225,1.875,-0.81577107525895354,1.1432335640438176,-0.36709698386652911
226,1.8833333333333333,-0.80601752581546093,1.170425933219116,-0.36270788661695741
227,1.8916666666666666,-0.79604008261479731,1.1972931840796315,-0.35821803717665879
228,1.8999999999999999,-0.78584151716896289,1.2238278535001248,-0.35362868272603332
229,1.9083333333333334,-0.77542466241280383,1.2500225707390902,-0.34894109808576174
230,1.9166666666666667,-0.76479241191708569,1.2758700594861836,-0.34415658536268856
231,1.925,-0.75394771908472391,1.3013631398834198,-0.33927647358812579
232,1.9333333333333333,-0.74289359633039409,1.3264947305195773,-0.33430211834867735
233,1.9416666666666667,-0.73163311424375033,1.3512578503972572,-0.32923490140968764
234,1.95,-0.72016940073648328,1.3756456208720489,-0.32407623033141747
235,1.9583333333333333,-0.70850564017345607,1.3996512675632651,-0.31882753807805525
236,1.9666666666666666,-0.69664507248815843,1.4232681222357135,-0.31349028261967132
237,1.9750000000000001,-0.68459099228272524,1.4464896246519854,-0.30806594652722635
238,1.9833333333333334,-0.67234674791276905,1.4693093243947428,-0.30255603656074609
239,1.9916666666666667,-0.65991574055728153,1.4917208826585018,-0.29696208325077672
240,2,-0.64730142327386142,1.5137180740104113,-0.29128564047323763
