cells,pixel,x,y,oracle_t,mesh_id,mesh_t,brute_t,reference_id,reference_t
12,4508,-0.693359375,0.556640625,2.5423931909387507,680,3.4342993752595072,3.4342993752595072,1937,2.5663822899811382
12,4762,-0.732421875,0.517578125,2.5576527590874236,680,3.4175423483082299,3.4175423483082299,1937,2.582491504785513
12,8001,0.029296875,0.029296875,2.0008586755466129,138,3.9928913861195521,3.9928913861195521,2434,2.0057466530089831
12,9430,0.439453125,-0.185546875,2.1211067709297855,108,3.8733323424199848,3.8733323424199848,2407,2.125045289412177
12,9557,0.419921875,-0.205078125,2.1159137024345593,108,3.8824452016951918,3.8824452016951918,2407,2.1173230314236893
24,2254,0.283203125,0.908203125,2.6918392079928584,4078,3.3045473889870864,3.3045473889870864,6766,2.6944871409996627
24,3492,-0.537109375,0.712890625,2.5491114593669311,2937,3.445675695582135,3.445675695582135,7756,2.5541490840059371
24,3810,0.673828125,0.673828125,2.696831208865476,4016,3.299706701188144,3.299706701188144,6682,2.6985875405924329
24,4254,-0.654296875,0.595703125,2.5341315784146037,2913,3.4591227871706303,3.4591227871706303,7720,2.5411892503181122
24,5334,0.439453125,0.439453125,2.2165704231678074,1350,3.7803669522700778,3.7803669522700778,9414,2.2176125705220695
48,5429,-0.205078125,0.419921875,2.1159137024345593,3262,3.8838826072141499,3.8838826072141499,38876,2.1160960627905441
48,6739,0.380859375,0.224609375,2.1030625634211053,2049,3.8962595016963868,3.8962595016963868,39802,2.1033953738816011
48,7485,-0.048828125,0.107421875,2.0069862261879403,191,3.9928524131707288,3.9928524131707288,41382,2.0071308076836671
48,8477,-0.673828125,-0.048828125,2.2627270029575417,5094,3.7370214656657343,3.7370214656657343,36246,2.2630958884609318
48,8636,-0.068359375,-0.068359375,2.0046839739564026,35,3.9947639354764704,3.9947639354764704,41215,2.0052762761186798
48,9279,-0.009765625,-0.166015625,2.0139252336540507,444,3.9856700151679005,3.9856700151679005,40348,2.0143743275038104
48,9525,-0.205078125,-0.205078125,2.0429807079828701,424,3.9568601334787776,3.9568601334787776,40324,2.043202552701036
48,11359,0.615234375,-0.478515625,2.3734942454779695,7027,3.6258258127166618,3.6258258127166618,33916,2.3741698212700921
48,12454,-0.498046875,-0.654296875,2.430926270446466,9117,3.568696415764355,3.568696415764355,31650,2.431571919037915
