case,mode,evaluation,t,x,y,z,field
0,safe,1,0,1,0.80000000000000004,0,0.57703296142690097
0,safe,2,0.57703296142690097,0.42296703857309903,0.80000000000000004,0,0.082152141385134381
0,safe,3,0.65918510281203535,0.34081489718796465,0.80000000000000004,0,0.025504323621835634
0,safe,4,0.68468942643387098,0.31531057356612902,0.80000000000000004,0,0.0093336409492320582
0,safe,5,0.69402306738310304,0.30597693261689696,0.80000000000000004,0,0.0036088594272792873
0,safe,6,0.69763192681038233,0.30236807318961767,0.80000000000000004,0,0.0014244227043613833
0,safe,7,0.69905634951474371,0.30094365048525629,0.80000000000000004,0,0.00056675955100349285
0,safe,8,0.69962310906574721,0.30037689093425279,0.80000000000000004,0,0.00022622542938310897
0,safe,9,0.69984933449513032,0.30015066550486968,0.80000000000000004,0,9.0413828355839776e-05
0,safe,10,0.69993974832348616,0.30006025167651384,0.80000000000000004,0,3.6153329109667176e-05
0,safe,11,0.69997590165259582,0.30002409834740418,0.80000000000000004,0,1.4459380099252073e-05
0,safe,12,0.69999036103269507,0.30000963896730493,0.80000000000000004,0,5.7834398444756019e-06
0,safe,13,0.69999614447253955,0.30000385552746045,0.80000000000000004,0,2.3133259898777681e-06
0,safe,14,0.69999845779852943,0.30000154220147057,0.80000000000000004,0,9.2532240447695813e-07
0,safe,15,0.6999993831209339,0.3000006168790661,0.80000000000000004,0,3.7012768328015255e-07
0,safe,16,0.69999975324861718,0.30000024675138282,0.80000000000000004,0,1.4805086867575312e-07
0,safe,17,0.69999990129948586,0.30000009870051414,0.80000000000000004,0,5.9220314763130943e-08
0,safe,18,0.69999996051980062,0.30000003948019938,0.80000000000000004,0,2.3688120687204162e-08
0,safe,19,0.69999998420792131,0.30000001579207869,0.80000000000000004,0,9.4752473644987845e-09
0,raw,1,0,1,0.80000000000000004,0,1.1540659228538019
0,raw,2,1.1540659228538019,-0.15406592285380194,0.80000000000000004,0,-0.14271053060289218
1,safe,1,0,2,0,0,1.5
1,safe,2,1.5,0.5,0,0,0
1,raw,1,0,2,0,0,3
1,raw,2,3,-1,0,0,1
1,raw,3,4,-2,0,0,3
