id,x,y,z
0,-0.23696883292142218,-0.44530216625475555,-0.86196883292142212
1,-0.20833333333333326,-0.45063486415497434,-0.86730153082164096
2,-0.20833333333333326,-0.41666666666666663,-0.88396401157439219
3,-0.24731546661448273,-0.41666666666666663,-0.87231546661448278
4,-0.35149448235159025,-0.41666666666666663,-0.83333333333333326
5,-0.26477158988352922,-0.47310492321686259,-0.83333333333333326
6,-0.20833333333333326,-0.504375587914065,-0.83333333333333326
7,-0.047304478225419916,-0.46397114489208657,-0.8806378115587532
8,0,-0.4669347032506671,-0.88360136991733373
9,0,-0.41666666666666663,-0.90814478010784749
10,-0.067959123258628712,-0.41666666666666663,-0.901292456591962
11,-0.10895964400210396,-0.52562631066877064,-0.83333333333333326
12,0,-0.54606553370833688,-0.83333333333333326
13,0.17204881411425174,-0.45295118588574834,-0.86961785255241497
14,0.20833333333333348,-0.45063486415497422,-0.86730153082164085
15,0.20833333333333348,-0.41666666666666663,-0.88396401157439208
16,0.1518950767831376,-0.41666666666666663,-0.88977158988352911
17,0.099818496822456831,-0.5251815031775432,-0.83333333333333326
18,0.20833333333333348,-0.50437558791406489,-0.83333333333333326
19,0.35149448235159031,-0.41666666666666663,-0.83333333333333326
20,-0.44530216625475555,-0.23696883292142218,-0.86196883292142212
21,-0.41666666666666663,-0.24731546661448273,-0.87231546661448278
22,-0.41666666666666663,-0.20833333333333326,-0.88396401157439219
23,-0.45063486415497434,-0.20833333333333326,-0.86730153082164096
24,-0.504375587914065,-0.20833333333333326,-0.83333333333333326
25,-0.47310492321686259,-0.26477158988352922,-0.83333333333333326
26,-0.41666666666666663,-0.35149448235159025,-0.83333333333333326
27,-0.28564528871732253,-0.28564528871732253,-0.91064528871732264
28,-0.20833333333333326,-0.30238642328430626,-0.92738642328430632
29,-0.20833333333333326,-0.20833333333333326,-0.95511109356749535
30,-0.30238642328430626,-0.20833333333333326,-0.92738642328430632
31,-0.38524885896057487,-0.38524885896057487,-0.83333333333333326
32,-0.10414118881314607,-0.31247452214647942,-0.93747452214647942
33,0,-0.32007108968812281,-0.94507108968812292
34,0,-0.20833333333333326,-0.97783344043012732
35,-0.13141986138183437,-0.20833333333333326,-0.96475319471516774
36,0.10670176032525637,-0.30996490634141033,-0.93496490634141038
37,0.20833333333333348,-0.30238642328430626,-0.92738642328430632
38,0.20833333333333348,-0.20833333333333326,-0.95511109356749535
39,0.072743195035572999,-0.20833333333333326,-0.96892347163109371
40,0.36603598842560797,-0.25896401157439208,-0.88396401157439208
41,0.41666666666666674,-0.24731546661448259,-0.87231546661448256
42,0.41666666666666674,-0.20833333333333326,-0.88396401157439208
43,0.34284259843060605,-0.20833333333333326,-0.90715740156939395
44,0.41666666666666674,-0.35149448235159014,-0.83333333333333326
45,0.50437558791406489,-0.20833333333333326,-0.83333333333333326
46,-0.46397114489208657,-0.047304478225419916,-0.8806378115587532
47,-0.41666666666666663,-0.067959123258628712,-0.901292456591962
48,-0.41666666666666663,0,-0.90814478010784749
49,-0.4669347032506671,0,-0.88360136991733373
50,-0.54606553370833688,0,-0.83333333333333326
51,-0.52562631066877064,-0.10895964400210396,-0.83333333333333326
52,-0.31247452214647942,-0.10414118881314607,-0.93747452214647942
53,-0.20833333333333326,-0.13141986138183437,-0.96475319471516774
54,-0.20833333333333326,0,-0.97783344043012732
55,-0.32007108968812281,0,-0.94507108968812292
56,-0.1393356427682822,-0.1393356427682822,-0.97266897610161562
57,0,-0.15165032522654631,-0.98498365855987979
58,0,0,-1
59,-0.15165032522654631,0,-0.98498365855987979
60,0.063833226236539475,-0.14450010709679384,-0.97783344043012721
61,0.20833333333333348,-0.13141986138183434,-0.96475319471516774
62,0.20833333333333348,0,-0.97783344043012721
63,0.047516175133425417,0,-0.99415049153324131
64,0.32232487691234202,-0.094341789754324709,-0.92767512308765809
65,0.41666666666666674,-0.067959123258628601,-0.901292456591962
66,0.41666666666666674,0,-0.90814478010784738
67,0.30770702266456307,0,-0.94229297733543704
68,0.54606553370833677,0,-0.83333333333333326
69,0.52518150317754331,-0.09981849682245672,-0.83333333333333326
70,-0.45295118588574834,0.17204881411425174,-0.86961785255241497
71,-0.41666666666666663,0.1518950767831376,-0.88977158988352911
72,-0.41666666666666663,0.20833333333333348,-0.88396401157439208
73,-0.45063486415497422,0.20833333333333348,-0.86730153082164085
74,-0.50437558791406489,0.20833333333333348,-0.83333333333333326
75,-0.5251815031775432,0.099818496822456831,-0.83333333333333326
76,-0.30996490634141033,0.10670176032525637,-0.93496490634141038
77,-0.20833333333333326,0.072743195035572999,-0.96892347163109371
78,-0.20833333333333326,0.20833333333333348,-0.95511109356749535
79,-0.30238642328430626,0.20833333333333348,-0.92738642328430632
80,-0.14450010709679384,0.063833226236539475,-0.97783344043012721
81,0,0.047516175133425417,-0.99415049153324131
82,0,0.20833333333333348,-0.97783344043012721
83,-0.13141986138183434,0.20833333333333348,-0.96475319471516774
84,0.055015718375710156,0.055015718375710156,-0.98665094829095656
85,0.20833333333333348,0.072743195035573041,-0.96892347163109371
86,0.20833333333333348,0.20833333333333348,-0.95511109356749524
87,0.072743195035573041,0.20833333333333348,-0.96892347163109371
88,0.32895774541926875,0.1206244120859354,-0.9210422545807313
89,0.41666666666666674,0.15189507678313766,-0.88977158988352911
90,0.41666666666666674,0.20833333333333348,-0.88396401157439197
91,0.34284259843060605,0.20833333333333348,-0.90715740156939395
92,0.50437558791406489,0.20833333333333348,-0.83333333333333326
93,0.52562631066877064,0.10895964400210399,-0.83333333333333326
94,-0.41666666666666663,0.35149448235159031,-0.83333333333333326
95,-0.25896401157439208,0.36603598842560797,-0.88396401157439208
96,-0.20833333333333326,0.34284259843060605,-0.90715740156939395
97,-0.20833333333333326,0.41666666666666674,-0.88396401157439208
98,-0.24731546661448259,0.41666666666666674,-0.87231546661448256
99,-0.35149448235159014,0.41666666666666674,-0.83333333333333326
100,-0.094341789754324709,0.32232487691234202,-0.92767512308765809
101,0,0.30770702266456307,-0.94229297733543704
102,0,0.41666666666666674,-0.90814478010784738
103,-0.067959123258628601,0.41666666666666674,-0.901292456591962
104,0.1206244120859354,0.32895774541926875,-0.9210422545807313
105,0.20833333333333348,0.34284259843060605,-0.90715740156939395
106,0.20833333333333348,0.41666666666666674,-0.88396401157439197
107,0.15189507678313766,0.41666666666666674,-0.88977158988352911
108,0.35149448235158981,0.41666666666666674,-0.83333333333333326
109,0.3852488589605747,0.3852488589605747,-0.83333333333333326
110,0.41666666666666674,0.35149448235158981,-0.83333333333333326
111,0.47310492321686259,0.26477158988352933,-0.83333333333333326
112,-0.20833333333333326,0.50437558791406489,-0.83333333333333326
113,-0.09981849682245672,0.52518150317754331,-0.83333333333333326
114,0,0.54606553370833677,-0.83333333333333326
115,0.10895964400210399,0.52562631066877064,-0.83333333333333326
116,0.20833333333333348,0.50437558791406489,-0.83333333333333326
117,0.26477158988352933,0.47310492321686259,-0.83333333333333326
118,-0.42999645999416358,-0.63832979332749695,-0.63832979332749695
119,-0.41666666666666663,-0.64243305190791489,-0.64243305190791489
120,-0.41666666666666663,-0.625,-0.65786085835618757
121,-0.43668361250095866,-0.625,-0.64501694583429203
122,-0.46180883592651717,-0.625,-0.625
123,-0.43668361250095866,-0.64501694583429203,-0.625
124,-0.41666666666666663,-0.65786085835618757,-0.625
125,-0.26432991749695084,-0.68099658416361752,-0.68099658416361752
126,-0.20833333333333326,-0.6913191604357134,-0.6913191604357134
127,-0.20833333333333326,-0.625,-0.74916362569487305
128,-0.2978774336381218,-0.625,-0.71454410030478854
129,-0.2978774336381218,-0.71454410030478854,-0.625
130,-0.20833333333333326,-0.74916362569487305,-0.625
131,-0.077311955383989217,-0.70231195538398916,-0.70231195538398916
132,0,-0.70710678118654757,-0.70710678118654757
133,0,-0.625,-0.77831761495762319
134,-0.13559013829776045,-0.625,-0.76059013829776045
135,-0.13559013829776045,-0.76059013829776045,-0.625
136,0,-0.77831761495762342,-0.625
137,0.13753270329034059,-0.69580063004299286,-0.69580063004299286
138,0.20833333333333348,-0.6913191604357134,-0.6913191604357134
139,0.20833333333333348,-0.625,-0.74916362569487305
140,0.06499235377458816,-0.625,-0.76834097955874514
141,0.064992353774587924,-0.76834097955874536,-0.625
142,0.20833333333333348,-0.74916362569487305,-0.625
143,0.39500929583484778,-0.64665737083181896,-0.64665737083181896
144,0.41666666666666674,-0.64243305190791489,-0.64243305190791489
145,0.41666666666666674,-0.625,-0.65786085835618757
146,0.3607933423856754,-0.625,-0.68087332428099134
147,0.3607933423856754,-0.68087332428099134,-0.625
148,0.41666666666666674,-0.65786085835618757,-0.625
149,0.46180883592651728,-0.625,-0.625
150,-0.63832979332749695,-0.42999645999416358,-0.63832979332749695
151,-0.625,-0.43668361250095866,-0.64501694583429203
152,-0.625,-0.41666666666666663,-0.65786085835618757
153,-0.64243305190791489,-0.41666666666666663,-0.64243305190791489
154,-0.65786085835618757,-0.41666666666666663,-0.625
155,-0.64501694583429203,-0.43668361250095866,-0.625
156,-0.625,-0.46180883592651717,-0.625
157,-0.49923830316028922,-0.49923830316028922,-0.70757163649362254
158,-0.41666666666666663,-0.52840442302145618,-0.73673775635478944
159,-0.41666666666666663,-0.41666666666666663,-0.80675591240949784
160,-0.52840442302145618,-0.41666666666666663,-0.73673775635478944
161,-0.54808652804850111,-0.54808652804850111,-0.625
162,-0.3424903451548702,-0.55082367848820357,-0.75915701182153683
163,-0.20833333333333326,-0.57910529676078781,-0.78743863009412107
164,-0.39884904598770987,-0.41666666666666663,-0.8155157126543765
165,-0.16662120956125451,-0.58328787622792122,-0.79162120956125448
166,0,-0.59511961362686105,-0.80345294696019443
167,0.033112338586265014,-0.59188766141373506,-0.80022099474706831
168,0.20833333333333348,-0.57910529676078781,-0.78743863009412107
169,0.27216655956987273,-0.56116677376346069,-0.76950010709679406
170,0.41666666666666674,-0.52840442302145618,-0.73673775635478944
171,0.41666666666666674,-0.41666666666666663,-0.80675591240949784
172,0.59213914164381243,-0.44952752502285431,-0.65786085835618757
173,0.625,-0.43668361250095866,-0.64501694583429203
174,0.625,-0.41666666666666663,-0.65786085835618757
175,0.5155368133626187,-0.41666666666666663,-0.7344631866373813
176,0.625,-0.46180883592651717,-0.625
177,0.65786085835618757,-0.41666666666666663,-0.625
178,-0.68099658416361752,-0.26432991749695084,-0.68099658416361752
179,-0.625,-0.2978774336381218,-0.71454410030478854
180,-0.625,-0.20833333333333326,-0.74916362569487305
181,-0.6913191604357134,-0.20833333333333326,-0.6913191604357134
182,-0.74916362569487305,-0.20833333333333326,-0.625
183,-0.71454410030478854,-0.2978774336381218,-0.625
184,-0.55082367848820357,-0.3424903451548702,-0.75915701182153683
185,-0.41666666666666663,-0.39884904598770987,-0.8155157126543765
186,-0.57910529676078781,-0.20833333333333326,-0.78743863009412107
187,-0.40363499543513642,-0.40363499543513642,-0.820301662101803
188,0.41666666666666674,-0.39884904598770982,-0.8155157126543765
189,0.45484750184786976,-0.37848583148546355,-0.79515249815213018
190,0.625,-0.2978774336381218,-0.71454410030478854
191,0.625,-0.20833333333333326,-0.74916362569487305
192,0.74916362569487305,-0.20833333333333326,-0.625
193,0.68087332428099123,-0.3607933423856754,-0.625
194,-0.70231195538398916,-0.077311955383989217,-0.70231195538398916
195,-0.625,-0.13559013829776045,-0.76059013829776045
196,-0.625,0,-0.77831761495762319
197,-0.70710678118654757,0,-0.70710678118654757
198,-0.77831761495762342,0,-0.625
199,-0.76059013829776045,-0.13559013829776045,-0.625
200,-0.58328787622792122,-0.16662120956125451,-0.79162120956125448
201,-0.59511961362686105,0,-0.80345294696019443
202,0.625,-0.13559013829776045,-0.76059013829776045
203,0.625,0,-0.77831761495762319
204,0.7783176149576233,0,-0.625
205,0.76834097955874536,-0.064992353774588035,-0.625
206,-0.69580063004299286,0.13753270329034059,-0.69580063004299286
207,-0.625,0.06499235377458816,-0.76834097955874514
208,-0.625,0.20833333333333348,-0.74916362569487305
209,-0.6913191604357134,0.20833333333333348,-0.6913191604357134
210,-0.74916362569487283,0.20833333333333348,-0.625
211,-0.76834097955874536,0.064992353774587924,-0.625
212,-0.59188766141373506,0.033112338586265014,-0.80022099474706831
213,-0.57910529676078781,0.20833333333333348,-0.78743863009412107
214,0.625,0.06499235377458816,-0.76834097955874514
215,0.625,0.20833333333333348,-0.74916362569487305
216,0.74916362569487294,0.20833333333333348,-0.625
217,0.76059013829776045,0.13559013829776043,-0.625
218,-0.64665737083181896,0.39500929583484778,-0.64665737083181896
219,-0.625,0.3607933423856754,-0.68087332428099134
220,-0.625,0.41666666666666674,-0.65786085835618757
221,-0.64243305190791489,0.41666666666666674,-0.64243305190791489
222,-0.65786085835618757,0.41666666666666674,-0.625
223,-0.68087332428099123,0.36079334238567551,-0.625
224,-0.56116677376346069,0.27216655956987273,-0.76950010709679406
225,-0.41666666666666663,0.41666666666666674,-0.80675591240949784
226,-0.52840442302145618,0.41666666666666674,-0.73673775635478944
227,-0.39884904598770987,0.41666666666666674,-0.8155157126543765
228,0.41666666666666674,0.41666666666666674,-0.80675591240949762
229,0.625,0.3607933423856754,-0.68087332428099134
230,0.625,0.41666666666666674,-0.65786085835618757
231,0.51553681336261925,0.41666666666666674,-0.73446318663738075
232,0.65786085835618757,0.41666666666666674,-0.625
233,0.71454410030478843,0.29787743363812186,-0.625
234,-0.625,0.46180883592651728,-0.625
235,-0.44952752502285431,0.59213914164381243,-0.65786085835618757
236,-0.41666666666666663,0.5155368133626187,-0.7344631866373813
237,-0.41666666666666663,0.625,-0.65786085835618757
238,-0.43668361250095866,0.625,-0.64501694583429203
239,-0.46180883592651717,0.625,-0.625
240,-0.37848583148546355,0.45484750184786976,-0.79515249815213018
241,-0.20833333333333326,0.625,-0.74916362569487305
242,-0.2978774336381218,0.625,-0.71454410030478854
243,0,0.625,-0.77831761495762319
244,-0.13559013829776045,0.625,-0.76059013829776045
245,0.20833333333333348,0.625,-0.74916362569487305
246,0.06499235377458816,0.625,-0.76834097955874514
247,0.41666666666666674,0.51553681336261925,-0.73446318663738075
248,0.41666666666666674,0.625,-0.65786085835618757
249,0.3607933423856754,0.625,-0.68087332428099134
250,0.46180883592651728,0.625,-0.625
251,0.54808652804850111,0.54808652804850111,-0.625
252,0.625,0.46180883592651728,-0.625
253,0.64501694583429203,0.43668361250095872,-0.625
254,-0.41666666666666663,0.65786085835618757,-0.625
255,-0.3607933423856754,0.68087332428099123,-0.625
256,-0.20833333333333326,0.74916362569487305,-0.625
257,-0.064992353774588035,0.76834097955874536,-0.625
258,0,0.7783176149576233,-0.625
259,0.13559013829776043,0.76059013829776045,-0.625
260,0.20833333333333348,0.74916362569487294,-0.625
261,0.29787743363812186,0.71454410030478843,-0.625
262,0.41666666666666674,0.65786085835618757,-0.625
263,0.43668361250095872,0.64501694583429203,-0.625
264,-0.23696883292142218,-0.86196883292142212,-0.44530216625475555
265,-0.20833333333333326,-0.86730153082164096,-0.45063486415497434
266,-0.20833333333333326,-0.83333333333333326,-0.504375587914065
267,-0.26477158988352922,-0.83333333333333326,-0.47310492321686259
268,-0.35149448235159025,-0.83333333333333326,-0.41666666666666663
269,-0.24731546661448267,-0.87231546661448267,-0.41666666666666663
270,-0.20833333333333326,-0.88396401157439219,-0.41666666666666663
271,-0.047304478225419916,-0.8806378115587532,-0.46397114489208657
272,0,-0.88360136991733373,-0.4669347032506671
273,0,-0.83333333333333326,-0.5460655337083371
274,-0.10895964400210396,-0.83333333333333326,-0.52562631066877064
275,-0.067959123258628712,-0.901292456591962,-0.41666666666666663
276,0,-0.90814478010784749,-0.41666666666666663
277,0.17204881411425169,-0.86961785255241508,-0.4529511858857484
278,0.20833333333333348,-0.86730153082164096,-0.45063486415497434
279,0.20833333333333348,-0.83333333333333326,-0.504375587914065
280,0.099818496822456429,-0.83333333333333326,-0.52518150317754364
281,0.15189507678313757,-0.88977158988352922,-0.41666666666666663
282,0.20833333333333348,-0.88396401157439208,-0.41666666666666663
283,0.35149448235159042,-0.83333333333333326,-0.41666666666666663
284,-0.63832979332749695,-0.63832979332749695,-0.42999645999416358
285,-0.625,-0.64501694583429203,-0.43668361250095866
286,-0.625,-0.625,-0.46180883592651717
287,-0.64501694583429203,-0.625,-0.43668361250095866
288,-0.65786085835618757,-0.625,-0.41666666666666663
289,-0.64243305190791489,-0.64243305190791489,-0.41666666666666663
290,-0.625,-0.65786085835618757,-0.41666666666666663
291,-0.49923830316028922,-0.70757163649362254,-0.49923830316028922
292,-0.41666666666666663,-0.73673775635478944,-0.52840442302145618
293,-0.54808652804850111,-0.625,-0.54808652804850111
294,-0.52840442302145618,-0.73673775635478944,-0.41666666666666663
295,-0.41666666666666663,-0.80675591240949784,-0.41666666666666663
296,-0.3424903451548702,-0.75915701182153683,-0.55082367848820357
297,-0.20833333333333326,-0.78743863009412107,-0.57910529676078781
298,-0.39884904598770987,-0.8155157126543765,-0.41666666666666663
299,-0.16662120956125451,-0.79162120956125448,-0.58328787622792122
300,0,-0.80345294696019454,-0.59511961362686128
301,0.033112338586264861,-0.80022099474706843,-0.59188766141373517
302,0.20833333333333348,-0.78743863009412107,-0.57910529676078781
303,0.27216655956987273,-0.76950010709679406,-0.56116677376346069
304,0.41666666666666674,-0.73673775635478944,-0.52840442302145618
305,0.41666666666666674,-0.80675591240949784,-0.41666666666666663
306,0.59213914164381243,-0.65786085835618757,-0.44952752502285431
307,0.625,-0.64501694583429203,-0.43668361250095866
308,0.625,-0.625,-0.46180883592651717
309,0.5155368133626187,-0.7344631866373813,-0.41666666666666663
310,0.625,-0.65786085835618757,-0.41666666666666663
311,0.65786085835618757,-0.625,-0.41666666666666663
312,-0.70757163649362254,-0.49923830316028922,-0.49923830316028922
313,-0.625,-0.54808652804850111,-0.54808652804850111
314,-0.73673775635478944,-0.41666666666666663,-0.52840442302145618
315,-0.80675591240949784,-0.41666666666666663,-0.41666666666666663
316,-0.73673775635478944,-0.52840442302145618,-0.41666666666666663
317,-0.57735026918962573,-0.57735026918962573,-0.57735026918962573
318,0.625,-0.54808652804850111,-0.54808652804850111
319,0.73446318663738086,-0.41666666666666663,-0.51553681336261914
320,0.80675591240949784,-0.41666666666666663,-0.41666666666666663
321,0.73446318663738086,-0.51553681336261914,-0.41666666666666663
322,-0.86196883292142212,-0.23696883292142218,-0.44530216625475555
323,-0.83333333333333326,-0.26477158988352922,-0.47310492321686259
324,-0.83333333333333326,-0.20833333333333326,-0.504375587914065
325,-0.86730153082164096,-0.20833333333333326,-0.45063486415497434
326,-0.88396401157439219,-0.20833333333333326,-0.41666666666666663
327,-0.87231546661448278,-0.24731546661448273,-0.41666666666666663
328,-0.83333333333333326,-0.35149448235159025,-0.41666666666666663
329,-0.75915701182153683,-0.3424903451548702,-0.55082367848820357
330,-0.78743863009412107,-0.20833333333333326,-0.57910529676078781
331,-0.8155157126543765,-0.39884904598770987,-0.41666666666666663
332,0.83333333333333348,-0.26477158988352895,-0.47310492321686232
333,0.83333333333333348,-0.20833333333333326,-0.50437558791406456
334,0.83333333333333348,-0.35149448235158953,-0.41666666666666663
335,0.88396401157439219,-0.20833333333333326,-0.41666666666666663
336,-0.8806378115587532,-0.047304478225419916,-0.46397114489208657
337,-0.83333333333333326,-0.10895964400210396,-0.52562631066877064
338,-0.83333333333333326,0,-0.5460655337083371
339,-0.88360136991733373,0,-0.4669347032506671
340,-0.90814478010784749,0,-0.41666666666666663
341,-0.901292456591962,-0.067959123258628712,-0.41666666666666663
342,-0.79162120956125448,-0.16662120956125451,-0.58328787622792122
343,-0.80345294696019454,0,-0.59511961362686128
344,0.83333333333333348,-0.1089596440021036,-0.5256263106687703
345,0.83333333333333348,0,-0.54606553370833666
346,0.90814478010784749,0,-0.41666666666666663
347,0.88977158988352911,-0.15189507678313768,-0.41666666666666663
348,-0.86961785255241497,0.17204881411425174,-0.45295118588574834
349,-0.83333333333333326,0.099818496822456554,-0.52518150317754353
350,-0.83333333333333326,0.20833333333333348,-0.50437558791406467
351,-0.86730153082164085,0.20833333333333348,-0.45063486415497422
352,-0.88396401157439197,0.20833333333333348,-0.41666666666666663
353,-0.88977158988352911,0.15189507678313766,-0.41666666666666663
354,-0.80022099474706843,0.033112338586264861,-0.59188766141373517
355,-0.78743863009412096,0.20833333333333348,-0.5791052967607877
356,0.83333333333333348,0.099818496822456956,-0.52518150317754309
357,0.83333333333333348,0.20833333333333348,-0.50437558791406456
358,0.88396401157439208,0.20833333333333348,-0.41666666666666663
359,0.901292456591962,0.067959123258628476,-0.41666666666666663
360,-0.83333333333333326,0.35149448235159031,-0.41666666666666663
361,-0.76950010709679384,0.2721665595698729,-0.56116677376346058
362,-0.73673775635478944,0.41666666666666674,-0.52840442302145618
363,-0.80675591240949784,0.41666666666666674,-0.41666666666666663
364,0.79515249815213007,0.37848583148546333,-0.45484750184787004
365,0.73446318663738086,0.41666666666666674,-0.51553681336261914
366,0.80675591240949784,0.41666666666666674,-0.41666666666666663
367,0.8155157126543765,0.39884904598770976,-0.41666666666666663
368,0.83333333333333348,0.3514944823515897,-0.41666666666666663
369,0.87231546661448278,0.24731546661448273,-0.41666666666666663
370,-0.65786085835618757,0.59213914164381243,-0.44952752502285431
371,-0.625,0.625,-0.46180883592651717
372,-0.64501694583429203,0.625,-0.43668361250095866
373,-0.65786085835618757,0.625,-0.41666666666666663
374,-0.7344631866373813,0.5155368133626187,-0.41666666666666663
375,-0.54808652804850111,0.625,-0.54808652804850111
376,0.625,0.625,-0.46180883592651717
377,0.65786085835618757,0.44952752502285431,-0.59213914164381243
378,0.65786085835618757,0.625,-0.41666666666666663
379,0.73673775635478944,0.52840442302145607,-0.41666666666666663
380,-0.625,0.65786085835618757,-0.41666666666666663
381,-0.41666666666666663,0.73446318663738086,-0.51553681336261914
382,-0.51553681336261914,0.73446318663738086,-0.41666666666666663
383,-0.41666666666666663,0.80675591240949784,-0.41666666666666663
384,-0.20833333333333326,0.83333333333333348,-0.50437558791406456
385,-0.26477158988352895,0.83333333333333348,-0.47310492321686232
386,-0.35149448235158953,0.83333333333333348,-0.41666666666666663
387,0,0.83333333333333348,-0.54606553370833666
388,-0.1089596440021036,0.83333333333333348,-0.5256263106687703
389,0.20833333333333348,0.83333333333333348,-0.50437558791406456
390,0.099818496822456956,0.83333333333333348,-0.52518150317754309
391,0.37848583148546333,0.79515249815213007,-0.45484750184787004
392,0.41666666666666674,0.73446318663738086,-0.51553681336261914
393,0.3514944823515897,0.83333333333333348,-0.41666666666666663
394,0.39884904598770976,0.8155157126543765,-0.41666666666666663
395,0.41666666666666674,0.80675591240949784,-0.41666666666666663
396,0.44952752502285431,0.65786085835618757,-0.59213914164381243
397,0.52840442302145607,0.73673775635478944,-0.41666666666666663
398,0.625,0.65786085835618757,-0.41666666666666663
399,0.642433051907915,0.642433051907915,-0.41666666666666663
400,-0.20833333333333326,0.88396401157439219,-0.41666666666666663
401,-0.15189507678313768,0.88977158988352911,-0.41666666666666663
402,0,0.90814478010784749,-0.41666666666666663
403,0.067959123258628476,0.901292456591962,-0.41666666666666663
404,0.20833333333333348,0.88396401157439208,-0.41666666666666663
405,0.24731546661448273,0.87231546661448278,-0.41666666666666663
406,-0.44530216625475555,-0.86196883292142212,-0.23696883292142218
407,-0.41666666666666663,-0.87231546661448267,-0.24731546661448267
408,-0.41666666666666663,-0.83333333333333326,-0.35149448235159025
409,-0.47310492321686259,-0.83333333333333326,-0.26477158988352922
410,-0.504375587914065,-0.83333333333333326,-0.20833333333333326
411,-0.45063486415497434,-0.86730153082164096,-0.20833333333333326
412,-0.41666666666666663,-0.88396401157439219,-0.20833333333333326
413,-0.28564528871732248,-0.91064528871732253,-0.28564528871732248
414,-0.20833333333333326,-0.92738642328430632,-0.30238642328430626
415,-0.38524885896057487,-0.83333333333333326,-0.38524885896057487
416,-0.30238642328430626,-0.92738642328430632,-0.20833333333333326
417,-0.20833333333333326,-0.95511109356749535,-0.20833333333333326
418,-0.10414118881314607,-0.93747452214647942,-0.31247452214647942
419,0,-0.94507108968812281,-0.3200710896881227
420,-0.13141986138183437,-0.96475319471516774,-0.20833333333333326
421,0,-0.97783344043012732,-0.20833333333333326
422,0.10670176032525648,-0.93496490634141027,-0.30996490634141022
423,0.20833333333333348,-0.9273864232843062,-0.3023864232843062
424,0.072743195035572999,-0.96892347163109371,-0.20833333333333326
425,0.20833333333333348,-0.95511109356749535,-0.20833333333333326
426,0.36603598842560803,-0.88396401157439197,-0.25896401157439197
427,0.41666666666666674,-0.87231546661448256,-0.24731546661448259
428,0.41666666666666674,-0.83333333333333326,-0.35149448235159014
429,0.34284259843060605,-0.90715740156939395,-0.20833333333333326
430,0.41666666666666674,-0.88396401157439208,-0.20833333333333326
431,0.50437558791406489,-0.83333333333333326,-0.20833333333333326
432,-0.68099658416361752,-0.68099658416361752,-0.26432991749695078
433,-0.625,-0.71454410030478854,-0.2978774336381218
434,-0.71454410030478854,-0.625,-0.2978774336381218
435,-0.74916362569487305,-0.625,-0.20833333333333326
436,-0.6913191604357134,-0.6913191604357134,-0.20833333333333326
437,-0.625,-0.74916362569487305,-0.20833333333333326
438,-0.55082367848820357,-0.75915701182153683,-0.3424903451548702
439,-0.41666666666666663,-0.8155157126543765,-0.39884904598770987
440,-0.57910529676078781,-0.78743863009412107,-0.20833333333333326
441,-0.40363499543513642,-0.820301662101803,-0.40363499543513642
442,0.41666666666666674,-0.8155157126543765,-0.39884904598770982
443,0.45484750184786982,-0.79515249815213018,-0.37848583148546355
444,0.625,-0.71454410030478854,-0.2978774336381218
445,0.625,-0.74916362569487305,-0.20833333333333326
446,0.68087332428099123,-0.625,-0.3607933423856754
447,0.74916362569487294,-0.625,-0.20833333333333326
448,-0.86196883292142212,-0.44530216625475555,-0.23696883292142218
449,-0.83333333333333326,-0.47310492321686259,-0.26477158988352922
450,-0.83333333333333326,-0.41666666666666663,-0.35149448235159025
451,-0.87231546661448278,-0.41666666666666663,-0.24731546661448273
452,-0.88396401157439219,-0.41666666666666663,-0.20833333333333326
453,-0.86730153082164096,-0.45063486415497434,-0.20833333333333326
454,-0.83333333333333326,-0.504375587914065,-0.20833333333333326
455,-0.75915701182153683,-0.55082367848820357,-0.3424903451548702
456,-0.8155157126543765,-0.41666666666666663,-0.39884904598770987
457,-0.78743863009412107,-0.57910529676078781,-0.20833333333333326
458,0.83333333333333348,-0.47310492321686232,-0.26477158988352895
459,0.83333333333333348,-0.41666666666666663,-0.35149448235158953
460,0.83333333333333348,-0.50437558791406456,-0.20833333333333326
461,0.88396401157439219,-0.41666666666666663,-0.20833333333333326
462,-0.91064528871732264,-0.28564528871732253,-0.28564528871732253
463,-0.83333333333333326,-0.38524885896057487,-0.38524885896057487
464,-0.92738642328430632,-0.20833333333333326,-0.30238642328430626
465,-0.95511109356749535,-0.20833333333333326,-0.20833333333333326
466,-0.92738642328430632,-0.30238642328430626,-0.20833333333333326
467,-0.820301662101803,-0.40363499543513642,-0.40363499543513642
468,0.83333333333333348,-0.38524885896057454,-0.38524885896057454
469,0.90715740156939417,-0.20833333333333326,-0.34284259843060605
470,0.95511109356749546,-0.20833333333333326,-0.20833333333333326
471,0.90715740156939417,-0.34284259843060605,-0.20833333333333326
472,-0.93747452214647942,-0.10414118881314607,-0.31247452214647942
473,-0.94507108968812281,0,-0.3200710896881227
474,-0.97783344043012732,0,-0.20833333333333326
475,-0.96475319471516774,-0.13141986138183437,-0.20833333333333326
476,0.9210422545807313,-0.12062441208593558,-0.32895774541926892
477,0.94229297733543704,0,-0.30770702266456318
478,0.97783344043012732,0,-0.20833333333333326
479,0.96892347163109371,-0.072743195035573166,-0.20833333333333326
480,-0.93496490634141027,0.10670176032525652,-0.30996490634141016
481,-0.9273864232843062,0.20833333333333348,-0.30238642328430609
482,-0.95511109356749524,0.20833333333333348,-0.20833333333333326
483,-0.96892347163109371,0.072743195035573041,-0.20833333333333326
484,0.92767512308765809,0.094341789754324584,-0.32232487691234213
485,0.90715740156939395,0.20833333333333348,-0.34284259843060616
486,0.95511109356749535,0.20833333333333348,-0.20833333333333326
487,0.96475319471516774,0.13141986138183431,-0.20833333333333326
488,-0.88396401157439197,0.36603598842560803,-0.25896401157439197
489,-0.83333333333333326,0.41666666666666674,-0.35149448235159014
490,-0.87231546661448256,0.41666666666666674,-0.24731546661448259
491,-0.88396401157439208,0.41666666666666674,-0.20833333333333326
492,-0.90715740156939395,0.34284259843060605,-0.20833333333333326
493,-0.8155157126543765,0.41666666666666674,-0.39884904598770982
494,0.83333333333333348,0.41666666666666674,-0.35149448235158953
495,0.88396401157439219,0.25896401157439208,-0.36603598842560797
496,0.88396401157439219,0.41666666666666674,-0.20833333333333326
497,0.92738642328430632,0.30238642328430626,-0.20833333333333326
498,-0.83333333333333326,0.50437558791406489,-0.20833333333333326
499,-0.79515249815213018,0.45484750184786982,-0.37848583148546355
500,-0.71454410030478854,0.625,-0.2978774336381218
501,-0.74916362569487305,0.625,-0.20833333333333326
502,0.76950010709679395,0.56116677376346058,-0.27216655956987268
503,0.68087332428099123,0.625,-0.3607933423856754
504,0.74916362569487294,0.625,-0.20833333333333326
505,0.78743863009412118,0.5791052967607877,-0.20833333333333326
506,0.83333333333333348,0.50437558791406456,-0.20833333333333326
507,0.86730153082164096,0.45063486415497422,-0.20833333333333326
508,-0.625,0.68087332428099123,-0.3607933423856754
509,-0.625,0.74916362569487294,-0.20833333333333326
510,-0.41666666666666663,0.83333333333333348,-0.35149448235158953
511,-0.47310492321686232,0.83333333333333348,-0.26477158988352895
512,-0.50437558791406456,0.83333333333333348,-0.20833333333333326
513,-0.38524885896057454,0.83333333333333348,-0.38524885896057454
514,0.41666666666666674,0.83333333333333348,-0.35149448235158953
515,0.56116677376346058,0.76950010709679395,-0.27216655956987268
516,0.625,0.68087332428099123,-0.3607933423856754
517,0.50437558791406456,0.83333333333333348,-0.20833333333333326
518,0.5791052967607877,0.78743863009412118,-0.20833333333333326
519,0.625,0.74916362569487294,-0.20833333333333326
520,0.64665737083181896,0.64665737083181896,-0.39500929583484767
521,0.6913191604357134,0.6913191604357134,-0.20833333333333326
522,-0.41666666666666663,0.88396401157439219,-0.20833333333333326
523,-0.20833333333333326,0.90715740156939417,-0.34284259843060605
524,-0.34284259843060605,0.90715740156939417,-0.20833333333333326
525,-0.20833333333333326,0.95511109356749546,-0.20833333333333326
526,-0.12062441208593558,0.9210422545807313,-0.32895774541926892
527,0,0.94229297733543704,-0.30770702266456318
528,-0.072743195035573166,0.96892347163109371,-0.20833333333333326
529,0,0.97783344043012732,-0.20833333333333326
530,0.094341789754324584,0.92767512308765809,-0.32232487691234213
531,0.20833333333333348,0.90715740156939395,-0.34284259843060616
532,0.13141986138183431,0.96475319471516774,-0.20833333333333326
533,0.20833333333333348,0.95511109356749535,-0.20833333333333326
534,0.25896401157439208,0.88396401157439219,-0.36603598842560797
535,0.30238642328430626,0.92738642328430632,-0.20833333333333326
536,0.41666666666666674,0.88396401157439219,-0.20833333333333326
537,0.45063486415497422,0.86730153082164096,-0.20833333333333326
538,-0.46397114489208657,-0.8806378115587532,-0.047304478225419916
539,-0.41666666666666663,-0.901292456591962,-0.067959123258628712
540,-0.52562631066877064,-0.83333333333333326,-0.10895964400210396
541,-0.5460655337083371,-0.83333333333333326,0
542,-0.4669347032506671,-0.88360136991733373,0
543,-0.41666666666666663,-0.90814478010784749,0
544,-0.31247452214647942,-0.93747452214647942,-0.10414118881314607
545,-0.20833333333333326,-0.96475319471516774,-0.13141986138183437
546,-0.3200710896881227,-0.94507108968812281,0
547,-0.20833333333333326,-0.97783344043012732,0
548,-0.1393356427682822,-0.97266897610161562,-0.1393356427682822
549,0,-0.98498365855987979,-0.15165032522654631
550,-0.15165032522654631,-0.98498365855987979,0
551,0,-1,0
552,0.063833226236539434,-0.97783344043012732,-0.14450010709679389
553,0.20833333333333348,-0.96475319471516774,-0.13141986138183437
554,0.04751617513342539,-0.99415049153324131,0
555,0.20833333333333348,-0.97783344043012732,0
556,0.32232487691234202,-0.92767512308765809,-0.094341789754324709
557,0.41666666666666674,-0.901292456591962,-0.067959123258628601
558,0.30770702266456307,-0.94229297733543704,0
559,0.41666666666666674,-0.90814478010784738,0
560,0.52518150317754353,-0.83333333333333326,-0.099818496822456443
561,0.5460655337083371,-0.83333333333333326,0
562,-0.70231195538398927,-0.70231195538398927,-0.077311955383989245
563,-0.625,-0.76059013829776045,-0.13559013829776045
564,-0.76059013829776045,-0.625,-0.13559013829776045
565,-0.77831761495762319,-0.625,0
566,-0.70710678118654757,-0.70710678118654757,0
567,-0.625,-0.77831761495762342,0
568,-0.58328787622792122,-0.79162120956125448,-0.16662120956125451
569,-0.59511961362686128,-0.80345294696019454,0
570,0.625,-0.76059013829776045,-0.13559013829776045
571,0.625,-0.77831761495762342,0
572,0.76834097955874536,-0.625,-0.064992353774588091
573,0.7783176149576233,-0.625,0
574,-0.8806378115587532,-0.46397114489208657,-0.047304478225419916
575,-0.83333333333333326,-0.52562631066877064,-0.10895964400210396
576,-0.901292456591962,-0.41666666666666663,-0.067959123258628712
577,-0.90814478010784749,-0.41666666666666663,0
578,-0.88360136991733373,-0.4669347032506671,0
579,-0.83333333333333326,-0.54606553370833688,0
580,-0.79162120956125448,-0.58328787622792122,-0.16662120956125451
581,-0.80345294696019443,-0.59511961362686105,0
582,0.83333333333333348,-0.5256263106687703,-0.1089596440021036
583,0.83333333333333348,-0.54606553370833666,0
584,0.88977158988352911,-0.41666666666666663,-0.15189507678313768
585,0.90814478010784749,-0.41666666666666663,0
586,-0.93747452214647942,-0.31247452214647942,-0.10414118881314607
587,-0.96475319471516774,-0.20833333333333326,-0.13141986138183437
588,-0.97783344043012732,-0.20833333333333326,0
589,-0.94507108968812292,-0.32007108968812281,0
590,0.9210422545807313,-0.32895774541926892,-0.12062441208593558
591,0.96892347163109371,-0.20833333333333326,-0.072743195035573166
592,0.97783344043012732,-0.20833333333333326,0
593,0.94229297733543704,-0.30770702266456318,0
594,-0.97266897610161562,-0.1393356427682822,-0.1393356427682822
595,-0.98498365855987979,0,-0.15165032522654631
596,-1,0,0
597,-0.98498365855987979,-0.15165032522654631,0
598,0.98665094829095656,-0.055015718375710343,-0.055015718375710343
599,0.99415049153324131,0,-0.047516175133425598
600,1,0,0
601,0.99415049153324131,-0.047516175133425598,0
602,-0.97783344043012721,0.063833226236539475,-0.14450010709679384
603,-0.96475319471516774,0.20833333333333348,-0.13141986138183434
604,-0.97783344043012721,0.20833333333333348,0
605,-0.99415049153324131,0.047516175133425417,0
606,0.97783344043012732,0.14450010709679384,-0.063833226236539586
607,0.96892347163109371,0.20833333333333348,-0.072743195035573166
608,0.97783344043012721,0.20833333333333348,0
609,0.98498365855987979,0.15165032522654628,0
610,-0.92767512308765809,0.32232487691234202,-0.094341789754324709
611,-0.901292456591962,0.41666666666666674,-0.067959123258628601
612,-0.90814478010784738,0.41666666666666674,0
613,-0.94229297733543704,0.30770702266456307,0
614,0.93496490634141027,0.30996490634141016,-0.10670176032525655
615,0.88977158988352911,0.41666666666666674,-0.15189507678313768
616,0.90814478010784749,0.41666666666666674,0
617,0.94507108968812281,0.32007108968812265,0
618,-0.83333333333333326,0.52518150317754331,-0.09981849682245672
619,-0.83333333333333326,0.54606553370833677,0
620,-0.76059013829776045,0.625,-0.13559013829776045
621,-0.77831761495762319,0.625,0
622,0.80022099474706843,0.59188766141373494,-0.033112338586265
623,0.83333333333333348,0.52518150317754309,-0.099818496822456859
624,0.76834097955874536,0.625,-0.064992353774588091
625,0.7783176149576233,0.625,0
626,0.80345294696019454,0.59511961362686105,0
627,0.83333333333333348,0.54606553370833666,0
628,0.86961785255241508,0.45295118588574834,-0.17204881411425166
629,0.88360136991733385,0.46693470325066705,0
630,-0.625,0.76834097955874536,-0.064992353774588091
631,-0.625,0.7783176149576233,0
632,-0.5256263106687703,0.83333333333333348,-0.1089596440021036
633,-0.54606553370833666,0.83333333333333348,0
634,0.59188766141373494,0.80022099474706843,-0.033112338586265
635,0.625,0.76834097955874536,-0.064992353774588091
636,0.52518150317754309,0.83333333333333348,-0.099818496822456859
637,0.54606553370833666,0.83333333333333348,0
638,0.59511961362686105,0.80345294696019454,0
639,0.625,0.7783176149576233,0
640,0.69580063004299275,0.69580063004299275,-0.13753270329034056
641,0.70710678118654746,0.70710678118654746,0
642,-0.41666666666666663,0.88977158988352911,-0.15189507678313768
643,-0.41666666666666663,0.90814478010784749,0
644,-0.32895774541926892,0.9210422545807313,-0.12062441208593558
645,-0.20833333333333326,0.96892347163109371,-0.072743195035573166
646,-0.30770702266456318,0.94229297733543704,0
647,-0.20833333333333326,0.97783344043012732,0
648,-0.055015718375710343,0.98665094829095656,-0.055015718375710343
649,0,0.99415049153324131,-0.047516175133425598
650,-0.047516175133425598,0.99415049153324131,0
651,0,1,0
652,0.14450010709679384,0.97783344043012732,-0.063833226236539586
653,0.20833333333333348,0.96892347163109371,-0.072743195035573166
654,0.15165032522654628,0.98498365855987979,0
655,0.20833333333333348,0.97783344043012732,0
656,0.30996490634141016,0.93496490634141027,-0.10670176032525655
657,0.41666666666666674,0.88977158988352911,-0.15189507678313768
658,0.3200710896881227,0.94507108968812281,0
659,0.41666666666666674,0.90814478010784749,0
660,0.45295118588574834,0.86961785255241508,-0.17204881411425166
661,0.46693470325066705,0.88360136991733385,0
662,-0.4529511858857484,-0.86961785255241508,0.17204881411425169
663,-0.41666666666666663,-0.88977158988352922,0.15189507678313757
664,-0.52518150317754364,-0.83333333333333326,0.099818496822456429
665,-0.504375587914065,-0.83333333333333326,0.20833333333333348
666,-0.45063486415497434,-0.86730153082164096,0.20833333333333348
667,-0.41666666666666663,-0.88396401157439208,0.20833333333333348
668,-0.30996490634141022,-0.93496490634141027,0.10670176032525648
669,-0.20833333333333326,-0.96892347163109371,0.072743195035572999
670,-0.3023864232843062,-0.9273864232843062,0.20833333333333348
671,-0.20833333333333326,-0.95511109356749535,0.20833333333333348
672,-0.14450010709679389,-0.97783344043012732,0.063833226236539434
673,0,-0.99415049153324131,0.04751617513342539
674,-0.13141986138183437,-0.96475319471516774,0.20833333333333348
675,0,-0.97783344043012732,0.20833333333333348
676,0.055015718375710107,-0.98665094829095668,0.055015718375710107
677,0.20833333333333348,-0.96892347163109371,0.072743195035572999
678,0.072743195035572999,-0.96892347163109371,0.20833333333333348
679,0.20833333333333348,-0.95511109356749535,0.20833333333333348
680,0.32895774541926875,-0.9210422545807313,0.1206244120859354
681,0.41666666666666674,-0.88977158988352911,0.15189507678313766
682,0.34284259843060605,-0.90715740156939395,0.20833333333333348
683,0.41666666666666674,-0.88396401157439197,0.20833333333333348
684,0.52562631066877064,-0.83333333333333326,0.10895964400210399
685,0.50437558791406489,-0.83333333333333326,0.20833333333333348
686,-0.69580063004299286,-0.69580063004299286,0.13753270329034059
687,-0.625,-0.76834097955874536,0.064992353774587924
688,-0.76834097955874514,-0.625,0.06499235377458816
689,-0.74916362569487283,-0.625,0.20833333333333348
690,-0.6913191604357134,-0.6913191604357134,0.20833333333333348
691,-0.625,-0.74916362569487305,0.20833333333333348
692,-0.59188766141373517,-0.80022099474706843,0.033112338586264847
693,-0.57910529676078781,-0.78743863009412107,0.20833333333333348
694,0.625,-0.76834097955874536,0.064992353774587924
695,0.625,-0.74916362569487305,0.20833333333333348
696,0.76059013829776045,-0.625,0.13559013829776043
697,0.74916362569487294,-0.625,0.20833333333333348
698,-0.86961785255241508,-0.4529511858857484,0.17204881411425169
699,-0.83333333333333326,-0.52518150317754331,0.099818496822456707
700,-0.88977158988352922,-0.41666666666666663,0.15189507678313749
701,-0.88396401157439219,-0.41666666666666663,0.20833333333333348
702,-0.86730153082164096,-0.45063486415497434,0.20833333333333348
703,-0.83333333333333326,-0.50437558791406478,0.20833333333333348
704,-0.80022099474706831,-0.59188766141373506,0.033112338586265
705,-0.78743863009412096,-0.5791052967607877,0.20833333333333348
706,0.83333333333333348,-0.52518150317754309,0.099818496822456956
707,0.83333333333333348,-0.50437558791406456,0.20833333333333348
708,0.901292456591962,-0.41666666666666663,0.067959123258628476
709,0.88396401157439208,-0.41666666666666663,0.20833333333333348
710,-0.93496490634141038,-0.30996490634141033,0.10670176032525637
711,-0.96892347163109371,-0.20833333333333326,0.072743195035572999
712,-0.95511109356749535,-0.20833333333333326,0.20833333333333348
713,-0.92738642328430632,-0.30238642328430626,0.20833333333333348
714,0.92767512308765809,-0.32232487691234213,0.094341789754324584
715,0.96475319471516774,-0.20833333333333326,0.13141986138183431
716,0.95511109356749535,-0.20833333333333326,0.20833333333333348
717,0.90715740156939395,-0.34284259843060616,0.20833333333333348
718,-0.97783344043012732,-0.14450010709679389,0.063833226236539434
719,-0.99415049153324131,0,0.04751617513342539
720,-0.97783344043012732,0,0.20833333333333348
721,-0.96475319471516774,-0.13141986138183437,0.20833333333333348
722,0.97783344043012732,-0.063833226236539586,0.14450010709679384
723,0.98498365855987979,0,0.15165032522654628
724,0.97783344043012732,0,0.20833333333333348
725,0.96892347163109371,-0.072743195035573166,0.20833333333333348
726,-0.98665094829095656,0.055015718375710156,0.055015718375710156
727,-0.96892347163109371,0.20833333333333348,0.072743195035573041
728,-0.95511109356749524,0.20833333333333348,0.20833333333333348
729,-0.96892347163109371,0.072743195035573041,0.20833333333333348
730,0.97266897610161562,0.1393356427682822,0.1393356427682822
731,0.96475319471516774,0.20833333333333348,0.13141986138183426
732,0.95511109356749535,0.20833333333333348,0.20833333333333348
733,0.96475319471516774,0.13141986138183431,0.20833333333333348
734,-0.9210422545807313,0.32895774541926875,0.1206244120859354
735,-0.88977158988352911,0.41666666666666674,0.15189507678313766
736,-0.88396401157439197,0.41666666666666674,0.20833333333333348
737,-0.90715740156939395,0.34284259843060605,0.20833333333333348
738,0.93747452214647942,0.31247452214647931,0.10414118881314589
739,0.901292456591962,0.41666666666666674,0.067959123258628476
740,0.88396401157439208,0.41666666666666674,0.20833333333333348
741,0.92738642328430632,0.30238642328430615,0.20833333333333348
742,-0.83333333333333326,0.52562631066877041,0.10895964400210381
743,-0.83333333333333326,0.50437558791406478,0.20833333333333348
744,-0.76834097955874514,0.625,0.06499235377458816
745,-0.74916362569487283,0.625,0.20833333333333348
746,0.79162120956125459,0.58328787622792111,0.16662120956125456
747,0.83333333333333348,0.5256263106687703,0.10895964400210371
748,0.76059013829776045,0.625,0.13559013829776043
749,0.74916362569487294,0.625,0.20833333333333348
750,0.78743863009412118,0.5791052967607877,0.20833333333333348
751,0.83333333333333348,0.50437558791406456,0.20833333333333348
752,0.88063781155875331,0.46397114489208652,0.047304478225419826
753,0.86730153082164096,0.45063486415497422,0.20833333333333348
754,-0.625,0.76059013829776045,0.13559013829776043
755,-0.625,0.74916362569487294,0.20833333333333348
756,-0.52518150317754309,0.83333333333333348,0.099818496822456956
757,-0.50437558791406456,0.83333333333333348,0.20833333333333348
758,0.58328787622792111,0.79162120956125459,0.16662120956125456
759,0.625,0.76059013829776045,0.13559013829776043
760,0.5256263106687703,0.83333333333333348,0.10895964400210371
761,0.50437558791406456,0.83333333333333348,0.20833333333333348
762,0.5791052967607877,0.78743863009412118,0.20833333333333348
763,0.625,0.74916362569487294,0.20833333333333348
764,0.70231195538398927,0.70231195538398927,0.077311955383989231
765,0.6913191604357134,0.6913191604357134,0.20833333333333348
766,-0.41666666666666663,0.901292456591962,0.067959123258628476
767,-0.41666666666666663,0.88396401157439208,0.20833333333333348
768,-0.32232487691234213,0.92767512308765809,0.094341789754324584
769,-0.20833333333333326,0.96475319471516774,0.13141986138183431
770,-0.34284259843060616,0.90715740156939395,0.20833333333333348
771,-0.20833333333333326,0.95511109356749535,0.20833333333333348
772,-0.063833226236539586,0.97783344043012732,0.14450010709679384
773,0,0.98498365855987979,0.15165032522654628
774,-0.072743195035573166,0.96892347163109371,0.20833333333333348
775,0,0.97783344043012732,0.20833333333333348
776,0.1393356427682822,0.97266897610161562,0.1393356427682822
777,0.20833333333333348,0.96475319471516774,0.13141986138183431
778,0.13141986138183431,0.96475319471516774,0.20833333333333348
779,0.20833333333333348,0.95511109356749535,0.20833333333333348
780,0.31247452214647931,0.93747452214647942,0.10414118881314594
781,0.41666666666666674,0.901292456591962,0.067959123258628476
782,0.30238642328430615,0.92738642328430632,0.20833333333333348
783,0.41666666666666674,0.88396401157439208,0.20833333333333348
784,0.46397114489208652,0.88063781155875331,0.047304478225419826
785,0.45063486415497422,0.86730153082164096,0.20833333333333348
786,-0.41666666666666663,-0.83333333333333326,0.35149448235159042
787,-0.25896401157439197,-0.88396401157439197,0.36603598842560803
788,-0.20833333333333326,-0.90715740156939395,0.34284259843060605
789,-0.35149448235159014,-0.83333333333333326,0.41666666666666674
790,-0.24731546661448259,-0.87231546661448256,0.41666666666666674
791,-0.20833333333333326,-0.88396401157439208,0.41666666666666674
792,-0.094341789754324709,-0.92767512308765809,0.32232487691234202
793,0,-0.94229297733543704,0.30770702266456307
794,-0.067959123258628601,-0.901292456591962,0.41666666666666674
795,0,-0.90814478010784738,0.41666666666666674
796,0.1206244120859354,-0.9210422545807313,0.32895774541926875
797,0.20833333333333348,-0.90715740156939395,0.34284259843060605
798,0.15189507678313766,-0.88977158988352911,0.41666666666666674
799,0.20833333333333348,-0.88396401157439197,0.41666666666666674
800,0.41666666666666674,-0.83333333333333326,0.35149448235158981
801,0.3852488589605747,-0.83333333333333326,0.3852488589605747
802,0.35149448235158981,-0.83333333333333326,0.41666666666666674
803,0.47310492321686259,-0.83333333333333326,0.26477158988352933
804,-0.64665737083181896,-0.64665737083181896,0.39500929583484778
805,-0.625,-0.68087332428099134,0.3607933423856754
806,-0.68087332428099123,-0.625,0.36079334238567551
807,-0.65786085835618757,-0.625,0.41666666666666674
808,-0.64243305190791489,-0.64243305190791489,0.41666666666666674
809,-0.625,-0.65786085835618757,0.41666666666666674
810,-0.56116677376346069,-0.76950010709679406,0.27216655956987273
811,-0.52840442302145618,-0.73673775635478944,0.41666666666666674
812,-0.41666666666666663,-0.80675591240949784,0.41666666666666674
813,-0.39884904598770982,-0.8155157126543765,0.41666666666666674
814,0.41666666666666674,-0.80675591240949762,0.41666666666666674
815,0.625,-0.68087332428099134,0.3607933423856754
816,0.51553681336261925,-0.73446318663738075,0.41666666666666674
817,0.625,-0.65786085835618757,0.41666666666666674
818,0.71454410030478843,-0.625,0.29787743363812186
819,0.65786085835618757,-0.625,0.41666666666666674
820,-0.83333333333333326,-0.41666666666666663,0.35149448235159042
821,-0.76950010709679384,-0.56116677376346058,0.2721665595698729
822,-0.80675591240949784,-0.41666666666666663,0.41666666666666674
823,-0.73673775635478944,-0.52840442302145618,0.41666666666666674
824,0.79515249815213007,-0.45484750184787004,0.37848583148546333
825,0.83333333333333348,-0.41666666666666663,0.3514944823515897
826,0.8155157126543765,-0.41666666666666663,0.39884904598770976
827,0.80675591240949784,-0.41666666666666663,0.41666666666666674
828,0.73446318663738086,-0.51553681336261914,0.41666666666666674
829,0.87231546661448278,-0.41666666666666663,0.24731546661448273
830,-0.88396401157439208,-0.25896401157439208,0.36603598842560797
831,-0.90715740156939395,-0.20833333333333326,0.34284259843060605
832,-0.88396401157439208,-0.20833333333333326,0.41666666666666674
833,-0.87231546661448267,-0.24731546661448262,0.41666666666666674
834,-0.83333333333333326,-0.35149448235159014,0.41666666666666674
835,-0.8155157126543765,-0.39884904598770982,0.41666666666666674
836,0.83333333333333348,-0.35149448235158953,0.41666666666666674
837,0.88396401157439219,-0.36603598842560797,0.25896401157439208
838,0.92738642328430632,-0.20833333333333326,0.30238642328430626
839,0.88396401157439219,-0.20833333333333326,0.41666666666666674
840,-0.92767512308765809,-0.094341789754324709,0.32232487691234202
841,-0.94229297733543704,0,0.30770702266456307
842,-0.90814478010784738,0,0.41666666666666674
843,-0.901292456591962,-0.067959123258628601,0.41666666666666674
844,0.93496490634141027,-0.10670176032525655,0.30996490634141016
845,0.94507108968812281,0,0.3200710896881227
846,0.90814478010784749,0,0.41666666666666674
847,0.88977158988352911,-0.15189507678313768,0.41666666666666674
848,-0.9210422545807313,0.1206244120859354,0.32895774541926875
849,-0.90715740156939395,0.20833333333333348,0.34284259843060605
850,-0.88396401157439197,0.20833333333333348,0.41666666666666674
851,-0.88977158988352911,0.15189507678313766,0.41666666666666674
852,0.93747452214647942,0.10414118881314594,0.31247452214647931
853,0.92738642328430632,0.20833333333333348,0.30238642328430615
854,0.88396401157439197,0.20833333333333348,0.41666666666666674
855,0.901292456591962,0.067959123258628476,0.41666666666666674
856,-0.83333333333333326,0.3852488589605747,0.3852488589605747
857,-0.83333333333333326,0.41666666666666674,0.35149448235158981
858,-0.83333333333333326,0.35149448235158981,0.41666666666666674
859,-0.80675591240949762,0.41666666666666674,0.41666666666666674
860,0.82030166210180311,0.40363499543513637,0.40363499543513637
861,0.83333333333333348,0.38524885896057465,0.38524885896057465
862,0.83333333333333348,0.41666666666666674,0.3514944823515897
863,0.8155157126543765,0.41666666666666674,0.39884904598770976
864,0.80675591240949784,0.41666666666666674,0.41666666666666674
865,0.8155157126543765,0.39884904598770976,0.41666666666666674
866,0.83333333333333348,0.35149448235158959,0.41666666666666674
867,0.91064528871732264,0.28564528871732259,0.28564528871732259
868,0.87231546661448278,0.41666666666666674,0.24731546661448273
869,0.87231546661448267,0.24731546661448264,0.41666666666666674
870,-0.83333333333333326,0.47310492321686259,0.26477158988352933
871,-0.68087332428099123,0.625,0.36079334238567551
872,-0.65786085835618757,0.625,0.41666666666666674
873,-0.73446318663738075,0.51553681336261925,0.41666666666666674
874,0.75915701182153694,0.55082367848820346,0.3424903451548702
875,0.83333333333333348,0.47310492321686237,0.26477158988352911
876,0.71454410030478843,0.625,0.29787743363812186
877,0.65786085835618757,0.625,0.41666666666666674
878,0.73673775635478944,0.52840442302145607,0.41666666666666674
879,0.86196883292142223,0.44530216625475549,0.23696883292142223
880,-0.625,0.71454410030478843,0.29787743363812186
881,-0.625,0.65786085835618757,0.41666666666666674
882,-0.45484750184787004,0.79515249815213007,0.37848583148546333
883,-0.41666666666666663,0.8155157126543765,0.39884904598770976
884,-0.41666666666666663,0.83333333333333348,0.3514944823515897
885,-0.51553681336261914,0.73446318663738086,0.41666666666666674
886,-0.41666666666666663,0.80675591240949784,0.41666666666666674
887,-0.35149448235158953,0.83333333333333348,0.41666666666666674
888,0.40363499543513637,0.82030166210180311,0.40363499543513637
889,0.41666666666666674,0.8155157126543765,0.39884904598770976
890,0.41666666666666674,0.83333333333333348,0.3514944823515897
891,0.38524885896057465,0.83333333333333348,0.38524885896057465
892,0.3514944823515897,0.83333333333333348,0.41666666666666674
893,0.39884904598770976,0.8155157126543765,0.41666666666666674
894,0.41666666666666674,0.80675591240949784,0.41666666666666674
895,0.55082367848820346,0.75915701182153694,0.3424903451548702
896,0.625,0.71454410030478843,0.29787743363812186
897,0.47310492321686237,0.83333333333333348,0.26477158988352911
898,0.52840442302145607,0.73673775635478944,0.41666666666666674
899,0.625,0.65786085835618757,0.41666666666666674
900,0.68099658416361752,0.68099658416361752,0.26432991749695095
901,0.642433051907915,0.642433051907915,0.41666666666666674
902,-0.41666666666666663,0.87231546661448278,0.24731546661448273
903,-0.36603598842560797,0.88396401157439219,0.25896401157439208
904,-0.20833333333333326,0.92738642328430632,0.30238642328430626
905,-0.20833333333333326,0.88396401157439219,0.41666666666666674
906,-0.10670176032525655,0.93496490634141027,0.30996490634141016
907,0,0.94507108968812281,0.3200710896881227
908,-0.15189507678313768,0.88977158988352911,0.41666666666666674
909,0,0.90814478010784749,0.41666666666666674
910,0.10414118881314594,0.93747452214647942,0.31247452214647931
911,0.20833333333333348,0.92738642328430632,0.30238642328430615
912,0.067959123258628476,0.901292456591962,0.41666666666666674
913,0.20833333333333348,0.88396401157439208,0.41666666666666674
914,0.28564528871732259,0.91064528871732264,0.28564528871732259
915,0.41666666666666674,0.87231546661448278,0.24731546661448273
916,0.24731546661448273,0.87231546661448278,0.41666666666666674
917,0.44530216625475549,0.86196883292142223,0.23696883292142223
918,-0.20833333333333326,-0.83333333333333326,0.50437558791406489
919,0,-0.83333333333333326,0.5460655337083371
920,-0.099818496822456443,-0.83333333333333326,0.52518150317754353
921,0.20833333333333348,-0.83333333333333326,0.50437558791406489
922,0.10895964400210399,-0.83333333333333326,0.52562631066877064
923,0.26477158988352933,-0.83333333333333326,0.47310492321686259
924,-0.625,-0.625,0.46180883592651728
925,-0.44952752502285431,-0.65786085835618757,0.59213914164381243
926,-0.41666666666666663,-0.7344631866373813,0.5155368133626187
927,-0.46180883592651717,-0.625,0.625
928,-0.43668361250095866,-0.64501694583429203,0.625
929,-0.41666666666666663,-0.65786085835618757,0.625
930,-0.37848583148546355,-0.79515249815213018,0.45484750184786976
931,-0.2978774336381218,-0.71454410030478854,0.625
932,-0.20833333333333326,-0.74916362569487305,0.625
933,-0.13559013829776045,-0.76059013829776045,0.625
934,0,-0.77831761495762342,0.625
935,0.064992353774587924,-0.76834097955874536,0.625
936,0.20833333333333348,-0.74916362569487305,0.625
937,0.41666666666666674,-0.73446318663738075,0.51553681336261925
938,0.3607933423856754,-0.68087332428099134,0.625
939,0.41666666666666674,-0.65786085835618757,0.625
940,0.625,-0.625,0.46180883592651728
941,0.54808652804850111,-0.625,0.54808652804850111
942,0.46180883592651728,-0.625,0.625
943,0.64501694583429203,-0.625,0.43668361250095872
944,-0.65786085835618757,-0.44952752502285431,0.59213914164381243
945,-0.7344631866373813,-0.41666666666666663,0.5155368133626187
946,-0.65786085835618757,-0.41666666666666663,0.625
947,-0.64501694583429203,-0.43668361250095866,0.625
948,-0.625,-0.46180883592651717,0.625
949,-0.54808652804850111,-0.54808652804850111,0.625
950,0.625,-0.46180883592651717,0.625
951,0.65786085835618757,-0.59213914164381243,0.44952752502285431
952,0.73673775635478944,-0.41666666666666663,0.52840442302145607
953,0.65786085835618757,-0.41666666666666663,0.625
954,-0.83333333333333326,-0.20833333333333326,0.50437558791406489
955,-0.79515249815213018,-0.37848583148546355,0.45484750184786976
956,-0.74916362569487305,-0.20833333333333326,0.625
957,-0.71454410030478854,-0.2978774336381218,0.625
958,0.76950010709679395,-0.27216655956987268,0.56116677376346058
959,0.83333333333333348,-0.20833333333333326,0.50437558791406456
960,0.78743863009412118,-0.20833333333333326,0.5791052967607877
961,0.74916362569487305,-0.20833333333333326,0.625
962,0.68087332428099123,-0.3607933423856754,0.625
963,0.86730153082164096,-0.20833333333333326,0.45063486415497422
964,-0.83333333333333326,-0.099818496822456443,0.52518150317754353
965,-0.83333333333333326,0,0.5460655337083371
966,-0.77831761495762342,0,0.625
967,-0.76059013829776045,-0.13559013829776045,0.625
968,0.80022099474706843,-0.033112338586265,0.59188766141373494
969,0.83333333333333348,-0.099818496822456859,0.52518150317754309
970,0.83333333333333348,0,0.54606553370833666
971,0.80345294696019454,0,0.59511961362686105
972,0.7783176149576233,0,0.625
973,0.76834097955874536,-0.064992353774588035,0.625
974,0.86961785255241508,-0.17204881411425166,0.45295118588574834
975,0.88360136991733385,0,0.46693470325066705
976,-0.83333333333333326,0.10895964400210381,0.52562631066877041
977,-0.83333333333333326,0.20833333333333348,0.50437558791406478
978,-0.74916362569487283,0.20833333333333348,0.625
979,-0.76834097955874536,0.064992353774587924,0.625
980,0.79162120956125459,0.16662120956125456,0.58328787622792111
981,0.83333333333333348,0.10895964400210371,0.5256263106687703
982,0.83333333333333348,0.20833333333333348,0.50437558791406445
983,0.78743863009412118,0.20833333333333348,0.5791052967607877
984,0.74916362569487294,0.20833333333333348,0.625
985,0.76059013829776045,0.13559013829776043,0.625
986,0.88063781155875331,0.047304478225419826,0.46397114489208652
987,0.86730153082164096,0.20833333333333348,0.45063486415497417
988,-0.83333333333333326,0.26477158988352933,0.47310492321686259
989,-0.73446318663738075,0.41666666666666674,0.51553681336261925
990,-0.65786085835618757,0.41666666666666674,0.625
991,-0.68087332428099123,0.36079334238567551,0.625
992,0.75915701182153694,0.3424903451548702,0.55082367848820346
993,0.83333333333333348,0.26477158988352906,0.47310492321686232
994,0.73673775635478944,0.41666666666666674,0.52840442302145607
995,0.65786085835618757,0.41666666666666674,0.625
996,0.71454410030478843,0.29787743363812186,0.625
997,0.86196883292142223,0.23696883292142218,0.44530216625475544
998,-0.625,0.54808652804850111,0.54808652804850111
999,-0.625,0.625,0.46180883592651728
1000,-0.625,0.46180883592651728,0.625
1001,-0.46180883592651717,0.625,0.625
1002,0.57735026918962573,0.57735026918962573,0.57735026918962573
1003,0.625,0.54808652804850111,0.54808652804850111
1004,0.625,0.625,0.46180883592651728
1005,0.54808652804850111,0.625,0.54808652804850111
1006,0.46180883592651728,0.625,0.625
1007,0.54808652804850111,0.54808652804850111,0.625
1008,0.625,0.46180883592651728,0.625
1009,0.70757163649362254,0.49923830316028917,0.49923830316028917
1010,0.64501694583429203,0.625,0.43668361250095872
1011,0.64501694583429203,0.43668361250095872,0.625
1012,-0.625,0.64501694583429203,0.43668361250095872
1013,-0.59213914164381243,0.65786085835618757,0.44952752502285431
1014,-0.41666666666666663,0.73673775635478944,0.52840442302145607
1015,-0.41666666666666663,0.65786085835618757,0.625
1016,-0.27216655956987268,0.76950010709679395,0.56116677376346058
1017,-0.20833333333333326,0.78743863009412118,0.5791052967607877
1018,-0.20833333333333326,0.83333333333333348,0.50437558791406456
1019,-0.3607933423856754,0.68087332428099123,0.625
1020,-0.20833333333333326,0.74916362569487305,0.625
1021,-0.033112338586265,0.80022099474706843,0.59188766141373494
1022,0,0.80345294696019454,0.59511961362686105
1023,0,0.83333333333333348,0.54606553370833666
1024,-0.099818496822456859,0.83333333333333348,0.52518150317754309
1025,-0.064992353774588035,0.76834097955874536,0.625
1026,0,0.7783176149576233,0.625
1027,0.16662120956125456,0.79162120956125459,0.58328787622792111
1028,0.20833333333333348,0.78743863009412118,0.5791052967607877
1029,0.20833333333333348,0.83333333333333348,0.50437558791406456
1030,0.10895964400210371,0.83333333333333348,0.5256263106687703
1031,0.13559013829776043,0.76059013829776045,0.625
1032,0.20833333333333348,0.74916362569487294,0.625
1033,0.3424903451548702,0.75915701182153694,0.55082367848820346
1034,0.41666666666666674,0.73673775635478944,0.52840442302145607
1035,0.26477158988352911,0.83333333333333348,0.47310492321686237
1036,0.29787743363812186,0.71454410030478843,0.625
1037,0.41666666666666674,0.65786085835618757,0.625
1038,0.49923830316028917,0.70757163649362254,0.49923830316028917
1039,0.625,0.64501694583429203,0.43668361250095872
1040,0.43668361250095872,0.64501694583429203,0.625
1041,0.63832979332749695,0.63832979332749695,0.42999645999416369
1042,-0.20833333333333326,0.86730153082164096,0.45063486415497422
1043,-0.17204881411425166,0.86961785255241508,0.45295118588574834
1044,0,0.88360136991733385,0.46693470325066705
1045,0.047304478225419826,0.88063781155875331,0.46397114489208652
1046,0.20833333333333348,0.86730153082164096,0.45063486415497422
1047,0.23696883292142223,0.86196883292142223,0.44530216625475549
1048,-0.41666666666666663,-0.625,0.65786085835618757
1049,-0.20833333333333326,-0.625,0.74916362569487305
1050,-0.3607933423856754,-0.625,0.68087332428099123
1051,0,-0.625,0.7783176149576233
1052,-0.064992353774588035,-0.625,0.76834097955874536
1053,0.20833333333333348,-0.625,0.74916362569487294
1054,0.13559013829776043,-0.625,0.76059013829776045
1055,0.41666666666666674,-0.625,0.65786085835618757
1056,0.29787743363812186,-0.625,0.71454410030478843
1057,0.43668361250095872,-0.625,0.64501694583429203
1058,-0.625,-0.41666666666666663,0.65786085835618757
1059,-0.41666666666666663,-0.51553681336261914,0.73446318663738086
1060,-0.41666666666666663,-0.41666666666666663,0.80675591240949784
1061,-0.51553681336261914,-0.41666666666666663,0.73446318663738086
1062,-0.35149448235158953,-0.41666666666666663,0.83333333333333348
1063,-0.26477158988352895,-0.47310492321686232,0.83333333333333348
1064,-0.20833333333333326,-0.50437558791406456,0.83333333333333348
1065,-0.1089596440021036,-0.5256263106687703,0.83333333333333348
1066,0,-0.54606553370833666,0.83333333333333348
1067,0.099818496822456956,-0.52518150317754309,0.83333333333333348
1068,0.20833333333333348,-0.50437558791406456,0.83333333333333348
1069,0.37848583148546333,-0.45484750184787004,0.79515249815213007
1070,0.41666666666666674,-0.51553681336261914,0.73446318663738086
1071,0.41666666666666674,-0.41666666666666663,0.80675591240949784
1072,0.39884904598770976,-0.41666666666666663,0.8155157126543765
1073,0.3514944823515897,-0.41666666666666663,0.83333333333333348
1074,0.44952752502285431,-0.59213914164381243,0.65786085835618757
1075,0.625,-0.41666666666666663,0.65786085835618757
1076,0.52840442302145607,-0.41666666666666663,0.73673775635478944
1077,0.642433051907915,-0.41666666666666663,0.642433051907915
1078,-0.625,-0.3607933423856754,0.68087332428099123
1079,-0.625,-0.20833333333333326,0.74916362569487305
1080,-0.50437558791406456,-0.20833333333333326,0.83333333333333348
1081,-0.47310492321686232,-0.26477158988352895,0.83333333333333348
1082,-0.41666666666666663,-0.35149448235158953,0.83333333333333348
1083,-0.38524885896057454,-0.38524885896057454,0.83333333333333348
1084,0.41666666666666674,-0.35149448235158953,0.83333333333333348
1085,0.56116677376346058,-0.27216655956987268,0.76950010709679395
1086,0.625,-0.3607933423856754,0.68087332428099123
1087,0.625,-0.20833333333333326,0.74916362569487305
1088,0.5791052967607877,-0.20833333333333326,0.78743863009412118
1089,0.50437558791406456,-0.20833333333333326,0.83333333333333348
1090,0.64665737083181896,-0.39500929583484767,0.64665737083181896
1091,0.6913191604357134,-0.20833333333333326,0.6913191604357134
1092,-0.625,-0.064992353774588035,0.76834097955874536
1093,-0.625,0,0.7783176149576233
1094,-0.54606553370833666,0,0.83333333333333348
1095,-0.5256263106687703,-0.1089596440021036,0.83333333333333348
1096,0.59188766141373494,-0.033112338586265,0.80022099474706843
1097,0.625,-0.064992353774588035,0.76834097955874536
1098,0.625,0,0.7783176149576233
1099,0.59511961362686105,0,0.80345294696019454
1100,0.54606553370833666,0,0.83333333333333348
1101,0.52518150317754309,-0.099818496822456859,0.83333333333333348
1102,0.69580063004299286,-0.13753270329034051,0.69580063004299286
1103,0.70710678118654746,0,0.70710678118654746
1104,-0.625,0.13559013829776043,0.76059013829776045
1105,-0.625,0.20833333333333348,0.74916362569487294
1106,-0.50437558791406456,0.20833333333333348,0.83333333333333348
1107,-0.52518150317754309,0.099818496822456956,0.83333333333333348
1108,0.58328787622792111,0.16662120956125456,0.79162120956125459
1109,0.625,0.13559013829776043,0.76059013829776045
1110,0.625,0.20833333333333348,0.74916362569487294
1111,0.5791052967607877,0.20833333333333348,0.78743863009412118
1112,0.50437558791406445,0.20833333333333348,0.83333333333333348
1113,0.5256263106687703,0.10895964400210371,0.83333333333333348
1114,0.70231195538398927,0.077311955383989231,0.70231195538398927
1115,0.6913191604357134,0.20833333333333348,0.6913191604357134
1116,-0.625,0.29787743363812186,0.71454410030478843
1117,-0.625,0.41666666666666674,0.65786085835618757
1118,-0.45484750184787004,0.37848583148546333,0.79515249815213007
1119,-0.41666666666666663,0.39884904598770976,0.8155157126543765
1120,-0.41666666666666663,0.41666666666666674,0.80675591240949784
1121,-0.51553681336261914,0.41666666666666674,0.73446318663738086
1122,-0.41666666666666663,0.3514944823515897,0.83333333333333348
1123,-0.35149448235158953,0.41666666666666674,0.83333333333333348
1124,0.40363499543513637,0.40363499543513637,0.82030166210180311
1125,0.41666666666666674,0.39884904598770976,0.8155157126543765
1126,0.41666666666666674,0.41666666666666674,0.80675591240949784
1127,0.39884904598770976,0.41666666666666674,0.8155157126543765
1128,0.35149448235158959,0.41666666666666674,0.83333333333333348
1129,0.38524885896057465,0.38524885896057465,0.83333333333333348
1130,0.41666666666666674,0.35149448235158959,0.83333333333333348
1131,0.55082367848820346,0.3424903451548702,0.75915701182153694
1132,0.625,0.29787743363812186,0.71454410030478843
1133,0.625,0.41666666666666674,0.65786085835618757
1134,0.52840442302145607,0.41666666666666674,0.73673775635478944
1135,0.47310492321686232,0.26477158988352906,0.83333333333333348
1136,0.68099658416361752,0.26432991749695095,0.68099658416361752
1137,0.642433051907915,0.41666666666666674,0.642433051907915
1138,-0.625,0.43668361250095872,0.64501694583429203
1139,-0.59213914164381243,0.44952752502285431,0.65786085835618757
1140,-0.41666666666666663,0.52840442302145607,0.73673775635478944
1141,-0.41666666666666663,0.625,0.65786085835618757
1142,-0.27216655956987268,0.56116677376346058,0.76950010709679395
1143,-0.20833333333333326,0.5791052967607877,0.78743863009412118
1144,-0.20833333333333326,0.625,0.74916362569487305
1145,-0.3607933423856754,0.625,0.68087332428099123
1146,-0.20833333333333326,0.50437558791406456,0.83333333333333348
1147,-0.033112338586264972,0.59188766141373506,0.80022099474706843
1148,0,0.59511961362686105,0.80345294696019454
1149,0,0.625,0.7783176149576233
1150,-0.064992353774588035,0.625,0.76834097955874536
1151,-0.099818496822456859,0.52518150317754309,0.83333333333333348
1152,0,0.54606553370833666,0.83333333333333348
1153,0.16662120956125456,0.58328787622792111,0.79162120956125459
1154,0.20833333333333348,0.5791052967607877,0.78743863009412118
1155,0.20833333333333348,0.625,0.74916362569487294
1156,0.13559013829776043,0.625,0.76059013829776045
1157,0.10895964400210371,0.5256263106687703,0.83333333333333348
1158,0.20833333333333348,0.50437558791406445,0.83333333333333348
1159,0.3424903451548702,0.55082367848820346,0.75915701182153694
1160,0.41666666666666674,0.52840442302145607,0.73673775635478944
1161,0.41666666666666674,0.625,0.65786085835618757
1162,0.29787743363812186,0.625,0.71454410030478843
1163,0.26477158988352906,0.47310492321686232,0.83333333333333348
1164,0.49923830316028917,0.49923830316028917,0.70757163649362254
1165,0.625,0.43668361250095872,0.64501694583429203
1166,0.43668361250095872,0.625,0.64501694583429203
1167,0.63832979332749695,0.42999645999416369,0.63832979332749695
1168,-0.41666666666666663,0.642433051907915,0.642433051907915
1169,-0.39500929583484767,0.64665737083181896,0.64665737083181896
1170,-0.20833333333333326,0.6913191604357134,0.6913191604357134
1171,-0.13753270329034051,0.69580063004299286,0.69580063004299286
1172,0,0.70710678118654746,0.70710678118654746
1173,0.077311955383989231,0.70231195538398927,0.70231195538398927
1174,0.20833333333333348,0.6913191604357134,0.6913191604357134
1175,0.26432991749695095,0.68099658416361752,0.68099658416361752
1176,0.41666666666666674,0.642433051907915,0.642433051907915
1177,0.42999645999416369,0.63832979332749695,0.63832979332749695
1178,-0.20833333333333326,-0.41666666666666663,0.88396401157439219
1179,0,-0.41666666666666663,0.90814478010784749
1180,-0.15189507678313768,-0.41666666666666663,0.88977158988352911
1181,0.20833333333333348,-0.41666666666666663,0.88396401157439219
1182,0.067959123258628545,-0.41666666666666663,0.901292456591962
1183,0.24731546661448273,-0.41666666666666663,0.87231546661448278
1184,-0.41666666666666663,-0.20833333333333326,0.88396401157439219
1185,-0.20833333333333326,-0.34284259843060616,0.90715740156939395
1186,-0.20833333333333326,-0.20833333333333326,0.95511109356749535
1187,-0.34284259843060616,-0.20833333333333326,0.90715740156939395
1188,-0.12062441208593558,-0.32895774541926892,0.9210422545807313
1189,0,-0.30770702266456318,0.94229297733543704
1190,0,-0.20833333333333326,0.97783344043012732
1191,-0.072743195035573166,-0.20833333333333326,0.96892347163109371
1192,0.094341789754324584,-0.32232487691234213,0.92767512308765809
1193,0.20833333333333348,-0.34284259843060616,0.90715740156939395
1194,0.20833333333333348,-0.20833333333333326,0.95511109356749535
1195,0.13141986138183431,-0.20833333333333326,0.96475319471516774
1196,0.25896401157439208,-0.36603598842560797,0.88396401157439219
1197,0.41666666666666674,-0.20833333333333326,0.88396401157439219
1198,0.30238642328430626,-0.20833333333333326,0.92738642328430632
1199,0.45063486415497422,-0.20833333333333326,0.86730153082164096
1200,-0.41666666666666663,-0.15189507678313768,0.88977158988352911
1201,-0.41666666666666663,0,0.90814478010784749
1202,-0.32895774541926892,-0.12062441208593558,0.9210422545807313
1203,-0.20833333333333326,-0.072743195035573166,0.96892347163109371
1204,-0.20833333333333326,0,0.97783344043012732
1205,-0.30770702266456318,0,0.94229297733543704
1206,-0.055015718375710343,-0.055015718375710343,0.98665094829095656
1207,0,-0.047516175133425598,0.99415049153324131
1208,0,0,1
1209,-0.047516175133425598,0,0.99415049153324131
1210,0.14450010709679384,-0.063833226236539586,0.97783344043012732
1211,0.20833333333333348,-0.072743195035573166,0.96892347163109371
1212,0.20833333333333348,0,0.97783344043012721
1213,0.15165032522654628,0,0.98498365855987979
1214,0.30996490634141016,-0.10670176032525655,0.93496490634141027
1215,0.41666666666666674,-0.15189507678313768,0.88977158988352911
1216,0.41666666666666674,0,0.90814478010784749
1217,0.32007108968812265,0,0.94507108968812281
1218,0.45295118588574834,-0.17204881411425166,0.86961785255241508
1219,0.46693470325066705,0,0.88360136991733385
1220,-0.41666666666666663,0.067959123258628545,0.901292456591962
1221,-0.41666666666666663,0.20833333333333348,0.88396401157439219
1222,-0.32232487691234213,0.094341789754324584,0.92767512308765809
1223,-0.20833333333333326,0.13141986138183431,0.96475319471516774
1224,-0.20833333333333326,0.20833333333333348,0.95511109356749535
1225,-0.34284259843060616,0.20833333333333348,0.90715740156939395
1226,-0.063833226236539586,0.14450010709679384,0.97783344043012732
1227,0,0.15165032522654628,0.98498365855987979
1228,0,0.20833333333333348,0.97783344043012721
1229,-0.072743195035573166,0.20833333333333348,0.96892347163109371
1230,0.1393356427682822,0.1393356427682822,0.97266897610161562
1231,0.20833333333333348,0.13141986138183426,0.96475319471516774
1232,0.20833333333333348,0.20833333333333348,0.95511109356749535
1233,0.13141986138183426,0.20833333333333348,0.96475319471516774
1234,0.31247452214647931,0.10414118881314589,0.93747452214647942
1235,0.41666666666666674,0.067959123258628476,0.901292456591962
1236,0.41666666666666674,0.20833333333333348,0.88396401157439197
1237,0.30238642328430615,0.20833333333333348,0.92738642328430632
1238,0.46397114489208652,0.047304478225419826,0.88063781155875331
1239,0.45063486415497417,0.20833333333333348,0.86730153082164096
1240,-0.41666666666666663,0.24731546661448273,0.87231546661448278
1241,-0.36603598842560797,0.25896401157439208,0.88396401157439219
1242,-0.20833333333333326,0.30238642328430626,0.92738642328430632
1243,-0.20833333333333326,0.41666666666666674,0.88396401157439219
1244,-0.10670176032525655,0.30996490634141016,0.93496490634141027
1245,0,0.32007108968812265,0.94507108968812281
1246,0,0.41666666666666674,0.90814478010784749
1247,-0.15189507678313768,0.41666666666666674,0.88977158988352911
1248,0.10414118881314589,0.31247452214647931,0.93747452214647942
1249,0.20833333333333348,0.30238642328430615,0.92738642328430632
1250,0.20833333333333348,0.41666666666666674,0.88396401157439197
1251,0.067959123258628476,0.41666666666666674,0.901292456591962
1252,0.28564528871732259,0.28564528871732259,0.91064528871732264
1253,0.41666666666666674,0.24731546661448264,0.87231546661448267
1254,0.24731546661448264,0.41666666666666674,0.87231546661448267
1255,0.44530216625475544,0.23696883292142218,0.86196883292142223
1256,-0.20833333333333326,0.45063486415497422,0.86730153082164096
1257,-0.17204881411425166,0.45295118588574834,0.86961785255241508
1258,0,0.46693470325066705,0.88360136991733385
1259,0.047304478225419826,0.46397114489208652,0.88063781155875331
1260,0.20833333333333348,0.45063486415497417,0.86730153082164096
1261,0.23696883292142218,0.44530216625475544,0.86196883292142223
