id,a,b,c
0,0,2,1
1,0,3,2
2,4,5,3
3,4,3,0
4,4,0,6
5,6,0,7
6,7,1,8
7,7,0,1
8,9,11,10
9,9,12,11
10,1,2,12
11,1,12,9
12,1,9,8
13,8,9,13
14,13,10,14
15,13,9,10
16,15,17,16
17,15,18,17
18,10,11,18
19,10,18,15
20,10,15,14
21,14,15,19
22,19,16,20
23,19,15,16
24,21,23,22
25,21,24,23
26,16,17,24
27,16,24,21
28,16,21,20
29,20,21,25
30,25,22,26
31,25,21,22
32,27,29,28
33,27,30,29
34,31,32,30
35,31,30,27
36,31,27,5
37,5,27,3
38,3,28,2
39,3,27,28
40,33,35,34
41,33,36,35
42,28,29,36
43,28,36,33
44,28,33,2
45,2,33,12
46,12,34,11
47,12,33,34
48,37,39,38
49,37,40,39
50,34,35,40
51,34,40,37
52,34,37,11
53,11,37,18
54,18,38,17
55,18,37,38
56,41,43,42
57,41,44,43
58,38,39,44
59,38,44,41
60,38,41,17
61,17,41,24
62,24,42,23
63,24,41,42
64,45,47,46
65,45,48,47
66,49,50,48
67,49,48,45
68,49,45,32
69,32,45,30
70,30,46,29
71,30,45,46
72,51,53,52
73,51,54,53
74,46,47,54
75,46,54,51
76,46,51,29
77,29,51,36
78,36,52,35
79,36,51,52
80,55,57,56
81,55,58,57
82,52,53,58
83,52,58,55
84,52,55,35
85,35,55,40
86,40,56,39
87,40,55,56
88,59,61,60
89,59,62,61
90,56,57,62
91,56,62,59
92,56,59,39
93,39,59,44
94,44,60,43
95,44,59,60
96,63,65,64
97,63,66,65
98,67,68,66
99,67,66,63
100,67,63,50
101,50,63,48
102,48,64,47
103,48,63,64
104,69,71,70
105,69,72,71
106,64,65,72
107,64,72,69
108,64,69,47
109,47,69,54
110,54,70,53
111,54,69,70
112,73,75,74
113,73,76,75
114,70,71,76
115,70,76,73
116,70,73,53
117,53,73,58
118,58,74,57
119,58,73,74
120,77,79,78
121,77,80,79
122,74,75,80
123,74,80,77
124,74,77,57
125,57,77,62
126,62,78,61
127,62,77,78
128,81,82,83
129,81,83,84
130,85,81,84
131,85,84,86
132,85,87,81
133,87,88,81
134,88,82,81
135,88,89,82
136,90,91,92
137,90,92,93
138,82,90,93
139,82,93,83
140,82,89,90
141,89,94,90
142,94,91,90
143,94,95,91
144,96,97,98
145,96,98,99
146,91,96,99
147,91,99,92
148,91,95,96
149,95,100,96
150,100,97,96
151,100,101,97
152,102,103,104
153,102,104,105
154,97,102,105
155,97,105,98
156,97,101,102
157,101,106,102
158,106,103,102
159,106,107,103
160,108,109,110
161,108,110,111
162,112,108,111
163,112,111,113
164,112,86,108
165,86,84,108
166,84,109,108
167,84,83,109
168,114,115,116
169,114,116,117
170,109,114,117
171,109,117,110
172,109,83,114
173,83,93,114
174,93,115,114
175,93,92,115
176,118,119,120
177,118,120,121
178,115,118,121
179,115,121,116
180,115,92,118
181,92,99,118
182,99,119,118
183,99,98,119
184,122,123,124
185,122,124,125
186,119,122,125
187,119,125,120
188,119,98,122
189,98,105,122
190,105,123,122
191,105,104,123
192,126,127,128
193,126,128,129
194,130,126,129
195,130,129,131
196,130,113,126
197,113,111,126
198,111,127,126
199,111,110,127
200,132,133,134
201,132,134,135
202,127,132,135
203,127,135,128
204,127,110,132
205,110,117,132
206,117,133,132
207,117,116,133
208,136,137,138
209,136,138,139
210,133,136,139
211,133,139,134
212,133,116,136
213,116,121,136
214,121,137,136
215,121,120,137
216,140,141,142
217,140,142,143
218,137,140,143
219,137,143,138
220,137,120,140
221,120,125,140
222,125,141,140
223,125,124,141
224,144,145,146
225,144,146,147
226,148,144,147
227,148,147,149
228,148,131,144
229,131,129,144
230,129,145,144
231,129,128,145
232,150,151,152
233,150,152,153
234,145,150,153
235,145,153,146
236,145,128,150
237,128,135,150
238,135,151,150
239,135,134,151
240,154,155,156
241,154,156,157
242,151,154,157
243,151,157,152
244,151,134,154
245,134,139,154
246,139,155,154
247,139,138,155
248,158,159,160
249,158,160,161
250,155,158,161
251,155,161,156
252,155,138,158
253,138,143,158
254,143,159,158
255,143,142,159
