N,i,center,point,box
16,0,0.03125,0.14644660940672627,0.3938967046054031
16,1,0.09375,0.85355339059327384,0.60610329539459695
16,2,0.15625,0.85355339059327329,0.60610329539459673
16,3,0.21875,0.14644660940672632,0.3938967046054031
16,4,0.28125,0.14644660940672682,0.39389670460540327
16,5,0.34375,0.85355339059327373,0.60610329539459695
16,6,0.40625,0.85355339059327306,0.60610329539459673
16,7,0.46875,0.14644660940672605,0.39389670460540305
16,8,0.53125,0.1464466094067271,0.39389670460540338
16,9,0.59375,0.85355339059327529,0.6061032953945974
16,10,0.65625,0.85355339059327395,0.60610329539459695
16,11,0.71875,0.14644660940672583,0.39389670460540299
16,12,0.78125,0.14644660940672738,0.39389670460540344
16,13,0.84375,0.85355339059327551,0.6061032953945974
16,14,0.90625,0.85355339059327129,0.60610329539459618
16,15,0.96875,0.14644660940672305,0.39389670460540216
32,0,0.015625,0.69134171618254492,0.65005271935951769
32,1,0.046875,0.038060233744356575,0.13774068985128848
32,2,0.078125,0.96193976625564326,0.86225931014871138
32,3,0.109375,0.30865828381745508,0.34994728064048225
32,4,0.140625,0.30865828381745475,0.34994728064048203
32,5,0.171875,0.96193976625564337,0.86225931014871149
32,6,0.203125,0.038060233744356797,0.13774068985128865
32,7,0.234375,0.69134171618254481,0.65005271935951758
32,8,0.265625,0.69134171618254547,0.65005271935951814
32,9,0.296875,0.038060233744356187,0.13774068985128818
32,10,0.328125,0.96193976625564348,0.86225931014871149
32,11,0.359375,0.30865828381745541,0.34994728064048253
32,12,0.390625,0.30865828381745442,0.34994728064048175
32,13,0.421875,0.96193976625564392,0.86225931014871182
32,14,0.453125,0.038060233744357297,0.13774068985128904
32,15,0.484375,0.69134171618254281,0.65005271935951603
32,16,0.515625,0.69134171618254414,0.65005271935951714
32,17,0.546875,0.038060233744356742,0.13774068985128859
32,18,0.578125,0.96193976625564326,0.86225931014871149
32,19,0.609375,0.30865828381745575,0.34994728064048281
32,20,0.640625,0.30865828381745403,0.34994728064048147
32,21,0.671875,0.96193976625564404,0.86225931014871204
32,22,0.703125,0.038060233744357463,0.13774068985128918
32,23,0.734375,0.69134171618254248,0.65005271935951581
32,24,0.765625,0.69134171618254447,0.65005271935951736
32,25,0.796875,0.038060233744356575,0.13774068985128848
32,26,0.828125,0.96193976625564315,0.86225931014871127
32,27,0.859375,0.30865828381745936,0.34994728064048564
32,28,0.890625,0.30865828381745369,0.3499472806404812
32,29,0.921875,0.96193976625564281,0.86225931014871104
32,30,0.953125,0.038060233744357574,0.13774068985128926
32,31,0.984375,0.69134171618254536,0.65005271935951814
64,0,0.0078125,0.91573480615127267,0.89210665178826853
64,1,0.0234375,0.4024548389919359,0.40799878693076685
64,2,0.0390625,0.0096073597983847847,0.037478668213559226
64,3,0.0546875,0.22221488349019891,0.23800271148901792
64,4,0.0703125,0.77778511650980087,0.76199728851098192
64,5,0.0859375,0.99039264020161522,0.96252133178644073
64,6,0.1015625,0.59754516100806443,0.59200121306923348
64,7,0.1171875,0.084265193848727438,0.10789334821173151
64,8,0.1328125,0.084265193848727216,0.1078933482117313
64,9,0.1484375,0.59754516100806354,0.5920012130692327
64,10,0.1640625,0.99039264020161522,0.96252133178644073
64,11,0.1796875,0.77778511650980131,0.76199728851098225
64,12,0.1953125,0.22221488349019924,0.23800271148901822
64,13,0.2109375,0.0096073597983846737,0.037478668213559121
64,14,0.2265625,0.40245483899193502,0.40799878693076597
64,15,0.2421875,0.91573480615127201,0.89210665178826798
64,16,0.2578125,0.91573480615127245,0.89210665178826831
64,17,0.2734375,0.40245483899193568,0.40799878693076663
64,18,0.2890625,0.0096073597983847847,0.037478668213559226
64,19,0.3046875,0.22221488349019858,0.23800271148901758
64,20,0.3203125,0.77778511650980064,0.7619972885109817
64,21,0.3359375,0.99039264020161544,0.96252133178644095
64,22,0.3515625,0.59754516100806521,0.59200121306923414
64,23,0.3671875,0.084265193848728104,0.10789334821173213
64,24,0.3828125,0.084265193848727493,0.10789334821173155
64,25,0.3984375,0.5975451610080641,0.59200121306923315
64,26,0.4140625,0.99039264020161522,0.96252133178644073
64,27,0.4296875,0.77778511650980309,0.76199728851098392
64,28,0.4453125,0.22221488349019952,0.2380027114890185
64,29,0.4609375,0.0096073597983849512,0.037478668213559385
64,30,0.4765625,0.40245483899193463,0.40799878693076563
64,31,0.4921875,0.91573480615127278,0.89210665178826876
64,32,0.5078125,0.91573480615127356,0.89210665178826942
64,33,0.5234375,0.40245483899193607,0.40799878693076697
64,34,0.5390625,0.0096073597983852288,0.037478668213559642
64,35,0.5546875,0.2222148834901983,0.23800271148901733
64,36,0.5703125,0.77778511650980175,0.76199728851098281
64,37,0.5859375,0.99039264020161544,0.96252133178644095
64,38,0.6015625,0.59754516100806376,0.59200121306923292
64,39,0.6171875,0.084265193848728326,0.10789334821173234
64,40,0.6328125,0.084265193848727327,0.1078933482117314
64,41,0.6484375,0.59754516100806199,0.59200121306923115
64,42,0.6640625,0.9903926402016151,0.96252133178644073
64,43,0.6796875,0.77778511650980331,0.76199728851098414
64,44,0.6953125,0.22221488349019985,0.2380027114890188
64,45,0.7109375,0.0096073597983848402,0.037478668213559274
64,46,0.7265625,0.40245483899193429,0.4079987869307653
64,47,0.7421875,0.91573480615127256,0.89210665178826853
64,48,0.7578125,0.91573480615127378,0.89210665178826964
64,49,0.7734375,0.40245483899193646,0.40799878693076735
64,50,0.7890625,0.0096073597983852843,0.037478668213559697
64,51,0.8046875,0.22221488349019802,0.23800271148901708
64,52,0.8203125,0.77778511650980153,0.76199728851098247
64,53,0.8359375,0.99039264020161555,0.96252133178644106
64,54,0.8515625,0.59754516100806421,0.59200121306923326
64,55,0.8671875,0.084265193848728492,0.10789334821173249
64,56,0.8828125,0.084265193848725106,0.1078933482117293
64,57,0.8984375,0.5975451610080651,0.59200121306923414
64,58,0.9140625,0.99039264020161499,0.96252133178644061
64,59,0.9296875,0.77778511650980364,0.76199728851098447
64,60,0.9453125,0.22221488349019719,0.23800271148901628
64,61,0.9609375,0.0096073597983847847,0.037478668213559226
64,62,0.9765625,0.40245483899193391,0.40799878693076497
64,63,0.9921875,0.91573480615127045,0.89210665178826642
