interleaved,permuted,pair,position,mode,cpu_ms
0,0,0,0,scan,0.096250000000000002
0,0,0,1,queue,0.10329099999999999
0,0,1,0,queue,0.097416000000000003
0,0,1,1,scan,0.095958000000000002
0,0,2,0,scan,0.096583000000000002
0,0,2,1,queue,0.097208000000000003
0,0,3,0,queue,0.099916000000000005
0,0,3,1,scan,0.094708000000000001
0,0,4,0,scan,0.10216600000000001
0,0,4,1,queue,0.098584000000000005
0,0,5,0,queue,0.114084
0,0,5,1,scan,0.1205
0,0,6,0,scan,0.21137500000000001
0,0,6,1,queue,0.094041
0,0,7,0,queue,0.092332999999999998
0,0,7,1,scan,0.091791999999999999
0,0,8,0,scan,0.092416999999999999
0,0,8,1,queue,0.091999999999999998
0,0,9,0,queue,0.091916999999999999
0,0,9,1,scan,0.091124999999999998
0,0,10,0,scan,0.090916999999999998
0,0,10,1,queue,0.092208999999999999
0,0,11,0,queue,0.091749999999999998
0,0,11,1,scan,0.091291999999999998
0,0,12,0,scan,0.090999999999999998
0,0,12,1,queue,0.092707999999999999
0,0,13,0,queue,0.092459
0,0,13,1,scan,0.090832999999999997
0,0,14,0,scan,0.091916999999999999
0,0,14,1,queue,0.092709
0,0,15,0,queue,0.092457999999999999
0,0,15,1,scan,0.090541999999999997
0,0,16,0,scan,0.088999999999999996
0,0,16,1,queue,0.092041999999999999
0,0,17,0,queue,0.091749999999999998
0,0,17,1,scan,0.091708999999999999
0,0,18,0,scan,0.094791
0,0,18,1,queue,0.094417000000000001
0,0,19,0,queue,0.094084000000000001
0,0,19,1,scan,0.091624999999999998
0,0,20,0,scan,0.095125000000000001
0,0,20,1,queue,0.094291
0,0,21,0,queue,0.093584000000000001
0,0,21,1,scan,0.092999999999999999
0,0,22,0,scan,0.091249999999999998
0,0,22,1,queue,0.091208999999999998
0,0,23,0,queue,0.091208999999999998
0,0,23,1,scan,0.091666999999999998
0,0,24,0,scan,0.091708999999999999
0,0,24,1,queue,0.092124999999999999
0,0,25,0,queue,0.092249999999999999
0,0,25,1,scan,0.092083999999999999
0,0,26,0,scan,0.091374999999999998
0,0,26,1,queue,0.090791999999999998
0,0,27,0,queue,0.089832999999999996
0,0,27,1,scan,0.091707999999999998
0,0,28,0,scan,0.091582999999999998
0,0,28,1,queue,0.091249999999999998
0,0,29,0,queue,0.089833999999999997
0,0,29,1,scan,0.091583999999999999
0,1,0,0,scan,0.092665999999999998
0,1,0,1,queue,0.092041999999999999
0,1,1,0,queue,0.093042
0,1,1,1,scan,0.097666000000000003
0,1,2,0,scan,0.096833000000000002
0,1,2,1,queue,0.097375000000000003
0,1,3,0,queue,0.097250000000000003
0,1,3,1,scan,0.096500000000000002
0,1,4,0,scan,0.096542000000000003
0,1,4,1,queue,0.097084000000000004
0,1,5,0,queue,0.097458000000000003
0,1,5,1,scan,0.096542000000000003
0,1,6,0,scan,0.097292000000000003
0,1,6,1,queue,0.097209000000000004
0,1,7,0,queue,0.097000000000000003
0,1,7,1,scan,0.10316599999999999
0,1,8,0,scan,0.11891699999999999
0,1,8,1,queue,0.10062500000000001
0,1,9,0,queue,0.097250000000000003
0,1,9,1,scan,0.107542
0,1,10,0,scan,0.1045
0,1,10,1,queue,0.097417000000000004
0,1,11,0,queue,0.096375000000000002
0,1,11,1,scan,0.096334000000000003
0,1,12,0,scan,0.096916000000000002
0,1,12,1,queue,0.097375000000000003
0,1,13,0,queue,0.096916000000000002
0,1,13,1,scan,0.096292000000000003
0,1,14,0,scan,0.12620799999999999
0,1,14,1,queue,0.1095
0,1,15,0,queue,0.10070800000000001
0,1,15,1,scan,0.109
0,1,16,0,scan,0.108458
0,1,16,1,queue,0.141292
0,1,17,0,queue,0.100041
0,1,17,1,scan,0.096542000000000003
0,1,18,0,scan,0.096500000000000002
0,1,18,1,queue,0.096583000000000002
0,1,19,0,queue,0.096833000000000002
0,1,19,1,scan,0.095958000000000002
0,1,20,0,scan,0.097458000000000003
0,1,20,1,queue,0.097000000000000003
0,1,21,0,queue,0.096042000000000002
0,1,21,1,scan,0.095792000000000002
0,1,22,0,scan,0.096125000000000002
0,1,22,1,queue,0.096333000000000002
0,1,23,0,queue,0.094042000000000001
0,1,23,1,scan,0.093375
0,1,24,0,scan,0.094125
0,1,24,1,queue,0.094125
0,1,25,0,queue,0.094125
0,1,25,1,scan,0.093875
0,1,26,0,scan,0.093667
0,1,26,1,queue,0.093958
0,1,27,0,queue,0.094209000000000001
0,1,27,1,scan,0.094
0,1,28,0,scan,0.094042000000000001
0,1,28,1,queue,0.095292000000000002
0,1,29,0,queue,0.093584000000000001
0,1,29,1,scan,0.092457999999999999
1,0,0,0,scan,0.089040999999999995
1,0,0,1,queue,0.094292000000000001
1,0,1,0,queue,0.094458
1,0,1,1,scan,0.087666999999999995
1,0,2,0,scan,0.087166999999999994
1,0,2,1,queue,0.092584
1,0,3,0,queue,0.096959000000000004
1,0,3,1,scan,0.086208999999999994
1,0,4,0,scan,0.085708999999999994
1,0,4,1,queue,0.090791999999999998
1,0,5,0,queue,0.091291999999999998
1,0,5,1,scan,0.085750000000000007
1,0,6,0,scan,0.093542
1,0,6,1,queue,0.097417000000000004
1,0,7,0,queue,0.095833000000000002
1,0,7,1,scan,0.089916999999999997
1,0,8,0,scan,0.088708999999999996
1,0,8,1,queue,0.105875
1,0,9,0,queue,0.094625000000000001
1,0,9,1,scan,0.24837500000000001
1,0,10,0,scan,0.35016599999999998
1,0,10,1,queue,0.106917
1,0,11,0,queue,0.095417000000000002
1,0,11,1,scan,0.092499999999999999
1,0,12,0,scan,0.089707999999999996
1,0,12,1,queue,0.094875000000000001
1,0,13,0,queue,0.092999999999999999
1,0,13,1,scan,0.087416999999999995
1,0,14,0,scan,0.087958999999999996
1,0,14,1,queue,0.092790999999999998
1,0,15,0,queue,0.10058300000000001
1,0,15,1,scan,0.091249999999999998
1,0,16,0,scan,0.098208000000000004
1,0,16,1,queue,0.092499999999999999
1,0,17,0,queue,0.093124999999999999
1,0,17,1,scan,0.10270899999999999
1,0,18,0,scan,0.099583000000000005
1,0,18,1,queue,0.10116600000000001
1,0,19,0,queue,0.096250000000000002
1,0,19,1,scan,0.087707999999999994
1,0,20,0,scan,0.087082999999999994
1,0,20,1,queue,0.092832999999999999
1,0,21,0,queue,0.094916
1,0,21,1,scan,0.087666999999999995
1,0,22,0,scan,0.086957999999999994
1,0,22,1,queue,0.11749999999999999
1,0,23,0,queue,0.27729199999999998
1,0,23,1,scan,0.099959000000000006
1,0,24,0,scan,0.099417000000000005
1,0,24,1,queue,0.109084
1,0,25,0,queue,0.105959
1,0,25,1,scan,0.10087500000000001
1,0,26,0,scan,0.095458000000000001
1,0,26,1,queue,0.099791000000000005
1,0,27,0,queue,0.107209
1,0,27,1,scan,0.092332999999999998
1,0,28,0,scan,0.089290999999999995
1,0,28,1,queue,0.094291
1,0,29,0,queue,0.094167000000000001
1,0,29,1,scan,0.088749999999999996
1,1,0,0,scan,0.103792
1,1,0,1,queue,0.106458
1,1,1,0,queue,0.111708
1,1,1,1,scan,0.10208399999999999
1,1,2,0,scan,0.089624999999999996
1,1,2,1,queue,0.097333000000000003
1,1,3,0,queue,0.10287499999999999
1,1,3,1,scan,0.096959000000000004
1,1,4,0,scan,0.097625000000000003
1,1,4,1,queue,0.103584
1,1,5,0,queue,0.106166
1,1,5,1,scan,0.095834000000000003
1,1,6,0,scan,0.098250000000000004
1,1,6,1,queue,0.104709
1,1,7,0,queue,0.097083000000000003
1,1,7,1,scan,0.092874999999999999
1,1,8,0,scan,0.090665999999999997
1,1,8,1,queue,0.13054199999999999
1,1,9,0,queue,0.22516600000000001
1,1,9,1,scan,0.10162499999999999
1,1,10,0,scan,0.10062500000000001
1,1,10,1,queue,0.11758299999999999
1,1,11,0,queue,0.105375
1,1,11,1,scan,0.098792000000000005
1,1,12,0,scan,0.090791999999999998
1,1,12,1,queue,0.094958000000000001
1,1,13,0,queue,0.095500000000000002
1,1,13,1,scan,0.10162499999999999
1,1,14,0,scan,0.122667
1,1,14,1,queue,0.12425
1,1,15,0,queue,0.108
1,1,15,1,scan,0.088749999999999996
1,1,16,0,scan,0.090915999999999997
1,1,16,1,queue,0.096333000000000002
1,1,17,0,queue,0.096708000000000002
1,1,17,1,scan,0.090624999999999997
1,1,18,0,scan,0.090583999999999998
1,1,18,1,queue,0.097333000000000003
1,1,19,0,queue,0.096542000000000003
1,1,19,1,scan,0.091166999999999998
1,1,20,0,scan,0.090541999999999997
1,1,20,1,queue,0.095625000000000002
1,1,21,0,queue,0.092957999999999999
1,1,21,1,scan,0.094375000000000001
1,1,22,0,scan,0.088833999999999996
1,1,22,1,queue,0.094042000000000001
1,1,23,0,queue,0.093959000000000001
1,1,23,1,scan,0.087416999999999995
1,1,24,0,scan,0.088332999999999995
1,1,24,1,queue,0.091708999999999999
1,1,25,0,queue,0.092624999999999999
1,1,25,1,scan,0.086624999999999994
1,1,26,0,scan,0.087541999999999995
1,1,26,1,queue,0.0935
1,1,27,0,queue,0.091874999999999998
1,1,27,1,scan,0.086541999999999994
1,1,28,0,scan,0.088624999999999995
1,1,28,1,queue,0.092917
1,1,29,0,queue,0.093165999999999999
1,1,29,1,scan,0.087249999999999994
